LoanGuid,Product Type,Branch Channel,Loan Purpose,LoanAmount,Funded D,cycle_days
92301060003,NONCONFORMING,Wholesale,Refinance CashOut,430500.0,2023-01-31,25
92301060004,NONCONFORMING,Wholesale,Refinance CashOut,658000.0,2023-01-31,25
32301030001,FHA,Retail,Refinance CashOut,490000.0,2023-01-30,27
92301050003,FHA BOND,Wholesale,Purchase,376350.0,2023-01-31,26
92301050005,NONCONFORMING,Wholesale,Purchase,704598.0,2023-02-22,48
92301050006,2ND,Wholesale,Purchase,13650.0,2023-01-31,26
92301110000,FHA,Wholesale,Purchase,705415.0,2023-01-27,16
32301090000,NONCONFORMING,Retail,Purchase,175275.0,2023-02-10,32
92301090006,FHA,Wholesale,Purchase,585000.0,2023-03-17,29
92301130008,2ND,Wholesale,Refinance CashOut,75000.0,2023-02-24,42
92301140000,FHA,Wholesale,Purchase,467928.0,2023-02-22,39
92301200000,NONCONFORMING,Wholesale,Purchase,223935.0,2023-03-07,46
92301200008,CONFORMING,Wholesale,Refinance CashOut,552000.0,2023-04-13,83
92301170000,NONCONFORMING,Wholesale,Refinance CashOut,370000.0,2023-01-31,14
92301180000,FHA,Wholesale,Purchase,403712.0,2023-03-08,49
92301190003,FHA,Wholesale,Purchase,125910.0,2023-02-23,35
92301260004,FHA,Wholesale,Purchase,665850.0,2023-02-22,27
92301260005,2ND,Wholesale,Refinance CashOut,103000.0,2023-04-11,75
32301230003,CONFORMING,Retail,Purchase,176250.0,2023-03-01,37
92301250000,FHA,Wholesale,Refinance CashOut,255000.0,2023-02-28,34
32301250002,CONFORMING,Retail,Refinance,568200.0,2023-03-07,34
32301250004,CONFORMING,Retail,Refinance CashOut,427000.0,2023-02-27,33
92301260002,NONCONFORMING,Wholesale,Refinance CashOut,167050.0,2023-02-10,15
32301310004,CONFORMING,Retail,Refinance CashOut,283200.0,2023-03-07,35
32301310011,FHA,Retail,Refinance CashOut,385000.0,2023-04-21,80
92301270008,2ND,Wholesale,Refinance CashOut,148000.0,2023-04-11,74
92301280000,FHA,Wholesale,Purchase,447330.0,2023-03-31,31
32301300000,CONFORMING,Retail,Refinance CashOut,160000.0,2023-03-10,39
92301300001,2ND,Wholesale,Refinance CashOut,106000.0,2023-03-14,43
92301310013,FHA BOND,Wholesale,Purchase,390825.0,2023-02-23,23
92301310015,NONCONFORMING,Wholesale,Refinance CashOut,2520000.0,2023-03-28,56
92302010001,2ND,Wholesale,Purchase,14175.0,2023-02-23,23
92302010002,NONCONFORMING,Wholesale,Purchase,440000.0,2023-02-22,21
92302010003,2ND,Wholesale,Refinance CashOut,100000.0,2023-03-13,40
92302010008,NONCONFORMING,Wholesale,Purchase,237450.0,2023-03-09,36
92302010009,FHA,Wholesale,Purchase,670675.0,2023-03-10,37
32302060002,HOME EQUITY,Broker,Other,100000.0,2023-03-03,25
92302060003,2ND,Wholesale,Refinance CashOut,75000.0,2023-04-21,74
92302020004,NONCONFORMING,Wholesale,Purchase,441000.0,2023-02-27,25
32302030002,HELOC,Broker,Refinance CashOut,139000.0,2023-03-15,40
92302030007,CONFORMING,Wholesale,Purchase,432000.0,2023-02-24,21
92302030012,FHA,Wholesale,Purchase,342575.0,2023-03-21,46
92302090002,NONCONFORMING,Wholesale,Refinance CashOut,245700.0,2023-02-27,18
92302090003,NONCONFORMING,Wholesale,Refinance CashOut,220000.0,2023-03-31,50
92302060008,FHA,Wholesale,Refinance CashOut,375000.0,2023-03-20,42
82511534,FHA,Wholesale,Purchase,,2025-12-23,28
82511536,NONCONFORMING,Wholesale,Purchase,,2025-12-19,24
82508219,NONCONFORMING,Wholesale,Purchase,1600125.0,2025-08-27,16
82508220,NONCONFORMING,Wholesale,Purchase,604178.0,2025-10-07,57
82508221,NONCONFORMING,Wholesale,Purchase,185500.0,2025-08-25,14
82508224,NONCONFORMING,Wholesale,Purchase,176850.0,2025-09-09,29
82508226,NONCONFORMING,Wholesale,Purchase,300000.0,2025-09-02,22
82508227,NONCONFORMING,Wholesale,Refinance CashOut,415000.0,2025-08-29,18
82508228,FHA,Wholesale,Refinance,430500.0,2025-09-02,22
82508229,NONCONFORMING,Wholesale,Refinance CashOut,225000.0,2025-09-09,29
82508230,NONCONFORMING,Wholesale,Refinance CashOut,200000.0,2025-09-12,32
82508231,NONCONFORMING,Wholesale,Purchase,1104000.0,2025-09-02,22
82508232,2ND,Wholesale,Refinance CashOut,200000.0,2025-09-10,30
82508233,NONCONFORMING,Wholesale,Refinance CashOut,344500.0,2025-09-11,31
82508234,NONCONFORMING,Wholesale,Purchase,525000.0,2025-09-05,25
82508238,NONCONFORMING,Wholesale,Purchase,364000.0,2025-08-29,17
62508239,NONCONFORMING,Retail,Refinance,224000.0,2025-09-19,37
82508243,FHA,Wholesale,Refinance CashOut,600000.0,2025-09-17,36
82508247,NONCONFORMING,Wholesale,Purchase,276000.0,2025-09-17,36
82508248,CONFORMING,Wholesale,Purchase,431900.0,2025-09-16,35
82508249,NONCONFORMING,Wholesale,Refinance,945000.0,2025-10-08,57
82508252,NONCONFORMING,Wholesale,Refinance,1600000.0,2025-08-28,16
82508253,FHA,Wholesale,Purchase,400000.0,2025-10-31,80
82508255,FHA BOND,Wholesale,Purchase,270197.0,2025-12-23,133
82508257,FHA,Wholesale,Purchase,363805.0,2025-08-29,17
82508258,NONCONFORMING,Wholesale,Purchase,1243593.0,2025-09-03,22
92306033,FHA,Wholesale,Refinance CashOut,580000.0,2023-07-17,40
82306034,2ND,Wholesale,Purchase,13475.0,2023-06-30,25
82306035,FHA,Wholesale,Purchase,541355.0,2023-08-10,64
82306036,FHA,Wholesale,Purchase,781200.0,2023-08-17,71
92306037,CONFORMING,Wholesale,Purchase,340000.0,2023-06-29,21
82306042,NONCONFORMING,Wholesale,Purchase,290000.0,2023-07-10,32
82306018,FHA BOND,Wholesale,Purchase,371525.0,2023-06-30,25
92306019,NONCONFORMING,Wholesale,Purchase,800000.0,2023-07-12,37
82306021,NONCONFORMING,Wholesale,Purchase,283500.0,2023-07-17,41
82306025,FHA,Wholesale,Purchase,299150.0,2023-06-21,15
92306026,FHA,Wholesale,Purchase,443900.0,2023-07-06,30
92306028,FHA,Wholesale,Purchase,909512.0,2023-11-13,32
82306045,FHA,Wholesale,Refinance CashOut,420000.0,2023-07-27,49
82306074,NONCONFORMING,Wholesale,Refinance CashOut,2100000.0,2023-07-19,34
82306080,CONVENTIONAL BOND STD MI,Wholesale,Purchase,562600.0,2023-07-24,39
92306051,FHA,Wholesale,Refinance CashOut,300000.0,2023-08-18,70
82306056,2ND,Wholesale,Refinance CashOut,150000.0,2023-07-21,39
82306057,NONCONFORMING,Wholesale,Purchase,386250.0,2023-06-30,18
92306060,FHA,Wholesale,Purchase,339680.0,2023-07-18,35
92306062,CONFORMING,Wholesale,Refinance,315000.0,2023-07-17,34
92306067,VA,Wholesale,Purchase,338000.0,2023-06-30,16
92306104,FHA,Wholesale,Purchase,293986.0,2023-07-24,34
92306107,CONFORMING,Wholesale,Purchase,481500.0,2023-09-21,93
82306109,FHA,Wholesale,Refinance CashOut,175000.0,2023-07-18,28
92306113,FHA,Wholesale,Purchase,347400.0,2023-07-25,35
82306083,2ND,Wholesale,Purchase,11252.0,2023-07-24,39
82306087,2ND,Wholesale,Purchase,17400.0,2023-07-24,39
92306089,CONFORMING,Wholesale,Purchase,344000.0,2023-06-26,10
92306090,FHA BOND,Wholesale,Purchase,330995.0,2023-07-21,35
82306092,FHA BOND,Wholesale,Purchase,434250.0,2023-07-26,40
92306094,2ND,Wholesale,Purchase,12005.0,2023-07-21,35
82306096,2ND,Wholesale,Purchase,15750.0,2023-07-26,40
82306101,NONCONFORMING,Wholesale,Refinance CashOut,2617500.0,2023-08-16,58
52306136,NONCONFORMING,Wholesale,Refinance,270000.0,2023-07-20,27
82306117,NONCONFORMING,Wholesale,Purchase,391000.0,2023-08-07,48
92306120,CONFORMING,Wholesale,Purchase,139500.0,2023-07-18,28
52306131,2ND,Wholesale,Refinance,105000.0,2023-07-05,13
92306156,FHA,Wholesale,Purchase,458375.0,2023-08-14,48
92306142,NONCONFORMING,Wholesale,Purchase,319507.0,2023-12-15,172
82306150,CONFORMING,Wholesale,Purchase,208000.0,2023-07-31,34
82306151,FHA,Wholesale,Purchase,495045.0,2023-07-27,30
82306152,NONCONFORMING,Wholesale,Purchase,1860000.0,2023-07-19,22
82306153,NONCONFORMING,Wholesale,Refinance CashOut,300000.0,2023-07-31,34
92306170,NONCONFORMING,Wholesale,Refinance CashOut,172200.0,2023-07-28,29
82306171,FHA BOND,Wholesale,Purchase,605537.0,2023-07-31,32
52306172,NONCONFORMING,Wholesale,Refinance,350000.0,2023-07-10,10
82306173,CONFORMING,Wholesale,Purchase,369600.0,2023-07-20,20
82306174,2ND,Wholesale,Purchase,21962.0,2023-07-31,32
92307000,FHA,Wholesale,Purchase,225900.0,2023-07-21,18
82307001,FHA,Wholesale,Refinance CashOut,450000.0,2023-07-31,28
92307004,CONVENTIONAL BOND STD MI,Wholesale,Purchase,446200.0,2023-07-31,27
92307005,FHA BOND,Wholesale,Purchase,441005.0,2023-07-17,12
92307006,2ND,Wholesale,Purchase,13800.0,2023-07-31,27
82307008,CONFORMING,Wholesale,Purchase,428000.0,2023-07-28,23
92307009,2ND,Wholesale,Purchase,22850.0,2023-07-17,12
32307039,FHA,Retail,Purchase,386000.0,2023-08-25,25
82307015,2ND,Wholesale,Refinance CashOut,101007.0,2023-08-29,54
82307019,CONFORMING,Wholesale,Refinance CashOut,396500.0,2023-09-20,76
92307021,FHA BOND,Wholesale,Purchase,360910.0,2023-08-17,42
92307023,CONFORMING,Wholesale,Purchase,509600.0,2023-07-28,22
92307025,2ND,Wholesale,Purchase,13090.0,2023-08-17,42
92307027,FHA,Wholesale,Purchase,586000.0,2023-07-31,24
92307028,CONFORMING,Wholesale,Purchase,726000.0,2023-07-31,24
82307029,NONCONFORMING,Wholesale,Purchase,2780000.0,2023-07-28,21
82307030,NONCONFORMING,Wholesale,Purchase,601800.0,2023-07-31,24
82307033,FHA,Wholesale,Purchase,498374.0,2023-07-19,9
82307036,FHA,Wholesale,Purchase,394250.0,2023-07-28,18
92307062,CONFORMING,Wholesale,Purchase,465600.0,2023-08-18,36
92307072,NONCONFORMING,Wholesale,Purchase,588000.0,2023-09-11,59
82511384,NONCONFORMING,Wholesale,Refinance,,2025-12-22,34
82511574,NONCONFORMING,Wholesale,Refinance CashOut,,2025-12-29,33
82512068,NONCONFORMING,Wholesale,Refinance CashOut,,2025-12-31,29
82512078,2ND,Wholesale,Purchase,,2025-12-26,24
82512080,NONCONFORMING,Wholesale,Purchase,,2025-12-22,19
82508259,2ND,Wholesale,Purchase,9800.0,2025-12-23,133
82508261,NONCONFORMING,Wholesale,Refinance CashOut,225000.0,2025-09-08,27
82508262,CONFORMING,Wholesale,Purchase,456000.0,2025-08-29,17
82508266,NONCONFORMING,Wholesale,Purchase,932000.0,2025-09-04,23
62508267,NONCONFORMING,Retail,Purchase,508000.0,2025-09-11,29
82508268,NONCONFORMING,Wholesale,Purchase,608000.0,2025-08-29,16
62508271,CONFORMING,Retail,Refinance CashOut,250000.0,2025-09-25,43
82508276,NONCONFORMING,Wholesale,Purchase,180000.0,2025-09-12,30
82508277,NONCONFORMING,Wholesale,Purchase,231750.0,2025-09-19,37
82508281,NONCONFORMING,Wholesale,Purchase,339500.0,2025-09-05,23
82508282,FHA BOND,Wholesale,Purchase,361875.0,2025-09-03,21
82508283,ZERO INTEREST PROGRAM,Wholesale,Purchase,13125.0,2025-09-03,21
82508284,NONCONFORMING,Wholesale,Purchase,332000.0,2025-09-09,27
82508286,NONCONFORMING,Wholesale,Refinance CashOut,1237500.0,2025-09-17,35
82508289,NONCONFORMING,Wholesale,Purchase,264000.0,2025-09-19,37
82508290,NONCONFORMING,Wholesale,Refinance CashOut,787500.0,2025-09-12,30
82508293,NONCONFORMING,Wholesale,Purchase,344000.0,2025-09-22,40
82508294,CONFORMING,Wholesale,Purchase,298775.0,2025-09-11,29
82508295,CONFORMING,Wholesale,Purchase,228000.0,2025-08-29,16
82309087,NONCONFORMING,Wholesale,Purchase,1350000.0,2023-10-17,35
82309098,2ND,Wholesale,Refinance CashOut,125000.0,2023-11-13,61
82309101,NONCONFORMING,Wholesale,Purchase,608000.0,2023-09-29,16
82309135,2ND,Wholesale,Refinance CashOut,140000.0,2023-10-10,25
82309136,NONCONFORMING,Wholesale,Purchase,177000.0,2023-10-04,19
82309137,NONCONFORMING,Wholesale,Purchase,1000000.0,2023-11-27,19
82309138,2ND,Wholesale,Purchase,200000.0,2023-09-29,14
92309139,FHA BOND,Wholesale,Purchase,571280.0,2023-10-26,23
82309144,NONCONFORMING,Wholesale,Refinance CashOut,300000.0,2023-10-11,23
92309145,CONFORMING,Wholesale,Purchase,446200.0,2023-10-30,42
82309115,NONCONFORMING,Wholesale,Purchase,355676.0,2023-10-04,20
82309117,2ND,Wholesale,Refinance CashOut,260000.0,2023-11-06,53
92309118,CONFORMING,Wholesale,Purchase,1000000.0,2023-10-13,29
82309119,NONCONFORMING,Wholesale,Purchase,1529540.0,2023-10-20,36
82309120,FHA,Wholesale,Purchase,100000.0,2023-10-27,43
92309121,NONCONFORMING,Wholesale,Purchase,196125.0,2023-09-29,15
92309122,2ND,Wholesale,Purchase,327500.0,2023-10-13,29
82309128,NONCONFORMING,Wholesale,Purchase,300000.0,2023-10-06,21
82309129,2ND,Wholesale,Refinance CashOut,295000.0,2023-10-23,38
82309169,NONCONFORMING,Wholesale,Refinance CashOut,528000.0,2023-10-05,15
82309171,2ND,Wholesale,Purchase,19425.0,2023-10-20,30
92309177,CONFORMING,Wholesale,Purchase,520000.0,2023-10-16,25
82309180,CONFORMING,Wholesale,Purchase,470250.0,2023-10-26,35
82309182,NONCONFORMING,Wholesale,Refinance CashOut,640000.0,2023-11-28,68
92309152,FHA,Wholesale,Purchase,282400.0,2023-10-30,41
92309157,NONCONFORMING,Wholesale,Purchase,184000.0,2023-10-18,28
32309158,CONFORMING,Retail,Purchase,500000.0,2023-10-11,21
82309160,FHA,Wholesale,Purchase,417840.0,2024-02-07,64
82309162,NONCONFORMING,Wholesale,Refinance CashOut,362000.0,2023-10-31,41
82309165,FHA BOND,Wholesale,Purchase,535575.0,2023-10-20,30
82309167,NONCONFORMING,Wholesale,Refinance CashOut,483000.0,2023-10-05,15
82309168,2ND,Wholesale,Refinance CashOut,125000.0,2023-10-10,20
52309207,2ND,Wholesale,Refinance CashOut,70000.0,2023-10-04,9
62309210,CONFORMING,Retail,Purchase,427500.0,2023-10-10,11
92309217,NONCONFORMING,Wholesale,Refinance CashOut,150000.0,2023-11-08,43
92309218,NONCONFORMING,Wholesale,Refinance CashOut,330000.0,2023-10-20,24
82309185,NONCONFORMING,Wholesale,Purchase,1199600.0,2023-10-17,25
82309187,NONCONFORMING,Wholesale,Purchase,204250.0,2023-10-02,10
92309192,NONCONFORMING,Wholesale,Purchase,558750.0,2023-10-12,20
82309221,2ND,Wholesale,Refinance CashOut,544850.0,2023-10-26,30
82309241,2ND,Wholesale,Refinance CashOut,100000.0,2023-10-24,26
82309243,NONCONFORMING,Wholesale,Purchase,400000.0,2023-11-01,34
92309256,NONCONFORMING,Wholesale,Refinance CashOut,500000.0,2023-11-30,62
52309257,2ND,Wholesale,Refinance CashOut,60000.0,2023-10-18,19
52309258,NONCONFORMING,Wholesale,Refinance CashOut,305000.0,2023-10-31,32
92309260,NONCONFORMING,Wholesale,Refinance CashOut,225000.0,2023-10-27,28
92309232,NONCONFORMING,Wholesale,Purchase,532000.0,2023-10-25,28
92309233,NONCONFORMING,Wholesale,Purchase,260000.0,2023-10-25,28
82309239,NONCONFORMING,Wholesale,Purchase,1560000.0,2023-10-31,29
82310016,NONCONFORMING,Wholesale,Refinance CashOut,300000.0,2023-10-27,24
92310017,2ND,Wholesale,Purchase,20720.0,2023-10-26,23
82310023,NONCONFORMING,Wholesale,Purchase,560250.0,2023-10-27,24
82310001,FHA,Wholesale,Purchase,188175.0,2023-11-06,35
92310002,CONFORMING,Wholesale,Purchase,1022000.0,2023-10-27,25
82310003,NONCONFORMING,Wholesale,Refinance CashOut,203000.0,2023-11-07,36
92310009,FHA,Wholesale,Purchase,450172.0,2023-10-30,27
92310013,NONCONFORMING,Wholesale,Purchase,286900.0,2023-11-21,49
82310014,NONCONFORMING,Wholesale,Refinance CashOut,198750.0,2023-12-18,76
82310051,NONCONFORMING,Wholesale,Purchase,467223.0,2024-01-30,116
82310061,NONCONFORMING,Wholesale,Refinance,2500000.0,2023-11-29,51
82310067,NONCONFORMING,Wholesale,Purchase,255000.0,2023-11-07,29
92310078,NONCONFORMING,Wholesale,Purchase,129500.0,2023-10-31,22
82310037,NONCONFORMING,Wholesale,Refinance CashOut,312500.0,2023-10-31,27
82310041,NONCONFORMING,Wholesale,Refinance CashOut,796000.0,2023-11-28,54
82310042,NONCONFORMING,Wholesale,Refinance CashOut,203000.0,2023-11-09,35
82310044,FHA,Wholesale,Purchase,266050.0,2023-11-09,35
92310045,FHA BOND,Wholesale,Purchase,298088.0,2023-10-26,21
92310046,2ND,Wholesale,Purchase,10811.0,2023-10-26,21
82511403,NONCONFORMING,Wholesale,Purchase,,2025-12-15,27
82512121,FHA,Wholesale,Purchase,,2025-12-30,26
82512340,NONCONFORMING,Wholesale,Purchase,,2025-12-23,12
82508300,NONCONFORMING,Wholesale,Purchase,229440.0,2025-09-05,23
82508304,2ND,Wholesale,Refinance CashOut,182000.0,2025-09-15,32
82508306,FHA,Wholesale,Purchase,583825.0,2025-08-29,15
82511385,NONCONFORMING,Wholesale,Purchase,,2025-12-10,22
82511393,NONCONFORMING,Wholesale,Refinance CashOut,,2025-12-12,24
82510526,NONCONFORMING,Wholesale,Refinance CashOut,575400.0,2025-11-18,27
82510528,CONVENTIONAL BOND STD MI,Wholesale,Purchase,465500.0,2025-11-21,30
82510530,2ND,Wholesale,Purchase,14175.0,2025-12-12,51
82510534,NONCONFORMING,Wholesale,Refinance CashOut,292000.0,2025-12-11,50
82510535,ZERO INTEREST PROGRAM,Wholesale,Purchase,9310.0,2025-11-21,30
82510536,NONCONFORMING,Wholesale,Refinance CashOut,601300.0,2025-12-02,41
82510539,NONCONFORMING,Wholesale,Refinance CashOut,432000.0,2025-12-23,62
82510541,NONCONFORMING,Wholesale,Refinance CashOut,522900.0,2025-12-02,41
82510544,CONFORMING,Wholesale,Refinance,651000.0,2025-11-24,32
82510563,FHA,Wholesale,Purchase,788405.0,2025-11-14,22
82510566,NONCONFORMING,Wholesale,Purchase,389000.0,2025-12-01,39
82510568,NONCONFORMING,Wholesale,Refinance,787500.0,2025-11-25,33
82510569,FHA,Wholesale,Refinance CashOut,450000.0,2025-12-24,62
82510548,FHA,Wholesale,Purchase,209887.0,2025-11-17,25
82510550,NONCONFORMING,Wholesale,Purchase,1396000.0,2025-11-19,27
82510552,NONCONFORMING,Wholesale,Purchase,668000.0,2025-11-14,22
82509449,NONCONFORMING,Wholesale,Refinance CashOut,700000.0,2025-10-17,30
82509451,NONCONFORMING,Wholesale,Refinance CashOut,785000.0,2025-10-23,36
82509453,NONCONFORMING,Wholesale,Purchase,450000.0,2025-09-30,13
82509454,NONCONFORMING,Wholesale,Refinance CashOut,390000.0,2025-10-10,23
82509455,FHA,Wholesale,Purchase,136000.0,2025-12-18,92
82509458,ZERO INTEREST PROGRAM,Wholesale,Purchase,6750.0,2025-10-16,31
82509459,NONCONFORMING,Wholesale,Purchase,661500.0,2025-10-14,27
82509462,FHA BOND,Wholesale,Purchase,304457.0,2025-10-21,34
82509463,NONCONFORMING,Wholesale,Purchase,292000.0,2025-10-09,22
82509464,ZERO INTEREST PROGRAM,Wholesale,Purchase,6195.0,2025-10-21,34
82509472,NONCONFORMING,Wholesale,Refinance,760450.0,2025-10-24,37
82509473,NONCONFORMING,Wholesale,Purchase,395080.0,2025-10-31,44
82509474,NONCONFORMING,Wholesale,Refinance CashOut,226000.0,2025-10-08,21
82509477,CONVENTIONAL BOND STD MI,Wholesale,Purchase,607750.0,2025-10-24,37
82509478,2ND,Wholesale,Refinance CashOut,272400.0,2025-11-20,64
82509483,ZERO INTEREST PROGRAM,Wholesale,Purchase,11042.0,2025-10-21,34
82509484,NONCONFORMING,Wholesale,Purchase,1136000.0,2025-10-20,33
82509486,NONCONFORMING,Wholesale,Refinance CashOut,497000.0,2025-10-03,16
82509487,NONCONFORMING,Wholesale,Refinance CashOut,371700.0,2025-10-03,16
82509488,NONCONFORMING,Wholesale,Refinance CashOut,378000.0,2025-10-03,16
82405277,2ND,Wholesale,Refinance CashOut,211329.0,2024-07-10,48
82405280,CONFORMING,Wholesale,Purchase,522500.0,2024-06-17,24
92405250,2ND,Wholesale,Refinance CashOut,127480.0,2024-07-08,47
52405305,NONCONFORMING,Wholesale,Purchase,600000.0,2024-06-18,21
82405288,NONCONFORMING,Wholesale,Refinance CashOut,273000.0,2024-06-28,35
82405289,FHA,Wholesale,Purchase,501500.0,2024-06-28,35
82405292,NONCONFORMING,Wholesale,Purchase,1184000.0,2024-06-24,31
82405294,NONCONFORMING,Wholesale,Purchase,362583.0,2024-06-20,27
82405297,NONCONFORMING,Wholesale,Refinance CashOut,191800.0,2024-06-17,20
82405302,CONFORMING,Wholesale,Purchase,348000.0,2024-06-25,28
82405308,NONCONFORMING,Wholesale,Purchase,383301.0,2024-06-28,31
82405312,NONCONFORMING,Wholesale,Purchase,945000.0,2024-06-07,9
92405286,NONCONFORMING,Wholesale,Refinance,485000.0,2024-06-26,33
52405320,2ND,Wholesale,Refinance CashOut,200000.0,2024-06-10,12
82405316,NONCONFORMING,Wholesale,Purchase,201500.0,2024-06-18,20
82405317,FHA,Wholesale,Refinance CashOut,353500.0,2024-07-02,34
82405318,FHA BOND,Wholesale,Purchase,313528.0,2024-07-01,33
82403341,NONCONFORMING,Wholesale,Purchase,480000.0,2024-04-30,39
82403342,FHA,Wholesale,Purchase,551000.0,2024-04-30,39
82403345,ZERO INTEREST PROGRAM,Wholesale,Purchase,150000.0,2024-08-19,26
82403346,CONFORMING,Wholesale,Purchase,220500.0,2024-04-02,11
82403347,FHA,Wholesale,Purchase,510485.0,2024-04-30,39
82403355,ZERO INTEREST PROGRAM,Wholesale,Purchase,150000.0,2025-02-14,25
82403359,NONCONFORMING,Wholesale,Purchase,330000.0,2024-04-25,31
92403344,NONCONFORMING,Wholesale,Purchase,298560.0,2024-05-17,56
92403360,FHA BOND,Wholesale,Purchase,410125.0,2024-04-26,32
92403361,ZERO INTEREST PROGRAM,Wholesale,Purchase,8346.0,2024-04-26,32
82403366,NONCONFORMING,Wholesale,Purchase,760000.0,2024-04-15,21
82403378,CONFORMING,Wholesale,Purchase,488800.0,2024-05-17,36
82403383,CONFORMING,Wholesale,Purchase,812500.0,2024-05-21,27
82403384,FHA,Wholesale,Refinance CashOut,375000.0,2024-04-24,29
82403389,NONCONFORMING,Wholesale,Purchase,150000.0,2024-04-10,15
82403393,FHA,Wholesale,Purchase,513000.0,2024-04-26,31
92403365,NONCONFORMING,Wholesale,Purchase,552000.0,2024-04-18,24
92403374,2ND,Wholesale,Purchase,14875.0,2024-04-26,32
92403377,NONCONFORMING,Wholesale,Purchase,172000.0,2024-04-16,22
92403386,NONCONFORMING,Wholesale,Purchase,229600.0,2024-04-15,20
92403395,NONCONFORMING,Wholesale,Refinance CashOut,448000.0,2024-04-29,34
82403396,CONVENTIONAL BOND STD MI,Wholesale,Purchase,412050.0,2024-08-06,29
82403401,NONCONFORMING,Wholesale,Purchase,1162500.0,2024-04-22,26
82403403,NONCONFORMING,Wholesale,Purchase,2317000.0,2024-04-22,26
82403404,ZERO INTEREST PROGRAM,Wholesale,Purchase,100500.0,2024-08-06,29
82403408,NONCONFORMING,Wholesale,Purchase,434000.0,2024-04-23,27
82403411,2ND,Wholesale,Refinance CashOut,250000.0,2024-05-29,63
82403413,FHA,Wholesale,Purchase,579000.0,2024-04-22,26
82403419,NONCONFORMING,Wholesale,Purchase,240000.0,2024-04-30,33
82403422,NONCONFORMING,Wholesale,Purchase,448000.0,2024-04-25,28
82403424,NONCONFORMING,Wholesale,Purchase,445000.0,2024-04-15,18
82403429,FHA,Wholesale,Purchase,747875.0,2024-04-16,19
82403114,FHA,Wholesale,Purchase,230000.0,2024-06-27,100
82403115,NONCONFORMING,Wholesale,Refinance CashOut,238500.0,2024-05-06,59
92403096,2ND,Wholesale,Refinance CashOut,213650.0,2024-04-22,46
92403112,NONCONFORMING,Wholesale,Purchase,150000.0,2024-04-05,28
92403120,CONFORMING,Wholesale,Purchase,185500.0,2024-05-14,67
62403130,NONCONFORMING,Retail,Purchase,300000.0,2024-05-22,23
82403127,2ND,Wholesale,Refinance CashOut,145000.0,2024-04-09,30
82403135,NONCONFORMING,Wholesale,Refinance CashOut,202300.0,2024-04-01,21
82403139,NONCONFORMING,Wholesale,Purchase,400000.0,2024-04-01,21
82403146,NONCONFORMING,Wholesale,Refinance CashOut,1353100.0,2024-05-07,57
82403150,2ND,Wholesale,Refinance CashOut,125000.0,2024-04-25,45
82403153,NONCONFORMING,Wholesale,Purchase,168750.0,2024-04-09,28
92403147,NONCONFORMING,Wholesale,Purchase,146250.0,2024-04-11,31
82403177,CONFORMING,Wholesale,Purchase,420000.0,2024-03-28,15
82403180,NONCONFORMING,Wholesale,Refinance CashOut,297500.0,2024-04-12,30
82403183,FHA BOND,Wholesale,Purchase,376350.0,2024-04-03,21
82403186,NONCONFORMING,Wholesale,Purchase,896000.0,2024-04-17,35
82403187,2ND,Wholesale,Purchase,14000.0,2024-03-29,16
82403188,2ND,Wholesale,Refinance CashOut,161000.0,2024-05-01,49
82403189,2ND,Wholesale,Purchase,13650.0,2024-04-03,21
82403193,2ND,Wholesale,Refinance CashOut,380000.0,2024-04-09,26
82403195,NONCONFORMING,Wholesale,Purchase,182000.0,2024-04-10,27
82403201,FHA,Wholesale,Purchase,362840.0,2024-04-16,33
82403203,CONFORMING,Wholesale,Purchase,959200.0,2024-04-04,21
62403232,CONFORMING,Retail,Purchase,515600.0,2024-04-24,34
82403210,CONFORMING,Wholesale,Purchase,535000.0,2024-05-17,64
82403212,CONFORMING,Wholesale,Refinance CashOut,355000.0,2024-04-23,39
82403213,NONCONFORMING,Wholesale,Refinance CashOut,1148000.0,2024-03-29,14
82403215,CONFORMING,Wholesale,Purchase,911250.0,2024-04-04,20
82403220,NONCONFORMING,Wholesale,Refinance CashOut,1870000.0,2024-04-17,33
82403222,NONCONFORMING,Wholesale,Purchase,1200000.0,2024-04-18,34
82403227,CONFORMING,Wholesale,Purchase,354050.0,2024-05-02,48
82403236,CONFORMING,Wholesale,Refinance CashOut,215000.0,2024-04-05,18
82403237,NONCONFORMING,Wholesale,Purchase,1500000.0,2024-05-02,45
82403239,NONCONFORMING,Wholesale,Purchase,2040000.0,2024-05-06,49
82403241,FHA BOND,Wholesale,Purchase,305905.0,2024-04-05,18
82403242,CONFORMING,Wholesale,Purchase,650750.0,2024-04-25,38
92403219,NONCONFORMING,Wholesale,Purchase,213750.0,2024-04-11,27
82403244,2ND,Wholesale,Purchase,11095.0,2024-04-05,18
82403246,CONFORMING,Wholesale,Purchase,664905.0,2024-04-19,32
82403251,CONFORMING,Wholesale,Refinance CashOut,160000.0,2024-04-16,29
82403260,2ND,Wholesale,Refinance CashOut,130000.0,2024-04-19,31
82403261,NONCONFORMING,Wholesale,Purchase,128400.0,2024-04-22,34
82403272,FHA,Wholesale,Purchase,136000.0,2024-06-05,78
82403273,FHA,Wholesale,Purchase,598300.0,2024-04-12,24
82403276,FHA,Wholesale,Refinance CashOut,552000.0,2024-04-16,28
82403277,NONCONFORMING,Wholesale,Refinance CashOut,1185800.0,2024-04-22,34
92403245,FHA,Wholesale,Refinance CashOut,524423.0,2024-04-17,30
92403254,CONFORMING,Wholesale,Purchase,268800.0,2024-06-17,24
92403255,NONCONFORMING,Wholesale,Purchase,317600.0,2024-04-16,29
92403264,2ND,Wholesale,Refinance CashOut,110000.0,2024-04-18,30
52403305,2ND,Wholesale,Refinance CashOut,115000.0,2024-03-29,8
82403282,FHA,Wholesale,Purchase,511450.0,2024-04-19,30
82403284,FHA,Wholesale,Purchase,379245.0,2024-04-05,16
82403293,FHA,Wholesale,Purchase,423635.0,2024-04-10,21
82403300,CONVENTIONAL BOND STD MI,Wholesale,Purchase,657500.0,2024-08-19,26
82403301,NONCONFORMING,Wholesale,Purchase,228427.0,2024-04-12,22
82403303,NONCONFORMING,Wholesale,Refinance,448000.0,2024-04-08,18
82403309,NONCONFORMING,Wholesale,Purchase,453000.0,2024-04-08,18
82403310,NONCONFORMING,Wholesale,Purchase,503940.0,2024-04-10,20
82403312,NONCONFORMING,Wholesale,Purchase,1105000.0,2024-04-22,32
92403283,2ND,Wholesale,Refinance CashOut,100000.0,2024-04-19,30
92403289,NONCONFORMING,Wholesale,Refinance CashOut,381500.0,2024-04-25,36
92403290,FHA BOND,Wholesale,Purchase,410125.0,2024-04-19,30
92403291,CONFORMING,Wholesale,Refinance CashOut,631400.0,2024-06-10,82
92403307,NONCONFORMING,Wholesale,Refinance CashOut,234500.0,2024-04-26,36
92403313,2ND,Wholesale,Purchase,14875.0,2024-04-19,30
82403318,CONFORMING,Wholesale,Purchase,475000.0,2024-04-11,21
82403320,FHA BOND,Wholesale,Purchase,279850.0,2024-04-03,13
82403321,FHA,Wholesale,Purchase,868500.0,2024-04-29,39
82403322,2ND,Wholesale,Purchase,10150.0,2024-04-03,13
82403323,CONVENTIONAL BOND STD MI,Wholesale,Purchase,499550.0,2024-04-15,25
82403326,2ND,Wholesale,Purchase,15450.0,2024-04-15,25
82403327,CONVENTIONAL BOND STD MI,Wholesale,Purchase,562500.0,2025-02-14,25
82403331,CONFORMING,Wholesale,Purchase,774250.0,2024-04-03,12
82403334,NONCONFORMING,Wholesale,Purchase,1220000.0,2024-05-22,61
82511353,NONCONFORMING,Wholesale,Refinance CashOut,,2025-12-17,30
82511543,NONCONFORMING,Wholesale,Purchase,,2025-12-23,28
82511547,CONFORMING,Wholesale,Purchase,,2025-12-29,34
82511560,CONVENTIONAL BOND STD MI,Wholesale,Purchase,,2025-12-23,28
82511562,2ND,Wholesale,Purchase,,2025-12-23,28
82511564,CONFORMING,Wholesale,Refinance,,2025-12-19,24
62511566,NONCONFORMING,Retail,Refinance CashOut,,2025-12-11,15
82511567,CONFORMING,Wholesale,Purchase,,2025-12-22,26
62511568,NONCONFORMING,Retail,Refinance,,2025-12-11,15
82511570,NONCONFORMING,Wholesale,Purchase,,2025-12-23,27
62511571,NONCONFORMING,Retail,Refinance CashOut,,2025-12-11,15
82511572,NONCONFORMING,Wholesale,Purchase,,2025-12-22,26
92403397,NONCONFORMING,Wholesale,Purchase,280000.0,2024-04-08,13
92403406,NONCONFORMING,Wholesale,Purchase,2445000.0,2024-05-31,65
92403425,FHA,Wholesale,Purchase,328100.0,2024-04-19,22
92403431,NONCONFORMING,Wholesale,Purchase,365500.0,2024-05-03,36
62404011,CONFORMING,Retail,Purchase,417100.0,2024-05-28,41
82403436,NONCONFORMING,Wholesale,Purchase,260000.0,2024-04-30,33
82403437,CONVENTIONAL BOND STD MI,Wholesale,Purchase,388000.0,2024-08-30,28
82403438,ZERO INTEREST PROGRAM,Wholesale,Purchase,100000.0,2024-08-30,25
82403443,NONCONFORMING,Wholesale,Purchase,677600.0,2024-04-12,14
82403446,FHA,Wholesale,Purchase,361875.0,2024-04-23,25
82403449,CONFORMING,Wholesale,Refinance CashOut,740000.0,2024-05-29,61
82403452,NONCONFORMING,Wholesale,Purchase,498750.0,2024-04-26,27
82404001,NONCONFORMING,Wholesale,Purchase,139750.0,2024-05-09,38
82404002,CONFORMING,Wholesale,Purchase,601400.0,2024-04-23,22
82404003,NONCONFORMING,Wholesale,Purchase,243750.0,2024-04-29,28
82404004,VA,Wholesale,Refinance CashOut,675000.0,2024-05-08,37
82404007,CONFORMING,Wholesale,Purchase,486000.0,2024-04-29,28
82404008,NONCONFORMING,Wholesale,Purchase,312000.0,2024-05-01,30
82404009,CONVENTIONAL BOND STD MI,Wholesale,Purchase,724000.0,2024-09-12,27
52404039,NONCONFORMING,Wholesale,Purchase,350000.0,2024-04-12,10
82404013,FHA,Wholesale,Refinance CashOut,252500.0,2024-05-17,46
82404015,ZERO INTEREST PROGRAM,Wholesale,Purchase,150000.0,2024-09-12,27
82404018,FHA,Wholesale,Purchase,393237.0,2024-04-25,24
82404042,CONFORMING,Wholesale,Purchase,724000.0,2024-04-29,27
82404046,FHA,Wholesale,Purchase,386000.0,2024-04-29,27
82404047,CONFORMING,Wholesale,Purchase,570000.0,2024-05-22,30
92404024,2ND,Wholesale,Refinance CashOut,520000.0,2024-04-24,22
52404076,2ND,Wholesale,Refinance CashOut,90000.0,2024-04-17,14
82404067,NONCONFORMING,Wholesale,Purchase,532500.0,2024-04-23,20
82404069,FHA,Wholesale,Purchase,632075.0,2024-05-22,35
82404070,NONCONFORMING,Wholesale,Purchase,225000.0,2024-05-02,29
82404072,CONFORMING,Wholesale,Purchase,318250.0,2024-05-02,29
82404073,CONFORMING,Wholesale,Purchase,508300.0,2024-05-06,33
82404074,FHA,Wholesale,Purchase,275025.0,2024-04-16,13
82404079,NONCONFORMING,Wholesale,Purchase,384000.0,2024-05-01,28
82404084,CONFORMING,Wholesale,Purchase,149490.0,2024-04-23,19
82404086,NONCONFORMING,Wholesale,Refinance CashOut,644000.0,2024-05-10,36
82404088,FHA,Wholesale,Purchase,323757.0,2024-05-13,24
82404090,FHA,Wholesale,Purchase,685150.0,2024-05-14,40
52404112,2ND,Wholesale,Refinance CashOut,150000.0,2024-04-24,19
62404107,NONCONFORMING,Retail,Refinance CashOut,204000.0,2024-06-25,81
82404095,CONFORMING,Wholesale,Purchase,835000.0,2024-06-04,20
82511582,NONCONFORMING,Wholesale,Purchase,,2025-12-30,34
82511585,NONCONFORMING,Wholesale,Purchase,,2025-12-22,26
82510758-LJ9X,FHA,Wholesale,Purchase,,2025-11-26,26
82511589,NONCONFORMING,Wholesale,Refinance CashOut,,2025-12-26,30
82511590,CONFORMING,Wholesale,Purchase,,2025-12-11,15
82511592,NONCONFORMING,Wholesale,Refinance CashOut,,2025-12-19,23
82511593,NONCONFORMING,Wholesale,Purchase,,2025-12-17,21
82511596,NONCONFORMING,Wholesale,Refinance CashOut,,2026-01-06,41
82511594,NONCONFORMING,Wholesale,Purchase,,2026-01-02,37
82405321,2ND,Wholesale,Purchase,11371.0,2024-07-01,33
82405322,NONCONFORMING,Wholesale,Purchase,1822500.0,2024-07-03,35
82405324,2ND,Wholesale,Refinance CashOut,125000.0,2024-06-21,23
82405325,NONCONFORMING,Wholesale,Refinance CashOut,330000.0,2024-06-28,30
82405326,CONVENTIONAL BOND,Wholesale,Purchase,213400.0,2024-06-27,29
82405330,NONCONFORMING,Wholesale,Purchase,696000.0,2024-07-15,47
82405331,NONCONFORMING,Wholesale,Purchase,264000.0,2024-07-16,47
82405334,NONCONFORMING,Wholesale,Refinance CashOut,510000.0,2024-10-30,153
82405335,FHA,Wholesale,Purchase,699625.0,2024-06-13,14
82405336,NONCONFORMING,Wholesale,Refinance CashOut,549000.0,2024-10-30,153
82405337,NONCONFORMING,Wholesale,Purchase,540000.0,2024-06-18,19
92405319,NONCONFORMING,Wholesale,Purchase,1000000.0,2024-07-24,26
92405328,FHA,Wholesale,Purchase,336000.0,2024-07-10,42
82405339,NONCONFORMING,Wholesale,Refinance CashOut,200000.0,2024-07-05,36
82405343,NONCONFORMING,Wholesale,Purchase,1560000.0,2024-06-26,27
82405355,2ND,Wholesale,Purchase,6600.0,2024-06-27,29
82405356,FHA,Wholesale,Purchase,1081000.0,2024-07-09,39
82405359,NONCONFORMING,Wholesale,Purchase,380000.0,2024-06-11,11
82406001,NONCONFORMING,Wholesale,Refinance CashOut,273750.0,2024-06-25,22
82406003,FHA,Wholesale,Purchase,424600.0,2024-06-27,24
92405345,NONCONFORMING,Wholesale,Purchase,1380000.0,2024-06-24,25
92406000,FHA,Wholesale,Purchase,375383.0,2024-07-12,40
62406029,FHA,Retail,Purchase,434250.0,2024-11-13,34
82406010,NONCONFORMING,Wholesale,Purchase,1000000.0,2024-06-11,8
82406013,NONCONFORMING,Wholesale,Refinance CashOut,920500.0,2024-07-29,56
82406019,FHA,Wholesale,Purchase,482451.0,2024-07-18,30
82406027,FHA,Wholesale,Purchase,278885.0,2024-06-28,24
82406032,NONCONFORMING,Wholesale,Purchase,568000.0,2024-06-26,22
82406037,NONCONFORMING,Wholesale,Purchase,973000.0,2024-07-24,50
92406009,FHA BOND,Wholesale,Purchase,685150.0,2024-07-01,28
92406011,2ND,Wholesale,Purchase,24850.0,2024-07-01,28
92406015,NONCONFORMING,Wholesale,Purchase,261000.0,2024-06-14,11
92406016,NONCONFORMING,Wholesale,Purchase,369600.0,2024-06-24,21
92406021,NONCONFORMING,Wholesale,Purchase,400000.0,2024-06-27,23
92406034,CONFORMING,Wholesale,Purchase,496000.0,2024-07-12,38
82406046,FHA,Wholesale,Purchase,709275.0,2024-06-21,16
82406060,NONCONFORMING,Wholesale,Purchase,744000.0,2024-08-01,24
82406061,NONCONFORMING,Wholesale,Purchase,751200.0,2024-07-05,29
82406063,NONCONFORMING,Wholesale,Purchase,157500.0,2024-07-01,25
82406064,NONCONFORMING,Wholesale,Refinance CashOut,250000.0,2024-07-16,40
82406065,FHA,Wholesale,Purchase,249935.0,2024-07-03,27
82406066,NONCONFORMING,Wholesale,Purchase,271200.0,2024-06-24,18
82406069,FHA,Wholesale,Purchase,487325.0,2024-06-25,18
82406071,NONCONFORMING,Wholesale,Purchase,472500.0,2024-06-25,18
82406073,NONCONFORMING,Wholesale,Purchase,525000.0,2024-06-24,17
82406074,FHA,Wholesale,Purchase,371525.0,2024-07-10,33
82406076,2ND,Wholesale,Refinance CashOut,192000.0,2024-07-12,35
82406082,NONCONFORMING,Wholesale,Purchase,405000.0,2024-07-01,24
92406045,NONCONFORMING,Wholesale,Purchase,650000.0,2024-06-14,9
92406052,2ND,Wholesale,Refinance CashOut,220000.0,2024-07-19,43
92406072,NONCONFORMING,Wholesale,Purchase,293250.0,2024-06-20,13
92406075,NONCONFORMING,Wholesale,Purchase,197250.0,2024-07-03,26
92406081,NONCONFORMING,Wholesale,Purchase,442000.0,2024-06-28,21
82406089,FHA,Wholesale,Purchase,390825.0,2024-06-24,14
82406091,FHA,Wholesale,Purchase,709275.0,2024-07-16,36
82406093,NONCONFORMING,Wholesale,Refinance CashOut,1050000.0,2024-07-22,42
82406094,FHA,Wholesale,Purchase,313625.0,2024-07-10,30
82406096,CONFORMING,Wholesale,Purchase,607500.0,2024-07-03,23
82406107,NONCONFORMING,Wholesale,Refinance CashOut,805000.0,2024-08-21,72
82406112,2ND,Wholesale,Refinance CashOut,180000.0,2024-07-16,35
82406114,FHA,Wholesale,Purchase,361875.0,2024-06-28,17
92406085,CONFORMING,Wholesale,Purchase,569050.0,2024-07-11,34
92406087,NONCONFORMING,Wholesale,Purchase,360000.0,2024-06-27,17
82406120,CONFORMING,Wholesale,Refinance,766000.0,2024-07-22,41
82406122,FHA,Wholesale,Purchase,608000.0,2024-07-24,19
82406123,FHA BOND,Wholesale,Purchase,438978.0,2024-07-30,49
82406133,2ND,Wholesale,Purchase,15921.0,2024-07-30,49
82406137,CONFORMING,Wholesale,Purchase,446200.0,2024-07-10,28
82406139,CONFORMING,Wholesale,Purchase,456000.0,2024-07-09,27
82512010,NONCONFORMING,Wholesale,Purchase,,2025-12-22,21
82512012,FHA BOND,Wholesale,Purchase,,2025-12-31,30
82512013,FHA,Wholesale,Purchase,,2025-12-19,18
82512014,NONCONFORMING,Wholesale,Refinance CashOut,,2025-12-29,28
82512015,2ND,Wholesale,Refinance CashOut,,2025-12-29,28
82512017,NONCONFORMING,Wholesale,Purchase,,2025-12-29,28
82512018,NONCONFORMING,Wholesale,Purchase,,2025-12-18,17
82512021,CONFORMING,Wholesale,Purchase,,2025-12-16,15
82512004,NONCONFORMING,Wholesale,Purchase,,2025-12-16,15
82512005,NONCONFORMING,Wholesale,Refinance,,2025-12-31,30
82512023,NONCONFORMING,Wholesale,Purchase,,2025-12-30,29
82512027,NONCONFORMING,Wholesale,Purchase,,2025-12-30,29
82512029,FHA,Wholesale,Purchase,,2025-12-15,14
82509489,ZERO INTEREST PROGRAM,Wholesale,Purchase,143000.0,2025-10-24,37
82509490,CONVENTIONAL BOND STD MI,Wholesale,Purchase,476250.0,2025-10-20,32
82509491,NONCONFORMING,Wholesale,Purchase,640000.0,2025-10-08,20
82509499,NONCONFORMING,Wholesale,Purchase,611369.0,2025-12-10,83
82509504,NONCONFORMING,Wholesale,Purchase,219040.0,2025-10-01,13
82509505,NONCONFORMING,Wholesale,Refinance,935004.0,2025-10-31,43
82509508,ZERO INTEREST PROGRAM,Wholesale,Purchase,9625.0,2025-10-16,31
82509510,ZERO INTEREST PROGRAM,Wholesale,Purchase,127000.0,2025-10-20,32
82509511,NONCONFORMING,Wholesale,Purchase,385000.0,2025-10-20,32
62509512,FHA,Retail,Refinance CashOut,495000.0,2025-10-22,34
82509514,NONCONFORMING,Wholesale,Purchase,590750.0,2025-09-29,11
82509515,FHA,Wholesale,Refinance CashOut,276000.0,2025-10-20,32
82509517,NONCONFORMING,Wholesale,Purchase,1120000.0,2025-10-09,7
82509495,NONCONFORMING,Wholesale,Refinance CashOut,154275.0,2025-10-30,42
82509496,NONCONFORMING,Wholesale,Purchase,724000.0,2025-10-14,26
82509518,FHA,Wholesale,Refinance,636571.0,2025-12-15,88
82509519,NONCONFORMING,Wholesale,Purchase,570050.0,2025-10-07,19
82509520,HOMEREADY,Wholesale,Purchase,435530.0,2025-10-21,33
82509523,CONFORMING,Wholesale,Purchase,741000.0,2025-10-16,28
82509526,NONCONFORMING,Wholesale,Purchase,1574500.0,2025-10-27,39
82509527,NONCONFORMING,Wholesale,Purchase,692000.0,2025-10-22,34
62509529,NONCONFORMING,Retail,Refinance,930000.0,2025-10-28,39
82509531,NONCONFORMING,Wholesale,Purchase,213600.0,2025-10-15,26
82509532,NONCONFORMING,Wholesale,Refinance,360000.0,2025-10-30,41
82509536,CONFORMING,Wholesale,Purchase,415000.0,2025-10-10,21
82509537,NONCONFORMING,Wholesale,Purchase,244000.0,2025-10-23,34
82509547,NONCONFORMING,Wholesale,Purchase,279750.0,2025-10-17,28
82509551,NONCONFORMING,Wholesale,Refinance,250000.0,2025-10-14,25
82509553,NONCONFORMING,Wholesale,Purchase,356250.0,2025-10-14,25
82509559,NONCONFORMING,Wholesale,Purchase,498500.0,2025-10-17,28
82509564,FHA BOND,Wholesale,Purchase,511450.0,2025-10-27,35
82509566,NONCONFORMING,Wholesale,Purchase,1445000.0,2025-10-16,24
82509569,NONCONFORMING,Wholesale,Purchase,238400.0,2025-10-07,15
82509571,ZERO INTEREST PROGRAM,Wholesale,Purchase,10408.0,2025-10-27,35
82509572,ZERO INTEREST PROGRAM,Wholesale,Purchase,18550.0,2025-10-27,35
82509573,NONCONFORMING,Wholesale,Refinance CashOut,230000.0,2025-10-20,28
82509575,NONCONFORMING,Wholesale,Purchase,544800.0,2025-11-13,52
82509577,NONCONFORMING,Wholesale,Refinance CashOut,560000.0,2025-10-30,38
82509578,NONCONFORMING,Wholesale,Refinance,361000.0,2025-11-05,44
82509588,NONCONFORMING,Wholesale,Purchase,260625.0,2025-10-15,23
82509590,NONCONFORMING,Wholesale,Refinance,209000.0,2025-11-17,56
82509591,FHA,Wholesale,Purchase,400475.0,2025-10-10,18
82509596,NONCONFORMING,Wholesale,Purchase,324000.0,2025-10-08,16
82509600,FHA,Wholesale,Refinance,356080.0,2025-11-10,49
82509602,NONCONFORMING,Wholesale,Purchase,320000.0,2025-10-24,32
82509605,2ND,Wholesale,Refinance CashOut,496000.0,2025-10-16,24
82509609,CONFORMING,Wholesale,Purchase,440000.0,2025-10-28,36
82509610,CONFORMING,Wholesale,Refinance CashOut,219719.0,2025-10-28,36
82509614,NONCONFORMING,Wholesale,Purchase,512000.0,2025-10-22,29
82509615,NONCONFORMING,Wholesale,Purchase,183750.0,2025-10-23,30
82509617,NONCONFORMING,Wholesale,Refinance,208000.0,2025-10-24,31
82509618,NONCONFORMING,Wholesale,Purchase,240000.0,2025-10-31,38
82509619,FHA,Wholesale,Purchase,323275.0,2025-10-21,28
82509621,2ND,Wholesale,Refinance CashOut,150000.0,2025-10-23,30
82509623,NONCONFORMING,Wholesale,Purchase,636000.0,2025-10-10,17
82509629,NONCONFORMING,Wholesale,Purchase,378950.0,2025-10-24,31
82509631,NONCONFORMING,Wholesale,Refinance CashOut,630000.0,2025-11-19,57
82509634,NONCONFORMING,Wholesale,Refinance CashOut,735000.0,2025-10-03,10
82509635,FHA,Wholesale,Purchase,468000.0,2025-10-16,23
82509637,2ND,Wholesale,Refinance CashOut,250000.0,2025-11-06,44
82509638,NONCONFORMING,Wholesale,Refinance,307500.0,2025-10-22,29
82509641,NONCONFORMING,Wholesale,Purchase,617100.0,2025-11-14,51
82509644,NONCONFORMING,Wholesale,Purchase,268425.0,2025-10-20,26
62509646,FHA,Retail,Refinance CashOut,384000.0,2025-11-10,47
82509648,CONFORMING,Wholesale,Purchase,488950.0,2025-10-21,27
82509670,FHA,Wholesale,Purchase,612775.0,2025-10-21,27
82511410,CONVENTIONAL BOND STD MI,Wholesale,Purchase,,2025-12-15,26
82511415,2ND,Wholesale,Purchase,,2025-12-15,26
82512043,NONCONFORMING,Wholesale,Purchase,,2025-12-18,16
82512044,NONCONFORMING,Wholesale,Purchase,,2026-01-07,36
82512045,NONCONFORMING,Wholesale,Purchase,,2025-12-22,20
82512048,VA,Wholesale,Purchase,,2025-12-16,14
82512053,2ND,Wholesale,Refinance CashOut,,2025-12-29,27
82512060,NONCONFORMING,Wholesale,Purchase,,2025-12-29,27
82512062,FHA BOND,Wholesale,Purchase,,2025-12-26,24
82512066,NONCONFORMING,Wholesale,Purchase,,2025-12-17,15
82510571,CONFORMING,Wholesale,Purchase,579993.0,2025-11-12,20
82510575,NONCONFORMING,Wholesale,Purchase,456000.0,2025-11-25,33
82510570,CONFORMING,Wholesale,Purchase,857850.0,2025-11-10,18
82510597,NONCONFORMING,Wholesale,Purchase,648750.0,2025-11-19,26
82510598,NONCONFORMING,Wholesale,Refinance,926000.0,2025-11-26,33
82510599,ZERO INTEREST PROGRAM,Wholesale,Purchase,14700.0,2025-11-21,30
82510581,NONCONFORMING,Wholesale,Refinance,263335.0,2025-11-18,25
82510582,NONCONFORMING,Wholesale,Refinance,263335.0,2025-11-18,25
82510583,NONCONFORMING,Wholesale,Refinance,263335.0,2025-11-18,25
82510585,NONCONFORMING,Wholesale,Refinance,263335.0,2025-11-18,25
82510584,NONCONFORMING,Wholesale,Refinance,263335.0,2025-11-18,25
82510586,NONCONFORMING,Wholesale,Refinance,263335.0,2025-11-18,25
82510587,2ND,Wholesale,Refinance CashOut,750000.0,2025-11-24,31
82510589,CONFORMING,Wholesale,Refinance CashOut,400000.0,2025-12-15,52
62510604,CONFORMING,Retail,Purchase,312000.0,2025-11-14,18
62510605,CONFORMING,Retail,Purchase,514900.0,2025-11-24,21
82510617,2ND,Wholesale,Refinance CashOut,200000.0,2025-11-14,18
82510625,NONCONFORMING,Wholesale,Refinance,357000.0,2025-12-17,51
82510628,FHA,Wholesale,Purchase,357000.0,2025-11-21,25
82510612,NONCONFORMING,Wholesale,Purchase,252000.0,2025-12-10,44
82510613,NONCONFORMING,Wholesale,Refinance CashOut,352500.0,2025-11-13,17
62510632,NONCONFORMING,Retail,Purchase,251900.0,2025-12-17,41
82510638,NONCONFORMING,Wholesale,Refinance,468750.0,2025-10-31,4
82510642,NONCONFORMING,Wholesale,Purchase,551200.0,2025-12-08,41
82510645,CONFORMING,Wholesale,Purchase,350000.0,2025-12-09,22
92303102,CONFORMING,Wholesale,Purchase,620000.0,2023-04-05,22
92303109,FHA BOND,Wholesale,Purchase,610845.0,2023-04-06,23
92303110,CONFORMING,Wholesale,Purchase,240000.0,2023-03-30,16
32303150,CONFORMING,Retail,Refinance CashOut,168750.0,2023-08-14,146
92303130,2ND,Wholesale,Purchase,14527.0,2023-03-31,16
92303136,NONCONFORMING,Wholesale,Refinance CashOut,200000.0,2023-05-22,67
92303142,NONCONFORMING,Wholesale,Purchase,173700.0,2023-03-30,13
92303144,NONCONFORMING,Wholesale,Refinance CashOut,595000.0,2023-04-19,30
82303159,FHA,Wholesale,Purchase,460350.0,2023-04-27,28
92303188,NONCONFORMING,Wholesale,Refinance CashOut,577500.0,2023-05-26,63
82303197,NONCONFORMING,Wholesale,Refinance CashOut,427000.0,2023-05-02,36
92303208,CONVENTIONAL BOND STD MI,Wholesale,Purchase,480000.0,2023-04-26,20
92303228,NONCONFORMING,Wholesale,Refinance CashOut,447000.0,2023-04-24,25
32303239,FHA,Retail,Purchase,458375.0,2023-04-21,21
92303240,NONCONFORMING,Wholesale,Purchase,475300.0,2023-04-24,24
92303241,CONVENTIONAL BOND STD MI,Wholesale,Purchase,368000.0,2023-05-08,33
92304004,FHA BOND,Wholesale,Purchase,250900.0,2023-05-12,39
92304010,2ND,Wholesale,Purchase,9100.0,2023-05-12,39
92304011,ZERO INTEREST PROGRAM,Wholesale,Purchase,96000.0,2023-05-08,33
92304019,CONFORMING,Wholesale,Purchase,726200.0,2023-05-18,23
92304021,CONVENTIONAL BOND STD MI,Wholesale,Purchase,628000.0,2023-05-03,28
92304022,ZERO INTEREST PROGRAM,Wholesale,Purchase,157000.0,2023-05-03,28
92304057,FHA,Wholesale,Purchase,460800.0,2023-05-10,35
92304077,FHA,Wholesale,Purchase,319352.0,2023-05-25,36
92304085,FHA,Wholesale,Purchase,636900.0,2023-05-01,25
92304089,ZERO INTEREST PROGRAM,Wholesale,Purchase,120000.0,2023-04-26,20
82304093,FHA BOND,Wholesale,Purchase,328100.0,2023-05-18,42
82304097,CONVENTIONAL BOND STD MI,Wholesale,Purchase,409156.0,2023-06-07,62
82512073,NONCONFORMING,Wholesale,Purchase,,2025-12-08,5
82512076,ZERO INTEREST PROGRAM,Wholesale,Purchase,,2025-12-31,30
82510647,NONCONFORMING,Wholesale,Refinance CashOut,700000.0,2025-12-02,35
82510649,NONCONFORMING,Wholesale,Purchase,810000.0,2025-12-02,35
82510652,NONCONFORMING,Wholesale,Purchase,782000.0,2025-11-14,17
82510654,NONCONFORMING,Wholesale,Purchase,901600.0,2025-11-20,23
82510655,NONCONFORMING,Wholesale,Refinance CashOut,800000.0,2025-11-24,27
82510657,NONCONFORMING,Wholesale,Purchase,275800.0,2025-11-21,24
82510658,NONCONFORMING,Wholesale,Purchase,2160000.0,2025-11-18,21
82510659,FHA,Wholesale,Purchase,751200.0,2025-11-13,16
82510660,NONCONFORMING,Wholesale,Refinance CashOut,615000.0,2025-11-25,28
82510661,NONCONFORMING,Wholesale,Purchase,592000.0,2025-12-05,38
82510666,CONFORMING,Wholesale,Purchase,420010.0,2025-12-11,43
82510668,NONCONFORMING,Wholesale,Refinance CashOut,1033500.0,2025-12-03,36
82510669,NONCONFORMING,Wholesale,Purchase,441000.0,2025-11-25,28
82510673,FHA,Wholesale,Purchase,371525.0,2025-11-26,29
82510674,FHA BOND,Wholesale,Purchase,347400.0,2025-12-09,42
82510675,2ND,Wholesale,Purchase,12600.0,2025-12-09,42
82510676,NONCONFORMING,Wholesale,Purchase,264000.0,2025-11-17,20
82510677,NONCONFORMING,Wholesale,Purchase,440000.0,2025-11-21,24
82510680,NONCONFORMING,Wholesale,Purchase,221600.0,2025-12-12,44
82510682,NONCONFORMING,Wholesale,Refinance CashOut,300000.0,2025-11-24,26
82510684,NONCONFORMING,Wholesale,Purchase,400000.0,2025-11-25,27
82308102,2ND,Wholesale,Purchase,13037.0,2023-09-11,32
92308122,NONCONFORMING,Wholesale,Refinance CashOut,132900.0,2023-09-20,2
82308125,NONCONFORMING,Wholesale,Purchase,363750.0,2023-09-28,44
82308131,FHA,Wholesale,Purchase,274142.0,2023-08-30,14
62308133,CONFORMING,Retail,Refinance CashOut,264000.0,2023-09-18,26
92308172,FHA,Wholesale,Purchase,451800.0,2023-11-21,89
82308176,NONCONFORMING,Wholesale,Refinance CashOut,1272000.0,2023-09-29,35
92308179,FHA,Wholesale,Purchase,289500.0,2023-10-03,39
92308156,FHA,Wholesale,Purchase,603125.0,2023-09-18,27
92308157,2ND,Wholesale,Purchase,21875.0,2023-09-18,27
92308158,NONCONFORMING,Wholesale,Purchase,205000.0,2023-09-06,15
92308160,NONCONFORMING,Wholesale,Refinance CashOut,132600.0,2023-10-10,49
82308164,NONCONFORMING,Wholesale,Purchase,1151750.0,2023-09-27,35
52308208,NONCONFORMING,Wholesale,Refinance CashOut,370000.0,2023-09-07,8
82308185,FHA,Wholesale,Purchase,332925.0,2023-10-04,37
82308205,2ND,Wholesale,Refinance,415000.0,2023-09-27,28
92308186,FHA BOND,Wholesale,Purchase,540400.0,2023-10-17,50
92308187,2ND,Wholesale,Purchase,19600.0,2023-10-17,50
92308203,2ND,Wholesale,Refinance CashOut,205900.0,2023-09-29,30
92308207,FHA BOND,Wholesale,Purchase,211325.0,2023-09-28,29
62309004,CONFORMING,Retail,Purchase,300000.0,2023-09-27,16
62309016,VA,Retail,Purchase,726000.0,2023-11-03,45
82308212,NONCONFORMING,Wholesale,Purchase,240000.0,2023-09-27,28
82309011,CONFORMING,Wholesale,Purchase,319200.0,2023-09-29,28
82309026,2ND,Wholesale,Refinance CashOut,253925.0,2023-11-03,59
92308213,2ND,Wholesale,Purchase,7665.0,2023-09-28,29
92309002,NONCONFORMING,Wholesale,Purchase,1249999.0,2023-10-05,34
92309009,FHA,Wholesale,Purchase,434250.0,2023-09-27,26
92309010,FHA,Wholesale,Purchase,675500.0,2023-09-13,12
82309054,FHA,Wholesale,Purchase,360000.0,2023-11-15,69
92309029,FHA,Wholesale,Purchase,405300.0,2023-10-17,42
92309030,NONCONFORMING,Wholesale,Purchase,268000.0,2023-09-29,23
92309070,NONCONFORMING,Wholesale,Refinance CashOut,292000.0,2023-10-06,28
82309071,FHA,Wholesale,Purchase,772000.0,2023-10-17,39
82309072,NONCONFORMING,Wholesale,Purchase,965000.0,2023-10-10,32
52309078,NONCONFORMING,Wholesale,Refinance CashOut,100000.0,2023-09-18,7
82309056,FHA,Wholesale,Purchase,521100.0,2023-09-27,20
92309057,NONCONFORMING,Wholesale,Purchase,666000.0,2023-09-27,20
82309059,FHA,Wholesale,Purchase,408500.0,2023-10-18,41
92309062,NONCONFORMING,Wholesale,Purchase,840000.0,2023-09-19,11
92309064,NONCONFORMING,Wholesale,Refinance CashOut,260000.0,2023-10-10,32
82309068,FHA,Wholesale,Purchase,386000.0,2023-11-20,73
92309069,CONFORMING,Wholesale,Purchase,408500.0,2023-10-16,14
82309103,NONCONFORMING,Wholesale,Purchase,284800.0,2023-09-29,16
92309107,CONFORMING,Wholesale,Purchase,105000.0,2023-09-29,15
82309109,CONFORMING,Wholesale,Purchase,1267500.0,2023-10-26,42
92309113,NONCONFORMING,Wholesale,Purchase,2080000.0,2023-10-12,28
82511432,NONCONFORMING,Wholesale,Refinance CashOut,,2025-12-09,19
82511436,NONCONFORMING,Wholesale,Refinance CashOut,,2025-12-22,32
82512087,FHA,Wholesale,Other,,2025-12-29,26
82512089,ZERO INTEREST PROGRAM,Wholesale,Purchase,,2025-12-31,30
82512092,NONCONFORMING,Wholesale,Refinance,,2025-12-12,9
82512093,NONCONFORMING,Wholesale,Purchase,,2025-12-31,28
82512095,NONCONFORMING,Wholesale,Purchase,,2025-12-23,20
82512097,FHA BOND,Wholesale,Purchase,,2025-12-18,15
82512100,2ND,Wholesale,Purchase,,2025-12-18,15
82512101,NONCONFORMING,Wholesale,Purchase,,2025-12-31,28
82512113,CONFORMING,Wholesale,Purchase,,2025-12-30,27
82402292,NONCONFORMING,Wholesale,Purchase,276000.0,2024-03-15,22
82402293,NONCONFORMING,Wholesale,Purchase,280000.0,2024-03-20,27
92402267,NONCONFORMING,Wholesale,Purchase,228750.0,2024-03-07,15
92402279,CONFORMING,Wholesale,Refinance CashOut,550000.0,2024-03-25,33
92402287,FHA,Wholesale,Purchase,357049.0,2024-03-26,33
62402334,CONFORMING,Retail,Purchase,270600.0,2024-04-01,24
82402298,FHA,Wholesale,Purchase,453550.0,2024-03-11,18
82402306,2ND,Wholesale,Refinance CashOut,145500.0,2024-04-09,46
82402307,NONCONFORMING,Wholesale,Purchase,321600.0,2024-03-13,19
82402327,NONCONFORMING,Wholesale,Purchase,712500.0,2024-03-29,35
82402331,NONCONFORMING,Wholesale,Purchase,611250.0,2024-03-26,30
92402320,NONCONFORMING,Wholesale,Purchase,384000.0,2024-03-27,33
32305041,VA,Retail,Refinance CashOut,397000.0,2023-06-08,35
92305012,2ND,Wholesale,Purchase,21350.0,2023-06-05,35
32305014,FHA,Retail,Purchase,507307.0,2023-06-05,34
82305019,CONVENTIONAL BOND STD MI,Wholesale,Purchase,509250.0,2023-06-05,34
82305020,2ND,Wholesale,Purchase,15750.0,2023-06-05,34
82305023,CONFORMING,Wholesale,Purchase,416000.0,2023-05-31,29
82305029,2ND,Wholesale,Refinance CashOut,321436.0,2023-06-14,42
82305069,CONFORMING,Wholesale,Purchase,365990.0,2023-09-12,130
92305044,NONCONFORMING,Wholesale,Purchase,307800.0,2023-08-03,91
92305046,NONCONFORMING,Wholesale,Purchase,492000.0,2023-05-17,13
82305047,CONFORMING,Wholesale,Refinance CashOut,350000.0,2023-06-06,33
52305063,NONCONFORMING,Wholesale,Refinance CashOut,315000.0,2023-06-01,0
82305064,FHA BOND,Wholesale,Purchase,130275.0,2023-06-23,49
82305095,CONFORMING,Wholesale,Purchase,724000.0,2023-06-15,37
92305082,CONFORMING,Wholesale,Purchase,249600.0,2023-05-22,14
82305084,NONCONFORMING,Wholesale,Refinance CashOut,250000.0,2023-06-08,31
82305086,FHA,Wholesale,Purchase,560000.0,2023-05-24,16
92305091,FHA,Wholesale,Purchase,241250.0,2023-05-30,21
92305100,NONCONFORMING,Wholesale,Refinance CashOut,390000.0,2023-05-31,21
32305112,FHA,Retail,Refinance CashOut,307000.0,2023-07-19,69
92305115,NONCONFORMING,Wholesale,Purchase,667000.0,2023-05-31,19
92305117,NONCONFORMING,Wholesale,Refinance CashOut,200000.0,2023-05-31,19
82305143,FHA,Wholesale,Refinance CashOut,90000.0,2023-07-24,68
92305130,FHA,Wholesale,Purchase,333890.0,2023-06-05,21
92305133,NONCONFORMING,Wholesale,Purchase,492000.0,2023-06-01,16
82305137,CONFORMING,Wholesale,Purchase,290000.0,2023-06-14,29
92305139,NONCONFORMING,Wholesale,Refinance CashOut,300000.0,2023-06-07,22
92305146,NONCONFORMING,Wholesale,Refinance CashOut,175000.0,2023-06-21,35
92305147,VA,Wholesale,Purchase,363000.0,2023-06-14,27
82305150,FHA,Wholesale,Purchase,593475.0,2023-06-02,15
92305152,NONCONFORMING,Wholesale,Purchase,1668750.0,2023-06-13,26
82305161,VA,Wholesale,Purchase,270000.0,2023-06-29,41
92305203,ZERO INTEREST PROGRAM,Wholesale,Purchase,14700.0,2023-06-28,35
82305085,2ND,Wholesale,Purchase,4725.0,2023-06-23,49
82305205,FHA,Wholesale,Refinance CashOut,159000.0,2023-07-17,53
82305206,FHA,Wholesale,Purchase,376350.0,2023-07-14,25
92305207,FHA,Wholesale,Purchase,429425.0,2023-07-03,38
82305179,FHA,Wholesale,Purchase,509347.0,2023-07-24,63
82305190,NONCONFORMING,Wholesale,Purchase,1080000.0,2023-07-12,49
92305193,FHA,Wholesale,Purchase,386000.0,2023-07-10,47
92305198,FHA BOND,Wholesale,Purchase,405300.0,2023-06-28,35
92306007,CONFORMING,Wholesale,Purchase,384000.0,2023-07-25,25
82306013,FHA,Wholesale,Purchase,463200.0,2023-07-06,34
82306014,2ND,Wholesale,Refinance CashOut,210000.0,2023-08-14,73
82305208,NONCONFORMING,Wholesale,Purchase,1288000.0,2023-06-28,33
82305212,2ND,Wholesale,Refinance CashOut,123106.0,2023-07-05,40
92305215,CONVENTIONAL BOND STD MI,Wholesale,Purchase,383150.0,2023-07-05,36
92305216,2ND,Wholesale,Purchase,11850.0,2023-07-05,36
82305217,NONCONFORMING,Wholesale,Purchase,543900.0,2023-07-03,17
92305222,FHA BOND,Wholesale,Purchase,453550.0,2023-07-05,35
92305225,2ND,Wholesale,Purchase,16450.0,2023-07-05,35
92306003,NONCONFORMING,Wholesale,Refinance CashOut,705000.0,2023-06-23,22
82306004,NONCONFORMING,Wholesale,Purchase,811750.0,2023-06-28,27
92306030,FHA,Wholesale,Purchase,197600.0,2023-07-14,37
82511452,NONCONFORMING,Wholesale,Purchase,,2025-12-15,25
82511462,NONCONFORMING,Wholesale,Purchase,,2025-12-30,39
82512123,FHA BOND,Wholesale,Purchase,,2025-12-29,25
82512127,2ND,Wholesale,Refinance CashOut,,2025-12-30,26
82512129,2ND,Wholesale,Purchase,,2025-12-29,25
82512133,NONCONFORMING,Wholesale,Refinance CashOut,,2026-01-02,29
82512134,NONCONFORMING,Wholesale,Purchase,,2025-12-30,26
82512147,2ND,Wholesale,Refinance CashOut,,2025-12-19,15
82512150,NONCONFORMING,Wholesale,Purchase,,2025-12-29,25
82402337,FHA BOND,Wholesale,Purchase,328100.0,2024-03-26,29
82402341,NONCONFORMING,Wholesale,Refinance CashOut,122200.0,2024-04-08,42
82402344,NONCONFORMING,Wholesale,Purchase,329550.0,2024-03-20,23
82402345,2ND,Wholesale,Purchase,11900.0,2024-03-26,29
82402346,CONFORMING,Wholesale,Refinance,766550.0,2024-03-28,31
82402350,NONCONFORMING,Wholesale,Purchase,428000.0,2024-03-29,32
82402353,FHA,Wholesale,Purchase,308800.0,2024-04-03,37
82402356,NONCONFORMING,Wholesale,Refinance,812500.0,2024-04-09,42
82402359,NONCONFORMING,Wholesale,Purchase,525000.0,2024-04-10,43
82402362,NONCONFORMING,Wholesale,Refinance,372750.0,2024-04-10,43
82402371,NONCONFORMING,Wholesale,Purchase,412000.0,2024-03-29,31
92402348,NONCONFORMING,Wholesale,Purchase,435000.0,2024-03-20,23
92402355,NONCONFORMING,Wholesale,Purchase,664000.0,2024-03-14,14
92402360,FHA BOND,Wholesale,Purchase,390825.0,2024-04-22,47
92402364,2ND,Wholesale,Purchase,14175.0,2024-04-22,47
92402367,NONCONFORMING,Wholesale,Purchase,319800.0,2024-03-19,21
82402372,FHA BOND,Wholesale,Purchase,337750.0,2024-03-21,23
82402375,CONFORMING,Wholesale,Purchase,282000.0,2024-03-14,16
82402376,2ND,Wholesale,Purchase,12250.0,2024-03-21,23
82402378,NONCONFORMING,Wholesale,Purchase,3262500.0,2024-04-04,37
82402379,CONFORMING,Wholesale,Refinance CashOut,472500.0,2024-04-15,48
82402380,NONCONFORMING,Wholesale,Purchase,176250.0,2024-03-14,16
82402385,FHA,Wholesale,Purchase,308703.0,2024-03-27,28
82402390,FHA,Wholesale,Purchase,260550.0,2024-03-25,26
82402391,NONCONFORMING,Wholesale,Purchase,4050000.0,2024-03-26,27
92402373,NONCONFORMING,Wholesale,Purchase,1050000.0,2024-03-25,27
92402374,NONCONFORMING,Wholesale,Refinance CashOut,269000.0,2024-03-26,28
92402388,FHA BOND,Wholesale,Purchase,478640.0,2024-04-16,41
92402392,2ND,Wholesale,Purchase,17360.0,2024-04-16,41
52402421,NONCONFORMING,Wholesale,Refinance CashOut,510000.0,2024-03-19,19
52403005,NONCONFORMING,Wholesale,Refinance CashOut,175000.0,2024-03-18,17
62403012,CONFORMING,Retail,Purchase,337250.0,2024-04-05,25
82402417,NONCONFORMING,Wholesale,Purchase,1339000.0,2024-04-08,39
82402418,FHA,Wholesale,Purchase,743050.0,2024-04-08,39
82402424,NONCONFORMING,Wholesale,Purchase,588750.0,2024-03-20,20
82402426,NONCONFORMING,Wholesale,Refinance,628989.0,2024-04-05,36
82403007,NONCONFORMING,Wholesale,Purchase,311250.0,2024-05-03,46
82403011,FHA,Wholesale,Purchase,588650.0,2024-05-21,78
82403014,FHA BOND,Wholesale,Purchase,325687.0,2024-05-30,27
92403013,CONFORMING,Wholesale,Purchase,300000.0,2024-05-16,74
62403019,CONFORMING,Retail,Purchase,288000.0,2024-04-04,30
82403016,NONCONFORMING,Wholesale,Refinance,167000.0,2024-03-29,25
82403021,NONCONFORMING,Wholesale,Refinance,173000.0,2024-03-29,25
82403026,FHA,Wholesale,Refinance CashOut,252000.0,2024-03-28,24
82403027,NONCONFORMING,Wholesale,Refinance CashOut,455000.0,2024-05-28,85
82403028,FHA BOND,Wholesale,Purchase,386000.0,2024-03-29,25
82403029,FHA,Wholesale,Purchase,786475.0,2024-04-05,31
82403030,FHA,Wholesale,Purchase,419775.0,2024-03-20,16
82403038,NONCONFORMING,Wholesale,Purchase,684000.0,2024-03-29,24
82403039,FHA BOND,Wholesale,Purchase,468025.0,2024-03-21,16
82403044,2ND,Wholesale,Purchase,16975.0,2024-03-21,16
62403049,CONFORMING,Retail,Purchase,355000.0,2024-04-24,23
62403080,CONFORMING,Retail,Purchase,450000.0,2024-04-29,47
82403051,NONCONFORMING,Wholesale,Purchase,310500.0,2024-04-09,35
82403054,NONCONFORMING,Wholesale,Purchase,339915.0,2024-04-12,38
82403069,NONCONFORMING,Wholesale,Refinance CashOut,247500.0,2024-04-15,40
82403070,FHA,Wholesale,Purchase,607950.0,2024-04-03,28
82403073,NONCONFORMING,Wholesale,Purchase,900000.0,2024-04-08,33
82403074,NONCONFORMING,Wholesale,Purchase,2308000.0,2024-04-18,43
82403081,NONCONFORMING,Wholesale,Refinance CashOut,353500.0,2024-04-29,53
92403045,NONCONFORMING,Wholesale,Purchase,464000.0,2024-03-29,24
92403050,NONCONFORMING,Wholesale,Refinance CashOut,1820000.0,2024-06-18,105
92403056,NONCONFORMING,Wholesale,Refinance CashOut,1560000.0,2024-06-20,107
82403094,NONCONFORMING,Wholesale,Purchase,680000.0,2024-04-16,36
82403095,FHA,Wholesale,Purchase,788500.0,2024-04-02,26
92302070002,NONCONFORMING,Wholesale,Refinance CashOut,250000.0,2023-03-15,36
32302090001,CONFORMING,Retail,Refinance CashOut,372000.0,2023-03-08,27
92302021,CONFORMING,Wholesale,Purchase,475000.0,2023-03-09,22
32302034,HELOC,Broker,Other,100000.0,2023-04-18,60
32302038,VA,Retail,Purchase,425000.0,2023-03-17,25
92302069,CONFORMING,Wholesale,Purchase,576000.0,2023-03-20,25
92303015,FHA,Wholesale,Purchase,468025.0,2023-03-30,28
92303017,NONCONFORMING,Wholesale,Purchase,112500.0,2023-04-13,42
92302090,NONCONFORMING,Wholesale,Refinance,245000.0,2023-03-31,31
92303008,CONFORMING,Wholesale,Refinance,225000.0,2023-03-28,27
82303049,FHA,Wholesale,Purchase,284675.0,2023-04-04,29
92303050,NONCONFORMING,Wholesale,Refinance CashOut,195000.0,2023-03-31,25
92303021,FHA,Wholesale,Purchase,506625.0,2023-04-04,33
92303088,FHA BOND,Wholesale,Purchase,579000.0,2023-04-14,35
92303090,2ND,Wholesale,Purchase,21000.0,2023-04-14,35
32303064,CONFORMING,Retail,Refinance CashOut,200000.0,2023-04-28,51
82303069,FHA,Wholesale,Purchase,197600.0,2023-04-28,51
92303078,NONCONFORMING,Wholesale,Refinance CashOut,554400.0,2023-04-17,39
32303080,CONFORMING,Retail,Refinance CashOut,227500.0,2023-04-28,50
32303118,2ND,Retail,Refinance CashOut,101000.0,2023-05-08,54
92303119,FHA BOND,Wholesale,Purchase,400523.0,2023-03-31,16
92303125,2ND,Wholesale,Purchase,22155.0,2023-04-06,23
82512159,NONCONFORMING,Wholesale,Refinance,,2026-01-05,31
82512192,NONCONFORMING,Wholesale,Purchase,,2026-01-07,30
82512244,FHA BOND,Wholesale,Purchase,,2025-12-19,10
82512288,2ND,Wholesale,Purchase,,2025-12-31,21
82403100,NONCONFORMING,Wholesale,Purchase,441000.0,2024-03-28,21
82511467,FHA,Wholesale,Purchase,,2025-12-10,19
82512162,NONCONFORMING,Wholesale,Purchase,,2025-12-30,25
82512165,FHA,Wholesale,Purchase,,2025-12-22,17
82512168,NONCONFORMING,Wholesale,Purchase,,2025-12-23,18
82311257,NONCONFORMING,Wholesale,Purchase,170000.0,2023-12-18,19
92311234,NONCONFORMING,Wholesale,Refinance CashOut,1960000.0,2024-01-12,45
92311235,NONCONFORMING,Wholesale,Refinance CashOut,224250.0,2023-12-22,24
92311238,NONCONFORMING,Wholesale,Purchase,399000.0,2024-01-17,50
92311255,NONCONFORMING,Wholesale,Purchase,150000.0,2023-12-13,14
92311259,FHA,Wholesale,Purchase,414950.0,2023-12-22,23
92311260,FHA,Wholesale,Purchase,648000.0,2024-01-11,24
182312006,FHA,Retail,Purchase,278885.0,2024-02-21,33
52312023,2ND,Wholesale,Refinance,130000.0,2023-12-27,20
82312004,NONCONFORMING,Wholesale,Refinance,434000.0,2024-01-03,33
82312011,NONCONFORMING,Wholesale,Purchase,152000.0,2023-12-29,25
82312014,NONCONFORMING,Wholesale,Purchase,587200.0,2023-12-29,25
92311263,FHA BOND,Wholesale,Purchase,548120.0,2023-12-14,14
92311266,2ND,Wholesale,Purchase,19880.0,2023-12-14,14
92311268,NONCONFORMING,Wholesale,Purchase,552000.0,2023-12-18,18
92312000,NONCONFORMING,Wholesale,Purchase,274320.0,2023-12-29,28
92312007,NONCONFORMING,Wholesale,Purchase,324750.0,2024-01-05,32
92312017,NONCONFORMING,Wholesale,Purchase,292000.0,2023-12-29,25
92312021,FHA BOND,Wholesale,Purchase,135003.0,2024-01-03,29
82312030,NONCONFORMING,Wholesale,Purchase,476000.0,2023-12-18,13
82312033,NONCONFORMING,Wholesale,Purchase,388450.0,2023-12-26,20
82312039,2ND,Wholesale,Refinance CashOut,125000.0,2024-01-23,48
82312050,2ND,Wholesale,Refinance CashOut,154800.0,2023-12-29,21
92312025,2ND,Wholesale,Purchase,4896.0,2024-01-03,29
92312026,FHA,Wholesale,Purchase,259575.0,2024-01-02,28
92312031,NONCONFORMING,Wholesale,Purchase,184000.0,2023-12-14,9
92312032,CONFORMING,Wholesale,Purchase,948750.0,2024-01-03,29
92312043,NONCONFORMING,Wholesale,Refinance CashOut,146250.0,2024-01-03,27
92312055,NONCONFORMING,Wholesale,Refinance CashOut,270000.0,2023-12-29,20
62312083,CONFORMING,Retail,Purchase,560000.0,2024-02-05,41
82312067,NONCONFORMING,Wholesale,Purchase,624000.0,2024-01-19,39
82312074,NONCONFORMING,Wholesale,Refinance CashOut,650000.0,2024-01-10,29
82312082,NONCONFORMING,Wholesale,Purchase,693750.0,2024-01-16,35
92312057,FHA,Wholesale,Purchase,403365.0,2023-12-29,20
92312062,NONCONFORMING,Wholesale,Purchase,187500.0,2023-12-21,10
92312068,NONCONFORMING,Wholesale,Purchase,708000.0,2024-01-03,23
92312081,NONCONFORMING,Wholesale,Purchase,1739797.0,2024-02-06,56
92312085,NONCONFORMING,Wholesale,Purchase,430000.0,2024-01-08,26
52312091,2ND,Wholesale,Refinance CashOut,110000.0,2024-01-16,34
82312090,NONCONFORMING,Wholesale,Purchase,512000.0,2024-01-05,23
82312093,NONCONFORMING,Wholesale,Purchase,2040000.0,2024-01-16,34
82312115,CONFORMING,Wholesale,Refinance,468750.0,2024-01-16,33
82312118,NONCONFORMING,Wholesale,Purchase,550000.0,2024-01-11,28
82312124,VA,Wholesale,Purchase,190000.0,2024-01-18,34
82312125,NONCONFORMING,Wholesale,Purchase,769250.0,2023-12-27,12
82312126,NONCONFORMING,Wholesale,Purchase,700000.0,2024-01-18,21
92312094,NONCONFORMING,Wholesale,Purchase,211060.0,2023-12-29,16
92312096,CONVENTIONAL BOND,Wholesale,Purchase,317700.0,2024-01-17,35
92312113,NONCONFORMING,Wholesale,Purchase,485450.0,2024-01-03,20
92312123,NONCONFORMING,Wholesale,Purchase,224000.0,2023-12-29,14
82312129,NONCONFORMING,Wholesale,Refinance CashOut,851500.0,2024-01-23,39
82312134,NONCONFORMING,Wholesale,Purchase,573750.0,2024-01-10,23
82312143,NONCONFORMING,Wholesale,Purchase,321887.0,2024-01-05,18
82312152,NONCONFORMING,Wholesale,Purchase,234750.0,2024-01-18,30
82312154,2ND,Wholesale,Purchase,182500.0,2024-01-04,16
92312132,CONFORMING,Wholesale,Purchase,255000.0,2024-01-18,34
92312136,NONCONFORMING,Wholesale,Purchase,172000.0,2024-01-09,22
92312138,NONCONFORMING,Wholesale,Refinance CashOut,221650.0,2024-01-22,35
92312139,NONCONFORMING,Wholesale,Purchase,215461.0,2024-03-12,85
92312142,NONCONFORMING,Wholesale,Refinance CashOut,238500.0,2024-01-22,35
92312145,NONCONFORMING,Wholesale,Refinance CashOut,203000.0,2024-01-22,35
92312147,CONFORMING,Wholesale,Purchase,346500.0,2024-01-08,20
92312148,NONCONFORMING,Wholesale,Purchase,150000.0,2024-01-11,23
92312157,NONCONFORMING,Wholesale,Purchase,372000.0,2024-03-25,31
52312199,2ND,Wholesale,Refinance CashOut,150000.0,2024-01-19,24
82312164,CONFORMING,Wholesale,Purchase,291000.0,2024-02-09,51
82312165,2ND,Wholesale,Purchase,9000.0,2024-02-09,51
82312166,NONCONFORMING,Wholesale,Refinance CashOut,445250.0,2024-01-17,28
82312168,NONCONFORMING,Wholesale,Purchase,932000.0,2024-01-25,36
82312172,NONCONFORMING,Wholesale,Refinance CashOut,449600.0,2024-01-19,29
82511465,NONCONFORMING,Wholesale,Purchase,,2025-12-09,18
82512198,NONCONFORMING,Wholesale,Purchase,,2025-12-23,15
82512224,NONCONFORMING,Wholesale,Refinance CashOut,,2026-01-05,27
82512241,NONCONFORMING,Wholesale,Purchase,,2026-01-05,27
92312182,NONCONFORMING,Wholesale,Purchase,296000.0,2024-01-18,27
92312187,NONCONFORMING,Wholesale,Purchase,237800.0,2024-01-16,25
92312189,NONCONFORMING,Wholesale,Purchase,375000.0,2024-01-24,33
92312197,NONCONFORMING,Wholesale,Purchase,584000.0,2024-01-18,23
52312215,2ND,Wholesale,Refinance CashOut,150000.0,2024-01-22,26
62312203,HOME POSSIBLE,Retail,Purchase,202255.0,2024-02-20,49
82312204,NONCONFORMING,Wholesale,Purchase,500000.0,2024-01-31,36
82312206,2ND,Wholesale,Refinance CashOut,305000.0,2024-01-29,34
82312213,NONCONFORMING,Wholesale,Purchase,584000.0,2024-01-23,27
82312217,NONCONFORMING,Wholesale,Purchase,329000.0,2024-01-18,22
82312219,FHA,Wholesale,Purchase,439386.0,2024-02-06,41
82312225,FHA BOND,Wholesale,Purchase,303975.0,2024-01-29,32
82312226,CONFORMING,Wholesale,Purchase,810000.0,2024-01-17,20
82312227,2ND,Wholesale,Purchase,11025.0,2024-01-29,32
82312232,FHA,Wholesale,Purchase,448725.0,2024-01-11,13
82312235,2ND,Wholesale,Refinance CashOut,135000.0,2024-02-08,41
92312216,2ND,Wholesale,Purchase,10500.0,2024-01-17,21
92312220,FHA BOND,Wholesale,Purchase,496975.0,2024-02-01,36
92312222,NONCONFORMING,Wholesale,Purchase,365000.0,2024-01-18,21
92312223,2ND,Wholesale,Purchase,10113.0,2024-02-01,36
82401009,NONCONFORMING,Wholesale,Purchase,492000.0,2024-02-07,35
82401014,NONCONFORMING,Wholesale,Refinance,2240000.0,2024-01-31,28
82401017,2ND,Wholesale,Refinance CashOut,150000.0,2024-02-09,37
82401021,FHA BOND,Wholesale,Purchase,509520.0,2024-02-20,32
82401022,NONCONFORMING,Wholesale,Refinance,221000.0,2024-01-31,27
82401023,NONCONFORMING,Wholesale,Refinance CashOut,525000.0,2024-02-16,43
82401025,FHA,Wholesale,Other,503100.0,2024-02-06,33
92401003,NONCONFORMING,Wholesale,Purchase,375000.0,2024-01-26,24
92401006,NONCONFORMING,Wholesale,Refinance CashOut,250000.0,2024-01-16,14
92401007,NONCONFORMING,Wholesale,Refinance CashOut,407000.0,2024-01-16,14
92401011,NONCONFORMING,Wholesale,Purchase,663000.0,2024-01-23,20
92401012,NONCONFORMING,Wholesale,Refinance CashOut,144830.0,2024-01-30,27
92401019,NONCONFORMING,Wholesale,Purchase,640669.0,2024-03-22,79
82401034,NONCONFORMING,Wholesale,Purchase,365000.0,2024-02-05,31
82401045,CONFORMING,Wholesale,Purchase,645000.0,2024-02-12,35
82401047,NONCONFORMING,Wholesale,Purchase,420750.0,2024-01-19,11
82401048,2ND,Wholesale,Refinance CashOut,200000.0,2024-02-20,43
82401055,NONCONFORMING,Wholesale,Purchase,200000.0,2024-01-19,10
82401067,CONFORMING,Wholesale,Purchase,299250.0,2024-02-06,27
82401070,NONCONFORMING,Wholesale,Refinance CashOut,1143100.0,2024-02-23,44
82401077,FHA BOND,Wholesale,Purchase,400475.0,2024-02-09,30
92401035,NONCONFORMING,Wholesale,Purchase,191250.0,2024-03-08,63
92401038,NONCONFORMING,Wholesale,Purchase,503200.0,2024-01-31,26
92401041,2ND,Wholesale,Purchase,18025.0,2024-02-01,24
82401081,2ND,Wholesale,Purchase,14525.0,2024-02-09,30
82401082,CONFORMING,Wholesale,Purchase,422100.0,2024-02-22,43
82401083,FHA,Wholesale,Purchase,313625.0,2024-02-29,50
82401084,VA,Wholesale,Purchase,700000.0,2024-02-02,23
82401085,FHA BOND,Wholesale,Purchase,434250.0,2024-02-15,35
82401087,FHA,Wholesale,Purchase,168875.0,2024-01-26,15
82401088,2ND,Wholesale,Purchase,15750.0,2024-02-15,35
82401089,FHA,Wholesale,Purchase,443900.0,2024-01-30,19
82401090,CONFORMING,Wholesale,Purchase,665000.0,2024-01-30,19
82401091,CONFORMING,Wholesale,Purchase,240817.0,2024-02-06,26
82401095,2ND,Wholesale,Refinance CashOut,250000.0,2024-02-27,46
82401100,FHA,Wholesale,Refinance CashOut,357000.0,2024-02-15,34
82401101,FHA,Wholesale,Purchase,294325.0,2024-02-12,31
82401102,NONCONFORMING,Wholesale,Refinance CashOut,819000.0,2024-02-28,47
82401104,NONCONFORMING,Wholesale,Refinance CashOut,819000.0,2024-02-28,47
82401106,FHA BOND,Wholesale,Purchase,466095.0,2024-02-08,27
82401107,2ND,Wholesale,Purchase,16905.0,2024-02-08,27
92401092,FHA,Wholesale,Purchase,361875.0,2024-02-09,29
82401112,2ND,Wholesale,Refinance CashOut,200000.0,2024-02-22,41
82401124,CONFORMING,Wholesale,Refinance CashOut,415000.0,2024-02-02,18
82401125,FHA,Wholesale,Purchase,482500.0,2024-03-06,51
82401134,NONCONFORMING,Wholesale,Purchase,330400.0,2024-03-06,50
82401137,CONFORMING,Wholesale,Purchase,402800.0,2024-02-08,23
92401129,NONCONFORMING,Wholesale,Refinance CashOut,170800.0,2024-03-01,45
92401133,FHA,Wholesale,Purchase,207000.0,2024-02-07,22
92401135,NONCONFORMING,Wholesale,Purchase,650000.0,2024-02-05,20
82401144,NONCONFORMING,Wholesale,Purchase,370640.0,2024-02-08,22
82401145,FHA,Wholesale,Purchase,330030.0,2024-03-01,44
82401152,NONCONFORMING,Wholesale,Refinance CashOut,365000.0,2024-02-20,34
82401153,NONCONFORMING,Wholesale,Purchase,512000.0,2024-01-30,13
82401154,2ND,Wholesale,Refinance CashOut,421210.0,2024-02-12,26
82401156,NONCONFORMING,Wholesale,Purchase,1155000.0,2024-01-26,9
82401157,NONCONFORMING,Wholesale,Refinance CashOut,245000.0,2024-02-20,34
82401160,NONCONFORMING,Wholesale,Purchase,692000.0,2024-03-07,49
82401165,NONCONFORMING,Wholesale,Purchase,580000.0,2024-02-15,28
82401167,FHA,Wholesale,Purchase,220985.0,2024-01-31,13
82401169,NONCONFORMING,Wholesale,Purchase,1040000.0,2024-02-06,19
92401151,NONCONFORMING,Wholesale,Purchase,450000.0,2024-02-21,35
92401164,NONCONFORMING,Wholesale,Purchase,692000.0,2024-02-12,25
82401174,NONCONFORMING,Wholesale,Purchase,428000.0,2024-02-14,27
82401182,CONFORMING,Wholesale,Purchase,351500.0,2024-02-27,40
82512247,NONCONFORMING,Wholesale,Refinance CashOut,,2025-12-30,21
82512248,NONCONFORMING,Wholesale,Purchase,,2025-12-30,21
82512251,NONCONFORMING,Wholesale,Purchase,,2025-12-30,21
82512252,ZERO INTEREST PROGRAM,Wholesale,Purchase,,2025-12-19,10
62512232,NONCONFORMING,Retail,Purchase,,2026-01-02,24
82512234,NONCONFORMING,Wholesale,Purchase,,2025-12-29,20
82512235,NONCONFORMING,Wholesale,Refinance CashOut,,2025-12-29,20
82512237,NONCONFORMING,Wholesale,Refinance CashOut,,2025-12-24,15
82512254,VA,Wholesale,Purchase,,2025-12-31,22
82512259,NONCONFORMING,Wholesale,Purchase,,2025-12-16,7
92307075,FHA BOND,Wholesale,Purchase,612775.0,2023-08-17,31
82307076,2ND,Wholesale,Refinance CashOut,244472.0,2023-08-28,42
92307050,2ND,Wholesale,Refinance CashOut,550000.0,2023-07-31,20
82307051,FHA BOND,Wholesale,Purchase,439075.0,2023-09-29,63
82307053,VA,Wholesale,Purchase,475000.0,2023-08-15,35
82307054,FHA,Wholesale,Purchase,347400.0,2023-08-14,33
82307057,NONCONFORMING,Wholesale,Purchase,1170000.0,2023-08-15,34
82307059,NONCONFORMING,Wholesale,Refinance CashOut,150000.0,2023-10-19,98
82307078,NONCONFORMING,Wholesale,Refinance CashOut,1500000.0,2023-07-27,10
92307099,FHA BOND,Wholesale,Purchase,468025.0,2023-08-17,29
82307103,VA,Wholesale,Purchase,250000.0,2023-08-16,27
82307107,2ND,Wholesale,Purchase,13020.0,2023-09-29,72
82307086,CONFORMING,Wholesale,Refinance CashOut,507500.0,2023-08-15,28
62307088,CONFORMING,Retail,Purchase,557750.0,2023-08-07,19
82307090,NONCONFORMING,Wholesale,Purchase,686250.0,2023-08-22,34
92307095,NONCONFORMING,Wholesale,Refinance CashOut,1500000.0,2023-08-31,43
82307097,FHA BOND,Wholesale,Purchase,358980.0,2023-09-29,72
82307136,NONCONFORMING,Wholesale,Purchase,526000.0,2023-08-08,14
82307111,CONVENTIONAL BOND STD MI,Wholesale,Purchase,338530.0,2023-08-25,36
82307113,2ND,Wholesale,Purchase,10470.0,2023-08-25,36
82307126,NONCONFORMING,Wholesale,Purchase,600000.0,2023-08-17,24
92307129,FHA,Wholesale,Purchase,279000.0,2023-08-16,22
82307160,FHA,Wholesale,Purchase,588650.0,2023-08-31,35
82307164,CONFORMING,Wholesale,Purchase,343900.0,2023-08-09,12
82307142,VA,Wholesale,Refinance CashOut,374400.0,2023-08-14,19
82307144,NONCONFORMING,Wholesale,Refinance,682500.0,2023-08-22,27
52307149,NONCONFORMING,Retail,Purchase,165000.0,2023-08-01,6
82307150,NONCONFORMING,Wholesale,Refinance CashOut,399750.0,2023-10-10,76
82307173,2ND,Wholesale,Purchase,15925.0,2023-09-29,63
92307178,FHA,Wholesale,Purchase,583825.0,2023-09-18,49
92307179,NONCONFORMING,Wholesale,Purchase,275167.0,2023-08-30,30
82308007,2ND,Wholesale,Refinance CashOut,150000.0,2023-10-10,70
92308048,NONCONFORMING,Wholesale,Purchase,270400.0,2023-09-05,29
92307084,2ND,Wholesale,Purchase,22225.0,2023-08-17,31
92307109,2ND,Wholesale,Purchase,16975.0,2023-08-17,29
62308081,CONFORMING,Retail,Purchase,258000.0,2023-09-29,24
82308084,NONCONFORMING,Wholesale,Purchase,484800.0,2023-09-19,41
82308088,FHA BOND,Wholesale,Purchase,359462.0,2023-09-11,32
32308059,CONFORMING,Retail,Purchase,235000.0,2023-09-13,35
82308060,FHA BOND,Wholesale,Purchase,453550.0,2023-09-15,38
82308061,2ND,Wholesale,Purchase,16450.0,2023-09-15,38
92308069,FHA BOND,Wholesale,Purchase,390825.0,2023-09-05,28
92308070,2ND,Wholesale,Purchase,14175.0,2023-09-05,28
92308075,NONCONFORMING,Wholesale,Purchase,399200.0,2023-10-31,83
92308078,FHA BOND,Wholesale,Purchase,694800.0,2023-09-20,42
92308079,2ND,Wholesale,Purchase,25200.0,2023-09-20,42
42308110,FHA BOND,Retail,Purchase,405300.0,2023-09-08,27
42308111,2ND,Retail,Purchase,21000.0,2023-09-08,27
82512290,NONCONFORMING,Wholesale,Purchase,,2025-12-26,16
82512292,2ND,Wholesale,Refinance CashOut,,2026-01-05,26
82512286,FHA BOND,Wholesale,Purchase,,2025-12-31,21
82512325,NONCONFORMING,Wholesale,Refinance CashOut,,2025-12-29,18
82512326,2ND,Wholesale,Refinance CashOut,,2026-01-07,27
82512337,FHA,Wholesale,Purchase,,2026-01-06,26
92310302,FHA,Wholesale,Purchase,511450.0,2023-11-28,28
92311000,NONCONFORMING,Wholesale,Refinance CashOut,269750.0,2023-12-01,30
32311012,VA,Retail,Purchase,355000.0,2023-12-07,35
52311008,NONCONFORMING,Wholesale,Purchase,150000.0,2023-11-30,29
82311009,CONFORMING,Wholesale,Purchase,318500.0,2023-11-27,26
82311022,NONCONFORMING,Wholesale,Purchase,360000.0,2023-11-16,14
82311033,NONCONFORMING,Wholesale,Purchase,338820.0,2023-11-20,17
82311034,NONCONFORMING,Wholesale,Refinance,652600.0,2023-12-07,34
92311013,NONCONFORMING,Wholesale,Purchase,401250.0,2023-11-17,15
92311017,FHA,Wholesale,Refinance CashOut,330000.0,2023-11-27,25
92311042,CONFORMING,Wholesale,Purchase,432000.0,2023-12-07,34
52311048,2ND,Wholesale,Refinance CashOut,35000.0,2023-11-10,4
82311056,NONCONFORMING,Wholesale,Purchase,267500.0,2023-12-12,35
82311058,NONCONFORMING,Wholesale,Purchase,150000.0,2023-12-07,30
82311061,FHA,Wholesale,Purchase,731000.0,2023-12-05,28
82311076,FHA,Wholesale,Purchase,723000.0,2023-12-29,16
82311078,2ND,Wholesale,Refinance CashOut,534430.0,2023-12-21,43
92311047,NONCONFORMING,Wholesale,Purchase,361500.0,2023-12-01,25
92311077,NONCONFORMING,Wholesale,Purchase,452000.0,2023-11-27,19
62311116,FHA,Retail,Purchase,392000.0,2023-12-22,22
82311084,FHA BOND,Wholesale,Purchase,373358.0,2023-12-08,30
82311104,VA,Wholesale,Purchase,475000.0,2023-11-20,11
82311109,2ND,Wholesale,Refinance CashOut,250000.0,2023-12-11,32
82311122,FHA,Wholesale,Refinance CashOut,336000.0,2023-12-27,44
92311091,NONCONFORMING,Wholesale,Purchase,456000.0,2023-11-30,21
92311093,NONCONFORMING,Wholesale,Purchase,539600.0,2023-12-05,26
92311102,NONCONFORMING,Wholesale,Purchase,416000.0,2023-12-05,26
92311121,NONCONFORMING,Wholesale,Purchase,1080000.0,2023-12-06,23
202311129,CONFORMING,Retail,Refinance CashOut,334750.0,2024-01-31,72
82311128,2ND,Wholesale,Purchase,13541.0,2023-12-08,30
82311133,NONCONFORMING,Wholesale,Purchase,248000.0,2024-01-22,69
82311134,NONCONFORMING,Wholesale,Refinance CashOut,346500.0,2023-12-20,36
82311136,NONCONFORMING,Wholesale,Purchase,795000.0,2023-12-11,27
82311139,NONCONFORMING,Wholesale,Refinance CashOut,300000.0,2023-12-11,27
82311148,NONCONFORMING,Wholesale,Purchase,840000.0,2023-11-29,14
82311150,NONCONFORMING,Wholesale,Purchase,384000.0,2023-12-15,30
92311140,FHA,Wholesale,Purchase,186245.0,2024-02-20,98
32311175,NONCONFORMING,Retail,Purchase,290500.0,2023-12-07,20
82311168,NONCONFORMING,Wholesale,Purchase,813150.0,2023-12-08,21
82311176,NONCONFORMING,Wholesale,Purchase,255000.0,2023-12-22,35
82311177,NONCONFORMING,Wholesale,Purchase,1695750.0,2023-12-07,20
82311178,FHA,Wholesale,Refinance CashOut,580000.0,2023-12-20,31
82311180,NONCONFORMING,Wholesale,Purchase,317600.0,2023-12-08,18
82311189,2ND,Wholesale,Refinance CashOut,248000.0,2023-12-27,37
82311192,NONCONFORMING,Wholesale,Purchase,944000.0,2023-12-14,24
92311159,NONCONFORMING,Wholesale,Purchase,1040000.0,2023-12-01,15
92311173,NONCONFORMING,Wholesale,Purchase,308000.0,2023-12-29,42
92311184,NONCONFORMING,Wholesale,Purchase,270400.0,2023-12-28,38
92311185,NONCONFORMING,Wholesale,Refinance CashOut,217500.0,2023-12-19,29
92311187,NONCONFORMING,Wholesale,Refinance CashOut,237250.0,2023-12-12,22
92311190,2ND,Wholesale,Refinance CashOut,125000.0,2023-12-27,37
82311216,NONCONFORMING,Wholesale,Purchase,450000.0,2023-12-12,20
82311218,NONCONFORMING,Wholesale,Purchase,302250.0,2024-01-05,42
82311220,NONCONFORMING,Wholesale,Purchase,1435910.0,2023-12-19,25
82311227,CONFORMING,Wholesale,Purchase,936000.0,2023-12-11,14
92311198,NONCONFORMING,Wholesale,Purchase,180000.0,2023-12-22,31
52311241,NONCONFORMING,Wholesale,Refinance,200000.0,2023-12-06,8
82311230,CONFORMING,Wholesale,Purchase,598500.0,2023-12-28,31
82311232,NONCONFORMING,Wholesale,Purchase,960000.0,2024-01-02,35
82311244,2ND,Wholesale,Refinance CashOut,296180.0,2024-01-17,50
82512368,NONCONFORMING,Wholesale,Purchase,,2025-12-30,18
82512372,NONCONFORMING,Wholesale,Refinance,,2026-01-05,24
82512379,NONCONFORMING,Wholesale,Purchase,,2026-01-06,25
82404102,CONFORMING,Wholesale,Purchase,408500.0,2024-04-19,14
82404110,FHA,Wholesale,Purchase,391000.0,2024-04-30,25
82404115,NONCONFORMING,Wholesale,Purchase,200000.0,2024-05-03,28
82404116,FHA,Wholesale,Purchase,357200.0,2024-04-29,24
82404127,FHA,Wholesale,Purchase,443900.0,2024-04-18,10
82404128,FHA,Wholesale,Purchase,974650.0,2024-05-08,30
82404132,FHA,Wholesale,Purchase,616635.0,2024-04-29,21
82404134,2ND,Wholesale,Refinance CashOut,195000.0,2024-05-03,25
82404137,NONCONFORMING,Wholesale,Purchase,509175.0,2024-04-30,22
82404141,NONCONFORMING,Wholesale,Purchase,300000.0,2024-05-14,36
92404094,FHA,Wholesale,Refinance CashOut,510000.0,2024-07-22,109
92404140,CONFORMING,Wholesale,Refinance CashOut,514000.0,2024-04-24,16
82404149,2ND,Wholesale,Refinance CashOut,222000.0,2024-05-22,43
82404152,FHA,Wholesale,Refinance,175000.0,2024-05-24,45
82404155,NONCONFORMING,Wholesale,Purchase,1025000.0,2024-05-07,28
82404157,CONFORMING,Wholesale,Purchase,546250.0,2024-04-30,21
82404165,FHA BOND,Wholesale,Purchase,373455.0,2024-04-30,21
82404167,2ND,Wholesale,Purchase,13545.0,2024-04-30,21
82404168,NONCONFORMING,Wholesale,Refinance,859500.0,2024-06-10,61
82404171,NONCONFORMING,Wholesale,Refinance CashOut,261100.0,2024-05-13,33
82404173,CONFORMING,Wholesale,Purchase,332500.0,2024-05-14,34
82404174,CONFORMING,Wholesale,Purchase,508000.0,2024-05-10,30
82404175,FHA,Wholesale,Purchase,405300.0,2024-05-06,26
92404151,FHA BOND,Wholesale,Purchase,352225.0,2024-05-20,41
92404153,2ND,Wholesale,Purchase,12775.0,2024-05-20,41
82404182,NONCONFORMING,Wholesale,Purchase,336000.0,2024-05-13,33
82404186,FHA,Wholesale,Purchase,646550.0,2024-05-22,42
82404190,FHA,Wholesale,Purchase,284675.0,2024-04-26,16
82404196,FHA,Wholesale,Purchase,539100.0,2024-05-09,29
82404207,NONCONFORMING,Wholesale,Refinance CashOut,288000.0,2024-04-26,15
82404221,CONFORMING,Wholesale,Purchase,532000.0,2024-08-06,117
82404228,NONCONFORMING,Wholesale,Purchase,440000.0,2024-05-17,36
82404231,CONFORMING,Wholesale,Purchase,511000.0,2024-05-08,27
82404232,FHA,Wholesale,Purchase,410400.0,2024-04-24,12
92404208,NONCONFORMING,Wholesale,Purchase,150000.0,2024-05-03,22
92404216,FHA,Wholesale,Purchase,965000.0,2024-05-10,29
52404237,2ND,Wholesale,Refinance CashOut,100000.0,2024-05-06,24
82404236,FHA,Wholesale,Purchase,450655.0,2024-05-17,30
82404239,FHA,Wholesale,Purchase,405300.0,2024-05-07,25
82404249,NONCONFORMING,Wholesale,Purchase,219500.0,2024-05-10,28
82404257,NONCONFORMING,Wholesale,Purchase,633321.0,2024-06-18,64
82404259,NONCONFORMING,Wholesale,Purchase,150000.0,2024-05-06,21
82404261,NONCONFORMING,Wholesale,Refinance CashOut,150000.0,2024-05-02,17
82404266,FHA,Wholesale,Purchase,303975.0,2024-04-30,15
82404269,NONCONFORMING,Wholesale,Purchase,210000.0,2024-05-20,35
82404274,NONCONFORMING,Wholesale,Refinance CashOut,225000.0,2024-05-07,21
82404284,NONCONFORMING,Wholesale,Refinance,643500.0,2024-05-13,27
92404270,NONCONFORMING,Wholesale,Refinance,397500.0,2024-06-26,72
92404273,2ND,Wholesale,Refinance CashOut,550000.0,2024-05-23,37
92404281,NONCONFORMING,Wholesale,Purchase,150000.0,2024-05-07,21
92404289,NONCONFORMING,Wholesale,Purchase,251920.0,2024-05-08,22
82404301,NONCONFORMING,Wholesale,Purchase,172500.0,2024-04-26,9
82404310,NONCONFORMING,Wholesale,Purchase,351920.0,2024-05-07,20
92404309,NONCONFORMING,Wholesale,Refinance CashOut,500000.0,2024-05-09,22
82401193,FHA,Wholesale,Purchase,246075.0,2024-02-08,20
82401202,NONCONFORMING,Wholesale,Refinance CashOut,200000.0,2024-02-13,25
82401208,FHA,Wholesale,Purchase,496975.0,2024-03-04,38
92401188,2ND,Wholesale,Purchase,18480.0,2024-02-20,32
92401191,CONFORMING,Wholesale,Purchase,266000.0,2024-02-23,35
92401197,FHA,Wholesale,Purchase,405300.0,2024-02-27,39
62401233,FHA,Retail,Purchase,334855.0,2024-02-26,27
82401209,CONFORMING,Wholesale,Refinance,593000.0,2024-02-26,35
82401210,NONCONFORMING,Wholesale,Purchase,900000.0,2024-02-13,22
82401211,FHA,Wholesale,Purchase,371525.0,2024-02-09,16
82401214,CONVENTIONAL BOND STD MI,Wholesale,Purchase,281300.0,2024-02-23,32
82401218,CONFORMING,Wholesale,Purchase,360000.0,2024-02-13,22
82401222,NONCONFORMING,Wholesale,Refinance,552000.0,2024-02-16,25
82401225,2ND,Wholesale,Purchase,8700.0,2024-02-23,32
82401227,FHA BOND,Wholesale,Purchase,304940.0,2024-03-08,45
82401229,FHA BOND,Wholesale,Purchase,468025.0,2024-02-16,24
82401230,CONFORMING,Wholesale,Purchase,337221.0,2024-02-27,35
92401215,NONCONFORMING,Wholesale,Refinance CashOut,269100.0,2024-02-28,37
82401241,2ND,Wholesale,Purchase,11060.0,2024-03-08,45
82401245,CONFORMING,Wholesale,Purchase,750500.0,2024-03-04,34
82401251,CONFORMING,Wholesale,Purchase,283500.0,2024-02-15,22
82401252,FHA BOND,Wholesale,Purchase,400475.0,2024-03-08,44
82401254,NONCONFORMING,Wholesale,Purchase,440250.0,2024-02-13,20
82401257,NONCONFORMING,Wholesale,Purchase,529561.0,2024-02-28,35
82401264,NONCONFORMING,Wholesale,Purchase,245000.0,2024-02-20,26
92401234,CONVENTIONAL BOND STD MI,Wholesale,Purchase,295850.0,2024-02-23,31
92401237,2ND,Wholesale,Purchase,9150.0,2024-02-23,31
92401244,NONCONFORMING,Wholesale,Purchase,228000.0,2024-02-29,36
82401267,2ND,Wholesale,Purchase,14525.0,2024-03-08,44
82401268,2ND,Wholesale,Refinance CashOut,166000.0,2024-02-20,26
82401269,NONCONFORMING,Wholesale,Refinance CashOut,660000.0,2024-09-23,242
82401270,FHA,Wholesale,Purchase,627250.0,2024-02-21,27
82401271,NONCONFORMING,Wholesale,Purchase,1240000.0,2024-02-22,28
82401273,NONCONFORMING,Wholesale,Purchase,976500.0,2024-02-08,14
82401274,CONFORMING,Wholesale,Purchase,232000.0,2024-02-14,20
82401277,FHA,Wholesale,Purchase,294315.0,2024-02-29,35
82401283,2ND,Wholesale,Purchase,16975.0,2024-02-16,24
82401287,CONFORMING,Wholesale,Purchase,384000.0,2024-02-16,21
82401288,CONFORMING,Wholesale,Purchase,429000.0,2024-03-28,62
82401289,FHA BOND,Wholesale,Purchase,260550.0,2024-03-01,35
82401292,2ND,Wholesale,Refinance CashOut,350000.0,2024-02-26,31
82401294,FHA,Wholesale,Purchase,365735.0,2024-02-08,13
82401297,FHA,Wholesale,Purchase,361875.0,2024-02-22,27
82401299,2ND,Wholesale,Purchase,9450.0,2024-03-01,35
92401280,NONCONFORMING,Wholesale,Purchase,200100.0,2024-01-31,6
92401290,NONCONFORMING,Wholesale,Purchase,597192.0,2024-02-21,26
92401296,NONCONFORMING,Wholesale,Purchase,560777.0,2024-02-20,25
82401305,FHA,Wholesale,Purchase,419775.0,2024-03-28,23
82401306,NONCONFORMING,Wholesale,Refinance CashOut,1995000.0,2024-03-08,39
82401308,CONFORMING,Wholesale,Refinance,562500.0,2024-03-14,45
82401309,FHA,Wholesale,Purchase,434250.0,2024-04-17,19
82401310,CONFORMING,Wholesale,Purchase,841490.0,2024-02-21,23
82401311,NONCONFORMING,Wholesale,Purchase,272500.0,2024-02-29,31
82401313,NONCONFORMING,Wholesale,Purchase,696000.0,2024-02-12,14
82401321,NONCONFORMING,Wholesale,Purchase,340000.0,2024-04-16,27
82401326,FHA BOND,Wholesale,Purchase,381175.0,2024-02-22,23
82401328,FHA BOND,Wholesale,Purchase,395650.0,2024-03-06,22
92401315,NONCONFORMING,Wholesale,Purchase,620000.0,2024-02-14,16
92401316,CONFORMING,Wholesale,Purchase,262500.0,2024-03-14,45
92401323,NONCONFORMING,Wholesale,Refinance CashOut,279000.0,2024-03-08,38
52402002,NONCONFORMING,Wholesale,Refinance CashOut,175000.0,2024-02-20,19
82401333,FHA,Wholesale,Purchase,506625.0,2024-02-23,23
82401336,FHA BOND,Wholesale,Purchase,347400.0,2024-02-29,29
82401338,FHA,Wholesale,Purchase,395650.0,2024-02-22,22
82402000,2ND,Wholesale,Purchase,12600.0,2024-02-29,29
82402001,NONCONFORMING,Wholesale,Refinance CashOut,302900.0,2024-04-05,64
82402004,NONCONFORMING,Wholesale,Purchase,329250.0,2024-02-29,13
82402006,NONCONFORMING,Wholesale,Purchase,3600000.0,2024-02-26,25
82402010,NONCONFORMING,Wholesale,Purchase,590000.0,2024-02-20,19
82402011,2ND,Wholesale,Refinance CashOut,128650.0,2024-03-04,32
82402015,VA,Wholesale,Purchase,770000.0,2024-02-29,28
82402017,NONCONFORMING,Wholesale,Purchase,168750.0,2024-02-28,27
82402019,FHA,Wholesale,Purchase,344505.0,2024-03-04,31
82402021,NONCONFORMING,Wholesale,Purchase,287200.0,2024-02-27,25
82402024,CONFORMING,Wholesale,Purchase,760000.0,2024-03-01,28
82402027,2ND,Wholesale,Purchase,13825.0,2024-02-22,23
82402029,FHA BOND,Wholesale,Purchase,265375.0,2024-03-08,35
82402032,NONCONFORMING,Wholesale,Purchase,2887500.0,2024-02-21,19
82402033,VA,Wholesale,Purchase,705000.0,2024-03-06,33
82402034,FHA,Wholesale,Purchase,492150.0,2024-03-19,18
82402037,FHA,Wholesale,Purchase,402887.0,2024-03-12,39
82402039,2ND,Wholesale,Refinance CashOut,550000.0,2024-03-28,55
82402040,CONFORMING,Wholesale,Purchase,339500.0,2024-03-01,28
82402048,2ND,Wholesale,Purchase,9625.0,2024-03-08,35
82402054,CONFORMING,Wholesale,Refinance CashOut,335000.0,2024-03-29,53
82402059,CONVENTIONAL BOND STD MI,Wholesale,Purchase,406430.0,2024-03-08,32
92402028,2ND,Wholesale,Refinance CashOut,550000.0,2024-02-27,25
92402038,CONFORMING,Wholesale,Purchase,766500.0,2024-02-27,25
92402047,NONCONFORMING,Wholesale,Purchase,201992.0,2024-03-11,35
82512422,NONCONFORMING,Wholesale,Purchase,,2025-12-31,16
82512423,NONCONFORMING,Wholesale,Purchase,,2026-01-07,23
82512425,NONCONFORMING,Wholesale,Purchase,,2025-12-31,16
52310080,NONCONFORMING,Wholesale,Purchase,1050000.0,2023-10-23,14
92310098,NONCONFORMING,Wholesale,Purchase,190000.0,2023-11-14,34
92310099,NONCONFORMING,Wholesale,Purchase,391200.0,2023-11-02,22
82310102,2ND,Wholesale,Refinance CashOut,151000.0,2023-12-27,77
82310106,2ND,Wholesale,Refinance CashOut,228250.0,2023-11-29,49
62310115,CONFORMING,Retail,Purchase,303780.0,2023-10-30,18
82310116,NONCONFORMING,Wholesale,Purchase,170000.0,2023-11-13,32
92310082,NONCONFORMING,Wholesale,Purchase,261937.0,2023-10-23,14
92310088,2ND,Wholesale,Refinance CashOut,219000.0,2023-11-06,27
82310092,CONFORMING,Wholesale,Purchase,214400.0,2023-11-09,30
92310093,NONCONFORMING,Wholesale,Purchase,500000.0,2023-10-27,17
82310097,NONCONFORMING,Wholesale,Purchase,1240000.0,2023-10-31,20
82310129,CONFORMING,Wholesale,Purchase,500000.0,2023-11-21,36
82310131,NONCONFORMING,Wholesale,Purchase,664000.0,2023-11-06,21
82310157,FHA,Wholesale,Purchase,326170.0,2023-10-31,14
92310135,NONCONFORMING,Wholesale,Refinance CashOut,153000.0,2023-12-18,63
92310149,FHA BOND,Wholesale,Purchase,270200.0,2023-11-21,35
92310150,NONCONFORMING,Wholesale,Refinance CashOut,231000.0,2023-12-06,50
52310158,NONCONFORMING,Wholesale,Refinance CashOut,240000.0,2023-11-16,30
52310160,NONCONFORMING,Wholesale,Refinance,115000.0,2023-10-31,12
52310164,NONCONFORMING,Wholesale,Refinance CashOut,700000.0,2023-11-29,43
82304101,ZERO INTEREST PROGRAM,Wholesale,Purchase,109108.0,2023-06-07,62
82304130,2ND,Wholesale,Purchase,11900.0,2023-05-18,42
32304132,FHA,Retail,Purchase,429425.0,2023-05-09,29
92304136,FHA BOND,Wholesale,Purchase,179972.0,2023-05-04,24
92304137,FHA BOND,Wholesale,Purchase,328003.0,2023-05-26,46
92304138,CONFORMING,Wholesale,Purchase,261803.0,2023-05-23,43
92304148,2ND,Wholesale,Purchase,6528.0,2023-05-04,24
92304151,2ND,Wholesale,Purchase,11897.0,2023-05-26,46
92304154,CONFORMING,Wholesale,Purchase,667500.0,2023-05-23,42
92304185,FHA,Wholesale,Refinance CashOut,460000.0,2023-05-30,47
92304190,FHA,Wholesale,Purchase,332925.0,2023-05-12,28
92304193,CONVENTIONAL BOND STD MI,Wholesale,Purchase,546250.0,2023-05-22,38
82304198,FHA BOND,Wholesale,Purchase,643500.0,2023-07-06,80
82304199,NONCONFORMING,Wholesale,Purchase,1071000.0,2023-06-07,51
92304201,FHA BOND,Wholesale,Purchase,260550.0,2023-05-23,36
82304206,2ND,Wholesale,Purchase,13095.0,2023-07-06,80
82304212,CONFORMING,Wholesale,Purchase,351500.0,2023-05-09,22
92304213,ZERO INTEREST PROGRAM,Wholesale,Purchase,8100.0,2023-05-23,36
92304214,FHA BOND,Wholesale,Purchase,318450.0,2023-05-31,43
92304218,2ND,Wholesale,Purchase,17250.0,2023-05-22,38
92304219,2ND,Wholesale,Purchase,11550.0,2023-05-31,43
92304222,FHA,Wholesale,Purchase,521100.0,2023-05-26,38
92304242,FHA BOND,Wholesale,Purchase,458375.0,2023-06-16,56
92304243,FHA,Wholesale,Purchase,358800.0,2023-05-24,33
82304228,NONCONFORMING,Wholesale,Purchase,276800.0,2023-05-15,26
92304233,FHA BOND,Wholesale,Purchase,169840.0,2023-05-23,33
92304235,ZERO INTEREST PROGRAM,Wholesale,Purchase,7040.0,2023-05-23,33
92304238,FHA,Wholesale,Purchase,263435.0,2023-05-02,12
82304239,NONCONFORMING,Wholesale,Refinance,195000.0,2023-07-26,97
82304252,NONCONFORMING,Wholesale,Purchase,265930.0,2023-05-15,21
92304256,2ND,Wholesale,Purchase,16625.0,2023-06-16,56
82304260,CONVENTIONAL BOND STD MI,Wholesale,Purchase,339500.0,2023-05-30,36
82304262,2ND,Wholesale,Purchase,10500.0,2023-05-30,36
92304295,FHA,Wholesale,Purchase,377315.0,2023-05-19,21
92304279,FHA,Wholesale,Purchase,320000.0,2023-06-07,42
92304281,CONFORMING,Wholesale,Purchase,676000.0,2023-05-22,26
92304287,FHA BOND,Wholesale,Purchase,292877.0,2023-05-26,29
92304290,2ND,Wholesale,Purchase,5960.0,2023-05-26,29
82304294,2ND,Wholesale,Refinance CashOut,100100.0,2023-06-14,47
82305011,FHA BOND,Wholesale,Purchase,588650.0,2023-06-05,35
82304300,2ND,Wholesale,Purchase,25025.0,2023-07-06,69
82304301,CONFORMING,Wholesale,Purchase,1180500.0,2023-05-25,27
92304305,2ND,Wholesale,Purchase,10622.0,2023-05-26,29
92304307,NONCONFORMING,Wholesale,Purchase,300000.0,2023-07-31,94
92304308,NONCONFORMING,Wholesale,Purchase,360000.0,2023-07-31,94
92304309,NONCONFORMING,Wholesale,Purchase,487500.0,2023-07-31,94
92305001,NONCONFORMING,Wholesale,Purchase,192500.0,2023-06-06,36
82305033,CONFORMING,Wholesale,Purchase,472625.0,2023-05-24,21
82511480,2ND,Wholesale,Refinance CashOut,,2025-12-24,33
82512504,NONCONFORMING,Wholesale,Purchase,,2025-12-29,12
82512506,FHA,Wholesale,Purchase,,2026-01-05,19
82310189,FHA,Wholesale,Purchase,320000.0,2023-12-11,53
92310165,2ND,Wholesale,Purchase,9800.0,2023-11-21,35
92310173,NONCONFORMING,Wholesale,Purchase,543750.0,2023-11-09,22
92310182,NONCONFORMING,Wholesale,Purchase,245000.0,2023-11-20,33
92310188,NONCONFORMING,Wholesale,Purchase,217500.0,2023-11-29,41
92310193,FHA,Wholesale,Purchase,468000.0,2023-12-28,70
82310198,CONFORMING,Wholesale,Purchase,703153.0,2023-11-09,20
82310199,NONCONFORMING,Wholesale,Purchase,149600.0,2023-11-13,24
82310200,CONFORMING,Wholesale,Refinance CashOut,550000.0,2023-12-20,61
82310201,CONFORMING,Wholesale,Purchase,413250.0,2023-11-06,17
82310205,NONCONFORMING,Wholesale,Purchase,352000.0,2023-11-16,27
82310223,2ND,Wholesale,Refinance CashOut,309000.0,2023-11-27,35
82310227,NONCONFORMING,Wholesale,Refinance CashOut,288000.0,2023-12-11,48
92310204,NONCONFORMING,Wholesale,Refinance CashOut,280000.0,2023-11-14,25
92310218,NONCONFORMING,Wholesale,Purchase,155000.0,2023-11-17,25
92310222,VA,Wholesale,Purchase,479900.0,2023-11-01,9
92310231,NONCONFORMING,Wholesale,Purchase,281250.0,2023-11-07,14
62310255,FHA,Retail,Purchase,329065.0,2024-01-09,32
82310249,NONCONFORMING,Wholesale,Purchase,393750.0,2023-11-06,12
82310251,NONCONFORMING,Wholesale,Refinance CashOut,260000.0,2023-11-09,15
82310252,CONFORMING,Wholesale,Purchase,512000.0,2023-12-05,41
82310256,FHA,Wholesale,Purchase,463200.0,2023-11-08,13
92310250,NONCONFORMING,Wholesale,Purchase,906400.0,2023-11-22,28
92310254,CONFORMING,Wholesale,Purchase,631750.0,2023-11-29,20
92310257,NONCONFORMING,Wholesale,Purchase,637500.0,2023-11-21,26
82310274,NONCONFORMING,Wholesale,Purchase,676800.0,2023-11-16,20
82310275,NONCONFORMING,Wholesale,Purchase,351919.0,2023-11-27,30
82310277,NONCONFORMING,Wholesale,Purchase,876000.0,2023-11-20,21
92310261,NONCONFORMING,Wholesale,Purchase,258000.0,2023-11-21,26
82310262,NONCONFORMING,Wholesale,Refinance CashOut,500000.0,2023-12-27,43
92310263,NONCONFORMING,Wholesale,Purchase,885500.0,2023-11-30,35
62310266,CONFORMING,Retail,Purchase,555750.0,2023-12-08,39
82310273,NONCONFORMING,Wholesale,Purchase,255000.0,2023-11-27,31
62311003,FHA,Retail,Purchase,482017.0,2023-11-30,24
82310286,NONCONFORMING,Wholesale,Refinance CashOut,840000.0,2023-12-08,39
82310288,NONCONFORMING,Wholesale,Refinance CashOut,450000.0,2023-11-27,28
92310283,NONCONFORMING,Wholesale,Refinance CashOut,310000.0,2023-11-30,31
92310290,FHA,Wholesale,Purchase,436093.0,2023-12-15,45
92310293,CONFORMING,Wholesale,Purchase,726200.0,2023-12-12,42
82511355,FHA,Wholesale,Purchase,,2025-12-17,30
62512566,NONCONFORMING,Retail,Refinance,,2026-01-06,18
62512570,NONCONFORMING,Retail,Refinance CashOut,,2026-01-06,18
62512571,NONCONFORMING,Retail,Refinance CashOut,,2026-01-06,18
62512572,NONCONFORMING,Retail,Refinance CashOut,,2026-01-06,18
62512574,NONCONFORMING,Retail,Refinance CashOut,,2026-01-06,18
92402051,CONFORMING,Wholesale,Purchase,486000.0,2024-03-13,37
92402061,NONCONFORMING,Wholesale,Purchase,888000.0,2024-02-22,17
82402069,2ND,Wholesale,Purchase,12570.0,2024-03-08,32
82402071,FHA BOND,Wholesale,Purchase,521100.0,2024-03-08,31
82402077,NONCONFORMING,Wholesale,Purchase,992000.0,2024-02-28,22
82402078,NONCONFORMING,Wholesale,Purchase,520000.0,2024-03-07,30
82402091,NONCONFORMING,Wholesale,Purchase,431200.0,2024-03-01,23
92402084,NONCONFORMING,Wholesale,Refinance,315000.0,2024-02-20,13
52402112,NONCONFORMING,Wholesale,Refinance CashOut,115000.0,2024-02-12,4
82402095,FHA,Wholesale,Purchase,363805.0,2024-02-28,21
82402101,CONFORMING,Wholesale,Purchase,390000.0,2024-03-15,37
82402103,CONFORMING,Wholesale,Purchase,475300.0,2024-02-28,21
82402105,CONFORMING,Wholesale,Refinance CashOut,227500.0,2024-03-15,36
82402106,2ND,Wholesale,Purchase,18900.0,2024-03-08,31
82402111,CONFORMING,Wholesale,Purchase,706783.0,2024-03-27,48
82402115,FHA BOND,Wholesale,Purchase,381175.0,2024-03-21,42
82402118,NONCONFORMING,Wholesale,Refinance CashOut,490700.0,2024-03-13,34
92402098,NONCONFORMING,Wholesale,Refinance CashOut,264000.0,2024-03-04,26
92402108,NONCONFORMING,Wholesale,Purchase,180000.0,2024-02-27,19
92402117,NONCONFORMING,Wholesale,Purchase,191250.0,2024-02-28,20
92402121,NONCONFORMING,Wholesale,Purchase,852000.0,2024-04-23,74
82402123,CONFORMING,Wholesale,Purchase,636500.0,2024-04-15,66
82402125,2ND,Wholesale,Purchase,13825.0,2024-03-21,42
82402126,NONCONFORMING,Wholesale,Purchase,776000.0,2024-02-29,20
82402130,NONCONFORMING,Wholesale,Refinance CashOut,1855000.0,2024-04-10,61
82402135,NONCONFORMING,Wholesale,Refinance CashOut,1012500.0,2024-03-29,49
82402136,FHA,Wholesale,Purchase,1090450.0,2024-03-29,22
82402140,CONFORMING,Wholesale,Purchase,264600.0,2024-02-28,16
82402142,FHA,Wholesale,Refinance CashOut,300000.0,2024-03-28,45
82402144,NONCONFORMING,Wholesale,Refinance CashOut,322000.0,2024-03-15,32
82402145,NONCONFORMING,Wholesale,Purchase,1120000.0,2024-03-11,28
82402148,NONCONFORMING,Wholesale,Purchase,352500.0,2024-03-19,36
82402149,NONCONFORMING,Wholesale,Refinance,392000.0,2024-02-28,16
82402153,VA,Wholesale,Purchase,330000.0,2024-03-15,31
82402162,FHA,Wholesale,Purchase,477675.0,2024-03-01,17
82402164,2ND,Wholesale,Purchase,14350.0,2024-03-06,22
82402166,FHA,Wholesale,Purchase,219055.0,2024-03-12,28
82402173,NONCONFORMING,Wholesale,Refinance CashOut,300000.0,2024-03-14,29
82402176,NONCONFORMING,Wholesale,Purchase,314200.0,2024-03-08,23
82402183,CONFORMING,Wholesale,Purchase,628000.0,2024-03-06,21
92402156,NONCONFORMING,Wholesale,Refinance CashOut,540000.0,2024-03-08,24
92402158,NONCONFORMING,Wholesale,Refinance CashOut,234500.0,2024-02-28,15
92402167,NONCONFORMING,Wholesale,Purchase,820000.0,2024-03-01,17
52402200,NONCONFORMING,Wholesale,Purchase,200000.0,2024-03-01,15
82402185,FHA,Wholesale,Purchase,284675.0,2024-03-29,44
82402186,NONCONFORMING,Wholesale,Purchase,280000.0,2024-03-08,23
82402195,2ND,Wholesale,Refinance CashOut,130000.0,2024-03-06,20
82402207,NONCONFORMING,Wholesale,Purchase,2317000.0,2024-03-07,21
82402214,2ND,Wholesale,Refinance CashOut,190000.0,2024-03-29,42
82402215,2ND,Wholesale,Refinance CashOut,200000.0,2024-03-29,42
82402216,NONCONFORMING,Wholesale,Purchase,512000.0,2024-03-04,17
92402188,NONCONFORMING,Wholesale,Refinance CashOut,353500.0,2024-02-29,15
92402190,FHA,Wholesale,Purchase,429425.0,2024-03-26,21
92402191,NONCONFORMING,Wholesale,Refinance CashOut,343000.0,2024-02-29,15
92402192,NONCONFORMING,Wholesale,Refinance CashOut,868000.0,2024-02-29,15
92402193,NONCONFORMING,Wholesale,Refinance CashOut,150000.0,2024-04-04,49
92402212,NONCONFORMING,Wholesale,Purchase,371250.0,2024-03-07,21
92402217,NONCONFORMING,Wholesale,Refinance,920000.0,2024-04-22,66
62402234,CONFORMING,Retail,Purchase,504000.0,2024-03-26,34
62402252,FHA,Retail,Purchase,445500.0,2024-08-07,37
82402220,FHA,Wholesale,Purchase,760000.0,2024-05-21,95
82402221,FHA BOND,Wholesale,Purchase,453550.0,2024-03-08,21
82402223,2ND,Wholesale,Purchase,16450.0,2024-03-08,21
82402224,NONCONFORMING,Wholesale,Purchase,157000.0,2024-03-14,27
82402232,NONCONFORMING,Wholesale,Purchase,296000.0,2024-03-11,21
82402235,FHA,Wholesale,Purchase,323275.0,2024-03-15,25
82402239,CONFORMING,Wholesale,Purchase,617500.0,2024-03-15,21
82402246,NONCONFORMING,Wholesale,Purchase,1360000.0,2024-04-05,45
82402251,CONFORMING,Wholesale,Purchase,435000.0,2024-03-27,36
82402254,2ND,Wholesale,Refinance CashOut,550000.0,2024-03-14,23
92402218,NONCONFORMING,Wholesale,Refinance CashOut,255000.0,2024-04-16,60
92402219,NONCONFORMING,Wholesale,Purchase,288862.0,2024-03-26,39
92402250,NONCONFORMING,Wholesale,Purchase,388000.0,2024-03-15,24
82402257,CONFORMING,Wholesale,Purchase,312170.0,2024-03-06,15
82402259,CONFORMING,Wholesale,Purchase,446350.0,2024-03-12,21
82402264,FHA,Wholesale,Purchase,288000.0,2024-03-12,20
82402265,NONCONFORMING,Wholesale,Purchase,850000.0,2024-03-18,26
82402266,NONCONFORMING,Wholesale,Purchase,303990.0,2024-03-19,27
82402270,CONVENTIONAL BOND STD MI,Wholesale,Purchase,552000.0,2024-03-29,37
82402272,NONCONFORMING,Wholesale,Refinance,640250.0,2024-04-02,41
82402273,2ND,Wholesale,Purchase,17250.0,2024-03-29,37
82402278,FHA,Wholesale,Purchase,423277.0,2024-03-11,19
82402280,FHA,Wholesale,Purchase,432400.0,2024-04-02,41
62512560,NONCONFORMING,Retail,Refinance CashOut,,2026-01-06,18
62512562,NONCONFORMING,Retail,Refinance CashOut,,2026-01-06,18
62512563,NONCONFORMING,Retail,Refinance CashOut,,2026-01-06,18
82410404,NONCONFORMING,Wholesale,Purchase,712500.0,2024-11-13,27
82410408,NONCONFORMING,Wholesale,Refinance CashOut,260000.0,2024-11-19,33
82410415,NONCONFORMING,Wholesale,Purchase,1211000.0,2024-11-20,33
82410416,NONCONFORMING,Wholesale,Refinance CashOut,206250.0,2024-11-15,28
82410422,2ND,Wholesale,Refinance CashOut,226500.0,2024-12-06,49
82410423,2ND,Wholesale,Refinance CashOut,211000.0,2024-11-22,35
82410424,CONFORMING,Wholesale,Purchase,625650.0,2024-11-20,30
82410425,2ND,Wholesale,Refinance CashOut,240000.0,2025-01-10,84
82410429,CONFORMING,Wholesale,Purchase,574750.0,2024-11-13,26
82410430,FHA,Wholesale,Purchase,308800.0,2024-11-26,39
82410431,NONCONFORMING,Wholesale,Refinance,236000.0,2024-11-26,39
82410438,2ND,Wholesale,Refinance CashOut,150000.0,2025-01-17,91
82410450,NONCONFORMING,Wholesale,Refinance CashOut,560000.0,2024-12-02,45
82410452,NONCONFORMING,Wholesale,Refinance CashOut,414000.0,2024-11-12,25
82410465,VA,Wholesale,Purchase,900000.0,2024-12-27,69
82410475,FHA,Wholesale,Purchase,426530.0,2024-11-21,29
82410480,FHA,Wholesale,Purchase,655500.0,2024-11-26,36
82410481,NONCONFORMING,Wholesale,Refinance CashOut,277500.0,2024-11-19,29
82410482,NONCONFORMING,Wholesale,Purchase,725000.0,2024-11-14,24
82410483,NONCONFORMING,Wholesale,Purchase,224925.0,2024-10-31,10
62410502,NONCONFORMING,Retail,Refinance CashOut,2455000.0,2025-03-31,160
62410503,2ND,Retail,Refinance CashOut,200000.0,2024-12-10,40
82410486,CONFORMING,Wholesale,Purchase,231200.0,2024-11-18,28
82410487,NONCONFORMING,Wholesale,Purchase,187500.0,2024-11-19,29
82410490,2ND,Wholesale,Refinance CashOut,150000.0,2024-11-27,36
82410491,2ND,Wholesale,Refinance CashOut,210000.0,2024-11-08,18
82410495,NONCONFORMING,Wholesale,Purchase,299000.0,2024-11-19,29
82410496,FHA BOND,Wholesale,Purchase,621460.0,2024-12-23,46
82410499,2ND,Wholesale,Purchase,22540.0,2024-12-23,46
82410501,NONCONFORMING,Wholesale,Purchase,1528000.0,2024-11-21,31
82410505,NONCONFORMING,Wholesale,Purchase,205600.0,2024-11-12,21
82410506,2ND,Wholesale,Refinance CashOut,107932.0,2024-12-09,48
82410508,NONCONFORMING,Wholesale,Purchase,305500.0,2024-11-27,36
82410515,NONCONFORMING,Wholesale,Purchase,177750.0,2024-12-02,41
82410518,FHA,Wholesale,Purchase,704450.0,2024-12-23,27
82410519,NONCONFORMING,Wholesale,Purchase,744000.0,2024-11-15,24
82410520,2ND,Wholesale,Refinance CashOut,440000.0,2024-11-18,27
62410521,NONCONFORMING,Retail,Refinance CashOut,900000.0,2024-11-21,30
62410524,VA,Retail,Other,326455.0,2024-11-14,23
82410529,NONCONFORMING,Wholesale,Purchase,230400.0,2024-11-22,31
82410530,CONVENTIONAL BOND STD MI,Wholesale,Purchase,508000.0,2024-11-08,17
82410531,2ND,Wholesale,Refinance CashOut,300000.0,2024-11-08,17
82410532,NONCONFORMING,Wholesale,Purchase,249000.0,2024-11-25,34
82410533,NONCONFORMING,Wholesale,Purchase,510250.0,2024-11-14,23
82410534,NONCONFORMING,Wholesale,Refinance CashOut,100000.0,2024-11-25,34
82410535,NONCONFORMING,Wholesale,Refinance CashOut,100000.0,2024-12-02,41
82410537,FHA,Wholesale,Purchase,354375.0,2024-11-20,29
82410538,NONCONFORMING,Wholesale,Purchase,1584000.0,2024-12-02,41
82410539,CONFORMING,Wholesale,Refinance CashOut,450000.0,2024-11-15,23
82410541,ZERO INTEREST PROGRAM,Wholesale,Purchase,127000.0,2024-11-08,17
82410554,NONCONFORMING,Wholesale,Purchase,320000.0,2024-12-03,41
62410563,FHA,Retail,Purchase,419775.0,2024-12-03,21
62410588,2ND,Retail,Refinance CashOut,350000.0,2025-01-14,76
82410558,NONCONFORMING,Wholesale,Refinance,2853000.0,2024-11-27,35
82410560,NONCONFORMING,Wholesale,Refinance,1575200.0,2024-11-27,35
82410561,VA,Wholesale,Purchase,439500.0,2024-12-03,41
82410566,NONCONFORMING,Wholesale,Refinance CashOut,1000000.0,2024-12-18,55
82410570,NONCONFORMING,Wholesale,Purchase,280000.0,2024-11-20,27
82410572,NONCONFORMING,Wholesale,Purchase,288000.0,2024-11-25,32
82410583,NONCONFORMING,Wholesale,Purchase,224000.0,2024-12-09,46
82410585,2ND,Wholesale,Refinance CashOut,335000.0,2024-12-26,63
82410590,FHA,Wholesale,Purchase,617600.0,2024-11-26,33
62410609,FHA,Retail,Refinance CashOut,360000.0,2024-12-16,49
82410593,NONCONFORMING,Wholesale,Purchase,684000.0,2024-11-19,25
82410594,NONCONFORMING,Wholesale,Purchase,531120.0,2024-11-27,33
82410598,NONCONFORMING,Wholesale,Refinance CashOut,2437500.0,2025-01-10,77
82410601,2ND,Wholesale,Refinance CashOut,385000.0,2024-11-14,20
82410602,NONCONFORMING,Wholesale,Purchase,471200.0,2024-11-15,21
82410605,NONCONFORMING,Wholesale,Purchase,350000.0,2024-11-18,24
82410607,NONCONFORMING,Wholesale,Purchase,748000.0,2024-11-26,32
82410608,FHA,Wholesale,Purchase,381175.0,2024-12-05,41
82410613,NONCONFORMING,Wholesale,Purchase,428000.0,2024-12-02,38
82410616,2ND,Wholesale,Refinance CashOut,225000.0,2024-11-18,23
82410619,NONCONFORMING,Wholesale,Refinance CashOut,495000.0,2024-11-18,22
82410624,VA,Wholesale,Purchase,325000.0,2024-11-18,21
82410626,NONCONFORMING,Wholesale,Refinance CashOut,1760000.0,2024-11-25,28
82410628,2ND,Wholesale,Refinance CashOut,330000.0,2024-11-22,25
82410635,FHA BOND,Wholesale,Purchase,437627.0,2024-11-27,30
82410641,FHA BOND,Wholesale,Purchase,221950.0,2024-11-29,32
82410643,ZERO INTEREST PROGRAM,Wholesale,Purchase,8050.0,2024-11-29,32
82410644,NONCONFORMING,Wholesale,Refinance CashOut,1640000.0,2024-11-25,28
82410645,2ND,Wholesale,Purchase,15872.0,2024-11-27,30
82410646,FHA,Wholesale,Purchase,460750.0,2024-11-21,24
82410647,NONCONFORMING,Wholesale,Purchase,380000.0,2024-11-27,30
82410648,NONCONFORMING,Wholesale,Refinance CashOut,258375.0,2024-11-25,28
82410649,NONCONFORMING,Wholesale,Purchase,840000.0,2024-11-26,29
82511486,2ND,Wholesale,Refinance CashOut,,2025-12-15,24
82511488,NONCONFORMING,Wholesale,Purchase,,2025-12-04,13
82501382,ZERO INTEREST PROGRAM,Wholesale,Purchase,15715.0,2025-03-07,39
82501385,CONFORMING,Wholesale,Purchase,358625.0,2025-03-04,36
82501392,NONCONFORMING,Wholesale,Purchase,350100.0,2025-03-11,43
82501394,NONCONFORMING,Wholesale,Refinance CashOut,520000.0,2025-03-04,36
82501396,NONCONFORMING,Wholesale,Purchase,960800.0,2025-02-18,22
82501419,2ND,Wholesale,Refinance CashOut,132500.0,2025-02-12,15
82501428,NONCONFORMING,Wholesale,Refinance,446000.0,2025-02-20,22
82501429,CONFORMING,Wholesale,Purchase,741950.0,2025-03-05,36
82501430,NONCONFORMING,Wholesale,Refinance CashOut,1000000.0,2025-05-30,122
82501398,FHA,Wholesale,Refinance CashOut,510000.0,2025-02-24,28
82501399,NONCONFORMING,Wholesale,Refinance CashOut,478000.0,2025-02-12,16
82501400,2ND,Wholesale,Refinance CashOut,171660.0,2025-02-24,28
82501402,FHA,Wholesale,Purchase,672605.0,2025-02-13,17
82501405,NONCONFORMING,Wholesale,Purchase,607500.0,2025-03-05,19
82501409,NONCONFORMING,Wholesale,Purchase,228900.0,2025-02-13,16
82501410,FHA,Wholesale,Purchase,703800.0,2025-02-12,15
82501431,NONCONFORMING,Wholesale,Purchase,308000.0,2025-03-06,30
82501437,FHA,Wholesale,Purchase,299150.0,2025-02-19,21
82501438,CONFORMING,Wholesale,Purchase,300000.0,2025-03-07,37
82501439,2ND,Wholesale,Refinance CashOut,323514.0,2025-05-29,120
82501440,NONCONFORMING,Wholesale,Purchase,1200000.0,2025-02-26,28
82501454,FHA BOND,Wholesale,Purchase,390825.0,2025-04-17,78
82501455,VA,Wholesale,Purchase,1625000.0,2025-02-24,26
82501457,ZERO INTEREST PROGRAM,Wholesale,Purchase,14175.0,2025-04-17,78
82501458,CONVENTIONAL BOND STD MI,Wholesale,Purchase,613370.0,2025-03-03,27
82501459,ZERO INTEREST PROGRAM,Wholesale,Purchase,147800.0,2025-03-03,27
82501471,NONCONFORMING,Wholesale,Purchase,317042.0,2025-02-26,27
62501472,CONFORMING,Retail,Refinance CashOut,191750.0,2025-03-06,35
62501477,FHA,Retail,Refinance CashOut,371000.0,2025-03-17,46
82501441,NONCONFORMING,Wholesale,Purchase,239990.0,2025-02-10,12
82501443,NONCONFORMING,Wholesale,Refinance CashOut,250000.0,2025-03-03,33
82501445,FHA,Wholesale,Purchase,502765.0,2025-02-18,20
82501446,NONCONFORMING,Wholesale,Purchase,184000.0,2025-03-11,41
82501447,CONFORMING,Wholesale,Purchase,769850.0,2025-02-18,20
82501452,FHA,Wholesale,Purchase,516275.0,2025-02-20,22
92404321,NONCONFORMING,Wholesale,Refinance CashOut,425000.0,2024-04-30,12
82404337,FHA,Wholesale,Purchase,603250.0,2024-05-13,24
82404340,FHA,Wholesale,Purchase,279753.0,2024-05-22,33
92404330,NONCONFORMING,Wholesale,Refinance CashOut,210000.0,2024-05-28,40
62404361,CONFORMING,Retail,Purchase,219000.0,2024-05-14,19
82404357,NONCONFORMING,Wholesale,Refinance,990000.0,2024-05-17,25
82404367,NONCONFORMING,Wholesale,Purchase,323992.0,2024-05-24,32
82404370,FHA,Wholesale,Purchase,332925.0,2024-05-09,17
92404353,NONCONFORMING,Wholesale,Purchase,270000.0,2024-05-28,36
92404354,NONCONFORMING,Wholesale,Purchase,276500.0,2024-06-26,65
82404382,CONFORMING,Wholesale,Refinance CashOut,177000.0,2024-05-10,17
82404383,FHA,Wholesale,Purchase,598300.0,2024-06-04,42
82404389,NONCONFORMING,Wholesale,Purchase,226800.0,2024-06-28,50
82404390,NONCONFORMING,Wholesale,Refinance CashOut,955000.0,2024-05-22,29
82404393,NONCONFORMING,Wholesale,Purchase,274550.0,2024-07-08,76
82404394,NONCONFORMING,Wholesale,Refinance CashOut,1356000.0,2024-05-06,13
82404399,CONFORMING,Wholesale,Purchase,560025.0,2024-05-16,21
82404402,NONCONFORMING,Wholesale,Purchase,310000.0,2024-05-14,21
82404415,FHA BOND,Wholesale,Purchase,627250.0,2024-05-16,22
82404417,2ND,Wholesale,Purchase,22750.0,2024-05-16,22
82404429,CONFORMING,Wholesale,Refinance CashOut,315000.0,2024-08-15,113
82404430,NONCONFORMING,Wholesale,Purchase,258750.0,2024-05-23,29
82404431,NONCONFORMING,Wholesale,Purchase,625000.0,2024-05-20,26
82404433,FHA,Wholesale,Purchase,342575.0,2024-05-20,26
82404437,NONCONFORMING,Wholesale,Refinance CashOut,329000.0,2024-06-20,57
92404406,NONCONFORMING,Wholesale,Refinance CashOut,288750.0,2024-05-31,38
92404409,NONCONFORMING,Wholesale,Purchase,420000.0,2024-05-21,27
92404411,NONCONFORMING,Wholesale,Purchase,299920.0,2024-05-15,21
82404438,VA,Wholesale,Purchase,405000.0,2024-05-20,26
82404439,NONCONFORMING,Wholesale,Refinance CashOut,1575000.0,2024-05-28,34
82404440,CONFORMING,Wholesale,Purchase,520000.0,2024-05-23,29
82404441,NONCONFORMING,Wholesale,Refinance CashOut,308000.0,2024-05-30,36
82404442,NONCONFORMING,Wholesale,Refinance CashOut,308000.0,2024-05-30,36
82404443,NONCONFORMING,Wholesale,Refinance CashOut,308000.0,2024-05-30,36
82404444,NONCONFORMING,Wholesale,Refinance CashOut,308000.0,2024-05-30,36
82404445,NONCONFORMING,Wholesale,Refinance CashOut,308000.0,2024-05-30,36
82404446,NONCONFORMING,Wholesale,Refinance CashOut,308000.0,2024-05-30,36
82404447,NONCONFORMING,Wholesale,Refinance CashOut,308000.0,2024-05-30,36
82404448,NONCONFORMING,Wholesale,Refinance CashOut,308000.0,2024-05-30,36
82404449,NONCONFORMING,Wholesale,Refinance CashOut,308000.0,2024-05-30,36
82404450,NONCONFORMING,Wholesale,Refinance CashOut,308000.0,2024-05-30,36
82404453,NONCONFORMING,Wholesale,Purchase,182025.0,2024-06-11,47
82404454,CONFORMING,Wholesale,Refinance,205000.0,2024-05-14,19
82404456,NONCONFORMING,Wholesale,Purchase,161250.0,2024-05-17,22
82404459,NONCONFORMING,Wholesale,Refinance CashOut,1071000.0,2024-05-08,13
82404464,FHA,Wholesale,Refinance CashOut,339000.0,2024-06-11,47
82404471,NONCONFORMING,Wholesale,Purchase,199000.0,2024-05-14,18
92404466,FHA,Wholesale,Purchase,989125.0,2024-05-21,26
62404492,FHA,Retail,Purchase,563500.0,2024-05-24,24
82404475,NONCONFORMING,Wholesale,Purchase,170000.0,2024-05-28,32
82404476,FHA BOND,Wholesale,Purchase,342575.0,2024-05-16,20
82404478,FHA,Wholesale,Purchase,736250.0,2024-05-21,25
82404488,2ND,Wholesale,Purchase,12425.0,2024-05-16,20
82404489,NONCONFORMING,Wholesale,Purchase,1680000.0,2024-05-20,21
82404493,FHA,Wholesale,Purchase,405300.0,2024-05-17,18
82404495,NONCONFORMING,Wholesale,Purchase,306175.0,2024-06-04,36
82404503,FHA BOND,Wholesale,Purchase,480570.0,2024-09-24,39
92404504,FHA,Wholesale,Purchase,362000.0,2024-06-05,20
92404506,FHA,Wholesale,Purchase,598300.0,2024-05-21,22
62405016,CONFORMING,Retail,Purchase,277200.0,2024-07-10,13
82404512,NONCONFORMING,Wholesale,Purchase,941250.0,2024-06-10,41
82404514,NONCONFORMING,Wholesale,Purchase,339500.0,2024-05-30,30
82404517,NONCONFORMING,Wholesale,Refinance CashOut,261000.0,2024-05-24,24
82404520,NONCONFORMING,Wholesale,Refinance CashOut,207900.0,2024-06-17,48
82404521,NONCONFORMING,Wholesale,Refinance CashOut,550000.0,2024-05-30,30
82404522,NONCONFORMING,Wholesale,Refinance CashOut,262500.0,2024-06-17,48
82404525,2ND,Wholesale,Refinance CashOut,238000.0,2024-05-31,31
82405003,NONCONFORMING,Wholesale,Purchase,217000.0,2024-05-28,27
82405004,NONCONFORMING,Wholesale,Purchase,375000.0,2024-05-14,13
82405017,NONCONFORMING,Wholesale,Purchase,768000.0,2024-05-24,23
82405023,CONFORMING,Wholesale,Purchase,525000.0,2024-05-30,29
82511464,NONCONFORMING,Wholesale,Purchase,,2025-12-29,38
82501518,NONCONFORMING,Wholesale,Purchase,425000.0,2025-02-27,27
82502004,FHA,Wholesale,Purchase,1146420.0,2025-02-25,23
82502018,FHA,Wholesale,Purchase,915785.0,2025-02-21,18
82501486,NONCONFORMING,Wholesale,Refinance CashOut,165000.0,2025-03-28,57
82501490,NONCONFORMING,Wholesale,Refinance,588750.0,2025-02-27,28
82501500,2ND,Wholesale,Refinance CashOut,350000.0,2025-03-14,42
82501511,NONCONFORMING,Wholesale,Refinance CashOut,1312500.0,2025-02-24,24
82502020,CONFORMING,Wholesale,Purchase,588000.0,2025-02-25,21
82502022,NONCONFORMING,Wholesale,Purchase,383920.0,2025-02-28,24
82502026,FHA,Wholesale,Purchase,357050.0,2025-02-27,23
82502029,NONCONFORMING,Wholesale,Purchase,528000.0,2025-02-27,23
82502031,NONCONFORMING,Wholesale,Refinance,1400000.0,2025-02-13,9
82502033,2ND,Wholesale,Refinance CashOut,250000.0,2025-02-27,23
82502034,NONCONFORMING,Wholesale,Purchase,223771.0,2025-02-26,22
82502035,FHA,Wholesale,Purchase,496975.0,2025-02-21,17
82502038,CONFORMING,Wholesale,Purchase,567720.0,2025-03-31,55
82502039,CONFORMING,Wholesale,Refinance CashOut,273750.0,2025-02-26,22
82502040,FHA,Wholesale,Purchase,280000.0,2025-03-31,55
82502041,2ND,Wholesale,Refinance CashOut,135000.0,2025-02-27,23
82502042,NONCONFORMING,Wholesale,Refinance CashOut,350000.0,2025-03-04,28
82502043,2ND,Wholesale,Refinance CashOut,150000.0,2025-02-27,23
82502044,CONFORMING,Wholesale,Refinance CashOut,150000.0,2025-03-10,34
82502045,NONCONFORMING,Wholesale,Purchase,1491750.0,2025-02-20,15
82502046,NONCONFORMING,Wholesale,Purchase,1423750.0,2025-02-20,15
82502050,FHA,Wholesale,Purchase,1061500.0,2025-03-05,28
82502052,CONFORMING,Wholesale,Purchase,315000.0,2025-03-05,28
82502057,CONFORMING,Wholesale,Purchase,370000.0,2025-03-18,41
62502061,2ND,Retail,Refinance CashOut,255500.0,2025-04-09,57
82502059,2ND,Wholesale,Refinance CashOut,321755.0,2025-02-26,21
82502062,NONCONFORMING,Wholesale,Refinance,250000.0,2025-03-10,33
82502064,NONCONFORMING,Wholesale,Purchase,508000.0,2025-02-25,20
82502065,CONFORMING,Wholesale,Purchase,1080000.0,2025-03-20,43
82502066,2ND,Wholesale,Refinance CashOut,450000.0,2025-03-05,28
82502068,FHA,Wholesale,Purchase,308800.0,2025-03-06,29
82502069,NONCONFORMING,Wholesale,Purchase,356000.0,2025-04-28,82
82502072,NONCONFORMING,Wholesale,Refinance,1285000.0,2025-02-13,7
82502075,NONCONFORMING,Wholesale,Purchase,783760.0,2025-03-13,35
82502077,NONCONFORMING,Wholesale,Purchase,928000.0,2025-03-12,34
82502083,FHA,Wholesale,Purchase,357050.0,2025-03-04,26
82502088,NONCONFORMING,Wholesale,Purchase,397500.0,2025-02-28,22
82502090,FHA,Wholesale,Refinance CashOut,364800.0,2025-02-27,21
82502094,NONCONFORMING,Wholesale,Purchase,170000.0,2025-03-14,18
82502095,NONCONFORMING,Wholesale,Purchase,258400.0,2025-02-18,11
82502120,CONFORMING,Wholesale,Purchase,662000.0,2025-03-10,28
82502121,NONCONFORMING,Wholesale,Refinance,311380.0,2025-03-31,49
82502128,2ND,Wholesale,Refinance CashOut,557866.0,2025-03-19,37
82502131,FHA,Wholesale,Purchase,269235.0,2025-03-10,28
82502132,NONCONFORMING,Wholesale,Purchase,268000.0,2025-03-12,30
82509672,2ND,Wholesale,Refinance CashOut,150000.0,2025-10-30,36
82509674,NONCONFORMING,Wholesale,Purchase,768000.0,2025-10-20,26
82509675,NONCONFORMING,Wholesale,Purchase,468000.0,2025-10-20,26
82509678,NONCONFORMING,Wholesale,Refinance CashOut,525000.0,2025-12-10,77
82509682,2ND,Wholesale,Refinance CashOut,350000.0,2025-10-20,26
82509654,FHA BOND,Wholesale,Purchase,361875.0,2025-11-21,58
82509657,NONCONFORMING,Wholesale,Refinance CashOut,752500.0,2025-10-22,28
82509659,NONCONFORMING,Wholesale,Purchase,311250.0,2025-10-28,34
82509661,NONCONFORMING,Wholesale,Purchase,272000.0,2025-10-21,27
82509664,NONCONFORMING,Wholesale,Purchase,292000.0,2025-10-08,14
82509665,NONCONFORMING,Wholesale,Purchase,449999.0,2025-10-22,27
82509666,NONCONFORMING,Wholesale,Refinance CashOut,352000.0,2025-11-07,44
82509667,CONFORMING,Wholesale,Purchase,442000.0,2025-10-24,30
82509683,NONCONFORMING,Wholesale,Refinance,765000.0,2025-11-19,56
82509686,NONCONFORMING,Wholesale,Purchase,409500.0,2025-10-29,34
82509688,NONCONFORMING,Wholesale,Purchase,567000.0,2025-10-27,32
82509689,NONCONFORMING,Wholesale,Purchase,233100.0,2025-10-27,32
82509690,NONCONFORMING,Wholesale,Purchase,580000.0,2025-10-22,27
82509691,NONCONFORMING,Wholesale,Purchase,799229.0,2025-10-29,34
82509701,FHA,Wholesale,Refinance,506625.0,2025-11-10,46
82509704,CONFORMING,Wholesale,Purchase,805000.0,2025-10-28,33
82509707,NONCONFORMING,Wholesale,Purchase,440000.0,2025-10-31,36
82509709,FHA,Wholesale,Purchase,583825.0,2025-10-15,20
82509695,2ND,Wholesale,Purchase,13125.0,2025-11-21,58
82509699,NONCONFORMING,Wholesale,Refinance CashOut,225400.0,2025-11-20,56
82509700,NONCONFORMING,Wholesale,Refinance CashOut,2400000.0,2025-11-12,48
82509712,NONCONFORMING,Wholesale,Purchase,344000.0,2025-10-10,15
82509713,FHA,Wholesale,Purchase,410125.0,2025-11-25,32
82509714,FHA,Wholesale,Refinance,704819.0,2025-11-03,39
82509720,NONCONFORMING,Wholesale,Refinance CashOut,324000.0,2025-12-01,66
82509746,NONCONFORMING,Wholesale,Purchase,427452.0,2025-11-03,38
82509747,NONCONFORMING,Wholesale,Purchase,420000.0,2025-11-21,56
82509722,NONCONFORMING,Wholesale,Purchase,315000.0,2025-10-21,25
82509724,NONCONFORMING,Wholesale,Refinance,484400.0,2025-10-27,31
82509728,NONCONFORMING,Wholesale,Refinance CashOut,250000.0,2025-10-22,26
82509730,NONCONFORMING,Wholesale,Purchase,945000.0,2025-10-31,35
82509732,NONCONFORMING,Wholesale,Purchase,290000.0,2025-10-30,31
82509733,NONCONFORMING,Wholesale,Refinance,2238000.0,2025-10-30,34
82509734,FHA,Wholesale,Purchase,873325.0,2025-10-23,21
82509735,CONFORMING,Wholesale,Purchase,450000.0,2025-10-21,25
82408271,NONCONFORMING,Wholesale,Purchase,640000.0,2024-09-06,17
82408274,NONCONFORMING,Wholesale,Purchase,150000.0,2024-09-06,17
82408276,NONCONFORMING,Wholesale,Refinance,155000.0,2024-12-20,122
82408278,NONCONFORMING,Wholesale,Purchase,686250.0,2024-08-30,10
82408279,NONCONFORMING,Wholesale,Purchase,1360000.0,2024-09-30,41
82408281,CONVENTIONAL BOND,Wholesale,Purchase,338000.0,2024-10-10,50
82408282,2ND,Wholesale,Refinance CashOut,300000.0,2024-09-19,29
82408283,NONCONFORMING,Wholesale,Purchase,226500.0,2024-09-20,30
82408287,ZERO INTEREST PROGRAM,Wholesale,Purchase,80000.0,2024-10-10,50
82408289,FHA BOND,Wholesale,Purchase,550050.0,2024-09-23,33
82408290,2ND,Wholesale,Refinance CashOut,210000.0,2024-10-04,44
82408296,FHA,Wholesale,Other,441994.0,2024-09-13,23
82408298,NONCONFORMING,Wholesale,Purchase,248000.0,2024-09-12,22
82408300,NONCONFORMING,Wholesale,Purchase,513600.0,2024-09-26,35
82408302,CONVENTIONAL BOND STD MI,Wholesale,Purchase,510000.0,2024-09-18,27
82408306,CONFORMING,Wholesale,Refinance CashOut,150000.0,2024-11-12,82
82408318,2ND,Wholesale,Purchase,19950.0,2024-09-23,33
82408320,NONCONFORMING,Wholesale,Purchase,420000.0,2024-09-18,27
82408323,ZERO INTEREST PROGRAM,Wholesale,Purchase,120000.0,2024-09-18,27
82408325,NONCONFORMING,Wholesale,Purchase,636000.0,2024-09-13,22
82408327,VA,Wholesale,Purchase,389990.0,2024-11-07,64
82408330,2ND,Wholesale,Refinance CashOut,125000.0,2024-09-30,39
82408331,NONCONFORMING,Wholesale,Purchase,648000.0,2024-09-16,25
82408335,CONFORMING,Wholesale,Refinance CashOut,200000.0,2024-09-30,39
82408336,FHA,Wholesale,Purchase,300000.0,2024-09-13,22
82408337,NONCONFORMING,Wholesale,Purchase,692972.0,2024-09-03,12
82408339,FHA,Wholesale,Purchase,289500.0,2024-09-06,14
82408340,FHA,Wholesale,Purchase,332925.0,2024-09-25,33
82408341,NONCONFORMING,Wholesale,Purchase,750000.0,2024-10-08,46
82408342,CONFORMING,Wholesale,Purchase,1092500.0,2024-09-23,31
82408346,NONCONFORMING,Wholesale,Purchase,892500.0,2024-09-12,20
82408347,NONCONFORMING,Wholesale,Purchase,1500000.0,2024-09-24,32
82408361,NONCONFORMING,Wholesale,Purchase,227000.0,2024-09-27,32
82408364,CONFORMING,Wholesale,Purchase,427500.0,2024-09-13,18
82408365,FHA,Wholesale,Purchase,647660.0,2024-09-20,25
82408366,NONCONFORMING,Wholesale,Purchase,422000.0,2024-09-13,18
82408371,NONCONFORMING,Wholesale,Purchase,1189915.0,2024-09-25,30
82408373,NONCONFORMING,Wholesale,Purchase,654500.0,2024-09-30,35
82408374,NONCONFORMING,Wholesale,Refinance,443000.0,2024-09-30,35
82408376,FHA,Wholesale,Purchase,517500.0,2024-09-20,25
82408378,2ND,Wholesale,Refinance CashOut,153000.0,2024-09-24,29
82408381,NONCONFORMING,Wholesale,Purchase,495000.0,2024-09-23,28
82408383,FHA,Wholesale,Purchase,656650.0,2024-09-27,22
82408385,NONCONFORMING,Wholesale,Purchase,308000.0,2024-09-16,20
82408387,NONCONFORMING,Wholesale,Purchase,560000.0,2024-09-18,22
82408394,NONCONFORMING,Wholesale,Purchase,444000.0,2024-09-27,31
82408398,NONCONFORMING,Wholesale,Refinance CashOut,6300000.0,2024-10-24,58
82408400,NONCONFORMING,Wholesale,Purchase,360000.0,2024-09-27,31
82408402,CONFORMING,Wholesale,Purchase,679250.0,2024-09-13,17
52408405,NONCONFORMING,Wholesale,Refinance CashOut,415000.0,2024-09-24,28
52408431,2ND,Wholesale,Refinance,140000.0,2024-09-11,14
62408407,2ND,Retail,Refinance CashOut,350000.0,2024-10-10,44
62408411,2ND,Retail,Refinance CashOut,600000.0,2024-09-26,29
82408409,NONCONFORMING,Wholesale,Refinance CashOut,712500.0,2024-10-28,62
82408413,CONVENTIONAL BOND STD MI,Wholesale,Purchase,295850.0,2024-09-30,34
82408417,NONCONFORMING,Wholesale,Refinance CashOut,262500.0,2024-11-27,91
82408422,2ND,Wholesale,Refinance CashOut,180000.0,2024-09-30,33
82408425,NONCONFORMING,Wholesale,Purchase,266250.0,2024-10-04,37
82408427,2ND,Wholesale,Refinance CashOut,250000.0,2024-09-27,30
82408433,2ND,Wholesale,Purchase,9150.0,2024-09-30,34
82408435,CONFORMING,Wholesale,Purchase,704000.0,2024-09-20,23
82408436,NONCONFORMING,Wholesale,Purchase,281330.0,2024-10-10,43
82408439,FHA,Wholesale,Purchase,535575.0,2024-10-01,34
82408442,NONCONFORMING,Wholesale,Purchase,948750.0,2024-09-27,29
82408443,NONCONFORMING,Wholesale,Refinance CashOut,300000.0,2024-09-26,28
82408445,NONCONFORMING,Wholesale,Refinance CashOut,150000.0,2024-09-23,25
82408449,2ND,Wholesale,Refinance CashOut,147000.0,2024-10-04,36
82408451,FHA BOND,Wholesale,Purchase,882975.0,2024-10-09,41
82408452,2ND,Wholesale,Purchase,32025.0,2024-10-09,41
82408453,NONCONFORMING,Wholesale,Refinance CashOut,304500.0,2024-10-08,40
82408464,FHA,Wholesale,Purchase,641250.0,2024-09-20,21
82408465,CONFORMING,Wholesale,Purchase,336000.0,2024-09-27,28
82408469,NONCONFORMING,Wholesale,Purchase,128000.0,2024-10-01,32
82408470,NONCONFORMING,Wholesale,Refinance CashOut,1000000.0,2024-10-01,32
82408471,CONFORMING,Wholesale,Refinance,667500.0,2024-09-18,19
82408476,FHA BOND,Wholesale,Purchase,270103.0,2024-09-26,27
82408477,ZERO INTEREST PROGRAM,Wholesale,Purchase,5496.0,2024-09-26,27
82409003,2ND,Wholesale,Purchase,9796.0,2024-09-26,27
82409005,2ND,Wholesale,Refinance CashOut,210000.0,2024-09-30,27
82409006,CONFORMING,Wholesale,Purchase,250000.0,2024-09-24,21
82409010,NONCONFORMING,Wholesale,Refinance CashOut,350000.0,2024-10-18,45
82409011,NONCONFORMING,Wholesale,Refinance CashOut,344000.0,2024-09-25,22
82409013,NONCONFORMING,Wholesale,Refinance CashOut,344000.0,2024-09-25,22
82409017,NONCONFORMING,Wholesale,Purchase,412000.0,2024-10-02,29
82409018,CONFORMING,Wholesale,Purchase,373500.0,2024-09-16,13
82409025,NONCONFORMING,Wholesale,Purchase,231000.0,2024-09-26,23
82409027,NONCONFORMING,Wholesale,Purchase,575200.0,2024-10-17,44
82511455,CONFORMING,Wholesale,Purchase,,2025-12-12,21
82509736,2ND,Wholesale,Refinance CashOut,295000.0,2025-12-10,75
82509739,FHA BOND,Wholesale,Purchase,390825.0,2025-12-12,56
82509750,NONCONFORMING,Wholesale,Purchase,384000.0,2025-10-16,17
82509755,NONCONFORMING,Wholesale,Purchase,785000.0,2025-10-22,23
82509756,NONCONFORMING,Wholesale,Purchase,287000.0,2025-10-17,18
82509757,NONCONFORMING,Wholesale,Purchase,291134.0,2025-10-22,23
82509758,CONVENTIONAL BOND STD MI,Wholesale,Purchase,397700.0,2025-10-17,18
82509759,NONCONFORMING,Wholesale,Refinance CashOut,208000.0,2025-11-03,35
82509762,FHA,Wholesale,Purchase,665850.0,2025-11-13,45
82509763,2ND,Wholesale,Purchase,12300.0,2025-10-17,18
82509764,NONCONFORMING,Wholesale,Purchase,315000.0,2025-10-29,30
82509766,2ND,Wholesale,Refinance CashOut,131365.0,2025-11-12,44
82509767,NONCONFORMING,Wholesale,Purchase,1344000.0,2025-10-17,18
82509769,FHA,Wholesale,Refinance CashOut,272000.0,2025-10-29,30
82509771,NONCONFORMING,Wholesale,Purchase,298000.0,2025-11-05,37
82509773,NONCONFORMING,Wholesale,Purchase,221000.0,2025-10-28,29
82509775,CONFORMING,Wholesale,Purchase,486400.0,2025-10-20,21
82509777,NONCONFORMING,Wholesale,Refinance CashOut,570000.0,2025-10-23,24
82509778,FHA BOND,Wholesale,Purchase,596370.0,2025-10-30,31
82509779,2ND,Wholesale,Purchase,21630.0,2025-10-30,31
82509780,FHA,Wholesale,Purchase,366700.0,2025-11-07,39
82509781,CONFORMING,Wholesale,Purchase,481500.0,2025-11-20,21
82509782,NONCONFORMING,Wholesale,Refinance CashOut,600000.0,2025-11-13,45
82509784,NONCONFORMING,Wholesale,Purchase,300000.0,2025-10-15,16
82509785,NONCONFORMING,Wholesale,Purchase,1144000.0,2025-10-15,16
62509787,NONCONFORMING,Retail,Refinance,124000.0,2025-12-22,83
82509788,FHA,Wholesale,Purchase,1113610.0,2025-10-29,29
82509789,NONCONFORMING,Wholesale,Purchase,190000.0,2025-10-24,24
82509790,NONCONFORMING,Wholesale,Purchase,179600.0,2025-10-28,28
82509793,NONCONFORMING,Wholesale,Purchase,255265.0,2025-10-31,31
82509798,2ND,Wholesale,Refinance CashOut,395000.0,2025-11-13,44
82509800,NONCONFORMING,Wholesale,Purchase,750000.0,2025-11-10,24
82509802,VA,Wholesale,Purchase,375000.0,2025-10-22,22
82509805,2ND,Wholesale,Refinance CashOut,157879.0,2025-10-24,24
82509809,FHA,Wholesale,Purchase,381175.0,2025-11-19,50
82509812,NONCONFORMING,Wholesale,Purchase,464000.0,2025-10-20,20
82509813,NONCONFORMING,Wholesale,Purchase,242000.0,2025-10-20,20
82509814,NONCONFORMING,Wholesale,Refinance CashOut,167457.0,2025-11-20,51
82407291,NONCONFORMING,Wholesale,Purchase,374400.0,2024-08-19,13
92407270,NONCONFORMING,Wholesale,Purchase,1035000.0,2024-07-30,12
92407286,FHA BOND,Wholesale,Purchase,289500.0,2024-07-31,13
92407287,2ND,Wholesale,Purchase,10500.0,2024-07-31,13
HT2407269,2ND,Retail,Refinance CashOut,240000.0,2024-08-14,28
82407299,FHA,Wholesale,Purchase,844375.0,2024-09-04,30
82407301,FHA,Wholesale,Purchase,318450.0,2024-08-15,24
82407305,NONCONFORMING,Wholesale,Purchase,711200.0,2024-08-20,29
82407306,NONCONFORMING,Wholesale,Refinance,810000.0,2024-08-06,15
82407307,NONCONFORMING,Wholesale,Refinance,385000.0,2024-08-20,29
82407308,CONFORMING,Wholesale,Purchase,592185.0,2024-08-02,11
82407309,CONVENTIONAL BOND STD MI,Wholesale,Purchase,316000.0,2024-08-27,36
82407313,CONFORMING,Wholesale,Purchase,388000.0,2024-08-16,25
82407315,ZERO INTEREST PROGRAM,Wholesale,Purchase,79000.0,2024-08-27,36
82407318,CONFORMING,Wholesale,Purchase,822700.0,2024-09-13,52
82407319,FHA,Wholesale,Purchase,318450.0,2024-08-23,31
82407346,FHA BOND,Wholesale,Purchase,288535.0,2024-08-28,36
82407349,2ND,Wholesale,Purchase,10465.0,2024-08-28,36
82407350,FHA,Wholesale,Purchase,337750.0,2024-08-28,36
82407355,NONCONFORMING,Wholesale,Purchase,360000.0,2024-08-16,24
82407359,CONFORMING,Wholesale,Purchase,407400.0,2024-08-16,24
82407361,FHA,Wholesale,Purchase,311550.0,2024-08-19,27
82407363,NONCONFORMING,Wholesale,Refinance CashOut,708460.0,2024-08-28,36
82407367,NONCONFORMING,Wholesale,Purchase,514500.0,2024-08-08,15
82407368,NONCONFORMING,Wholesale,Purchase,712500.0,2024-08-29,36
82407383,VA,Wholesale,Purchase,835800.0,2024-09-30,26
82407389,NONCONFORMING,Wholesale,Purchase,172500.0,2024-08-23,29
82407391,NONCONFORMING,Wholesale,Purchase,1363500.0,2024-08-14,20
92407374,NONCONFORMING,Wholesale,Purchase,250600.0,2024-08-16,23
92407385,NONCONFORMING,Wholesale,Purchase,344000.0,2024-08-30,36
HT2407366,2ND,Retail,Refinance CashOut,259000.0,2024-08-30,37
82407399,NONCONFORMING,Wholesale,Purchase,1062500.0,2024-08-22,28
82407400,FHA,Wholesale,Refinance CashOut,425000.0,2024-09-11,48
82407403,NONCONFORMING,Wholesale,Purchase,373800.0,2024-08-27,33
82407406,FHA BOND,Wholesale,Purchase,468025.0,2024-08-30,35
82407407,2ND,Wholesale,Refinance CashOut,319000.0,2024-08-13,18
82407410,FHA,Wholesale,Purchase,376350.0,2024-09-06,42
82407429,NONCONFORMING,Wholesale,Purchase,666881.0,2024-08-19,21
82407430,FHA,Wholesale,Purchase,704450.0,2024-08-23,25
92407412,CONFORMING,Wholesale,Purchase,275000.0,2024-09-30,35
92407414,NONCONFORMING,Wholesale,Purchase,431200.0,2024-08-23,28
82407434,NONCONFORMING,Wholesale,Purchase,400000.0,2024-08-16,18
82407436,NONCONFORMING,Wholesale,Refinance CashOut,230750.0,2024-08-20,22
82407440,NONCONFORMING,Wholesale,Purchase,150000.0,2024-08-16,18
82407441,CONVENTIONAL BOND STD MI,Wholesale,Purchase,251230.0,2024-09-09,42
82407442,2ND,Wholesale,Refinance CashOut,127792.0,2024-10-22,85
82407444,NONCONFORMING,Wholesale,Refinance CashOut,373750.0,2024-08-19,20
82407445,NONCONFORMING,Wholesale,Refinance CashOut,357500.0,2024-08-20,21
82407446,NONCONFORMING,Wholesale,Refinance CashOut,274950.0,2024-08-19,20
82407447,NONCONFORMING,Wholesale,Refinance CashOut,292500.0,2024-08-20,21
82407448,NONCONFORMING,Wholesale,Refinance CashOut,312000.0,2024-08-19,20
82407454,2ND,Wholesale,Purchase,7770.0,2024-09-09,42
82407459,2ND,Wholesale,Purchase,16975.0,2024-08-30,35
82407464,FHA,Wholesale,Purchase,751500.0,2024-09-04,36
82407465,NONCONFORMING,Wholesale,Purchase,200000.0,2024-08-27,28
92407466,FHA,Wholesale,Purchase,434250.0,2024-09-13,24
82407468,FHA,Wholesale,Purchase,347303.0,2024-08-20,21
82407472,NONCONFORMING,Wholesale,Purchase,1085000.0,2024-08-15,16
82407473,NONCONFORMING,Wholesale,Purchase,424000.0,2024-08-27,28
82407475,NONCONFORMING,Wholesale,Purchase,281250.0,2024-08-26,26
82407476,FHA,Wholesale,Purchase,410125.0,2024-08-22,16
82407477,FHA,Wholesale,Purchase,328100.0,2024-08-19,19
82407484,CONVENTIONAL BOND STD MI,Wholesale,Purchase,427350.0,2024-08-30,30
82407485,FHA,Wholesale,Purchase,405300.0,2024-08-16,16
82407488,NONCONFORMING,Wholesale,Purchase,300000.0,2024-08-28,28
82407489,NONCONFORMING,Wholesale,Refinance CashOut,245000.0,2024-09-17,48
82407494,CONFORMING,Wholesale,Purchase,346750.0,2024-09-12,43
82407496,CONFORMING,Wholesale,Purchase,602300.0,2024-08-27,27
82407497,FHA,Wholesale,Refinance CashOut,365000.0,2024-08-22,22
82407498,CONVENTIONAL BOND STD MI,Wholesale,Purchase,541600.0,2024-08-27,27
82407499,NONCONFORMING,Wholesale,Purchase,185500.0,2024-08-28,28
82408002,ZERO INTEREST PROGRAM,Wholesale,Purchase,135400.0,2024-08-27,27
82408008,NONCONFORMING,Wholesale,Purchase,637000.0,2024-08-13,12
92407487,NONCONFORMING,Wholesale,Refinance CashOut,213000.0,2024-11-27,119
92407501,2ND,Wholesale,Refinance CashOut,195238.0,2024-12-27,149
82408013,CONFORMING,Wholesale,Purchase,305550.0,2024-08-27,26
82408015,ZERO INTEREST PROGRAM,Wholesale,Purchase,111000.0,2024-08-30,30
82408023,FHA,Wholesale,Purchase,607950.0,2024-08-16,14
82408027,FHA,Wholesale,Purchase,366700.0,2024-08-29,27
82408029,CONVENTIONAL BOND STD MI,Wholesale,Purchase,308000.0,2024-09-05,34
82408030,NONCONFORMING,Wholesale,Purchase,2100000.0,2024-08-23,21
82408031,ZERO INTEREST PROGRAM,Wholesale,Purchase,77000.0,2024-09-05,34
82408032,NONCONFORMING,Wholesale,Purchase,267000.0,2024-08-21,19
82408033,NONCONFORMING,Wholesale,Purchase,1470000.0,2024-08-19,14
82408034,NONCONFORMING,Wholesale,Purchase,193600.0,2024-08-22,17
82408041,FHA BOND,Wholesale,Purchase,530750.0,2024-08-30,25
82408044,NONCONFORMING,Wholesale,Refinance CashOut,1995000.0,2024-09-03,29
82408045,NONCONFORMING,Wholesale,Purchase,340000.0,2024-08-19,14
82408046,FHA,Wholesale,Refinance,597600.0,2024-09-23,49
82511458,2ND,Wholesale,Refinance CashOut,,2025-12-12,22
82409279,NONCONFORMING,Wholesale,Purchase,1040000.0,2024-10-03,20
82409280,NONCONFORMING,Wholesale,Refinance CashOut,276500.0,2024-10-16,33
82409284,FHA,Wholesale,Purchase,569350.0,2024-11-22,32
82409286,2ND,Wholesale,Refinance CashOut,125000.0,2024-09-30,16
62409326,CONFORMING,Retail,Purchase,551419.0,2024-10-07,19
82409292,NONCONFORMING,Wholesale,Purchase,351770.0,2024-09-30,14
82409293,NONCONFORMING,Wholesale,Purchase,224500.0,2024-10-31,45
82409299,FHA,Wholesale,Purchase,498257.0,2024-10-08,22
82409300,FHA BOND,Wholesale,Purchase,365735.0,2024-10-15,29
82409301,FHA,Wholesale,Purchase,612775.0,2024-10-11,25
82409304,NONCONFORMING,Wholesale,Refinance,2905000.0,2024-10-16,30
82409306,2ND,Wholesale,Refinance CashOut,215000.0,2024-10-10,24
82409307,2ND,Wholesale,Refinance CashOut,156000.0,2024-10-22,36
82409310,2ND,Wholesale,Purchase,13265.0,2024-10-15,29
82409312,NONCONFORMING,Wholesale,Purchase,630000.0,2024-09-30,14
82409313,CONFORMING,Wholesale,Purchase,300000.0,2025-02-25,162
82409314,CONFORMING,Wholesale,Refinance CashOut,600000.0,2024-10-11,25
82409315,CONFORMING,Wholesale,Purchase,280000.0,2024-10-04,18
82409316,NONCONFORMING,Wholesale,Purchase,912000.0,2024-10-30,44
82409320,NONCONFORMING,Wholesale,Purchase,231200.0,2024-10-09,22
82409322,NONCONFORMING,Wholesale,Purchase,248400.0,2024-10-17,30
82409327,CONFORMING,Wholesale,Refinance CashOut,207300.0,2024-10-16,29
62409363,CONFORMING,Retail,Refinance,278500.0,2024-11-08,49
82409329,NONCONFORMING,Wholesale,Refinance CashOut,442500.0,2024-10-09,22
82409330,2ND,Wholesale,Refinance CashOut,348000.0,2024-10-21,34
82409331,NONCONFORMING,Wholesale,Purchase,900000.0,2024-10-09,22
82409334,NONCONFORMING,Wholesale,Refinance,449150.0,2024-09-30,13
82409335,NONCONFORMING,Wholesale,Purchase,870000.0,2024-10-18,31
82409339,FHA BOND,Wholesale,Purchase,733400.0,2024-10-25,37
82409341,NONCONFORMING,Wholesale,Purchase,535000.0,2024-10-15,27
82409343,2ND,Wholesale,Refinance CashOut,125000.0,2024-10-31,43
82409344,2ND,Wholesale,Purchase,26600.0,2024-10-25,37
82409345,FHA,Wholesale,Purchase,418000.0,2024-10-09,21
82409356,FHA,Wholesale,Purchase,376350.0,2024-10-10,22
82409360,FHA,Wholesale,Purchase,255725.0,2024-10-23,35
82409361,NONCONFORMING,Wholesale,Purchase,1130000.0,2024-10-07,19
82409362,NONCONFORMING,Wholesale,Refinance CashOut,580000.0,2024-10-16,28
82409364,NONCONFORMING,Wholesale,Refinance CashOut,1000000.0,2024-10-15,27
82409367,NONCONFORMING,Wholesale,Purchase,2836680.0,2024-10-17,29
62409391,CONFORMING,Retail,Purchase,527250.0,2024-10-16,23
62409396,CONFORMING,Retail,Purchase,465500.0,2024-10-15,26
62409403,CONFORMING,Retail,Purchase,392660.0,2024-11-06,34
82409370,NONCONFORMING,Wholesale,Purchase,378000.0,2024-10-09,20
82409375,FHA BOND,Wholesale,Purchase,299150.0,2024-10-23,34
82409376,FHA,Wholesale,Purchase,289500.0,2024-11-13,55
82409377,2ND,Wholesale,Purchase,10850.0,2024-10-23,34
82409380,FHA,Wholesale,Other,597180.0,2024-10-25,36
82409385,CONFORMING,Wholesale,Purchase,335350.0,2024-10-22,33
82409386,FHA,Wholesale,Purchase,390825.0,2024-10-18,29
82409388,NONCONFORMING,Wholesale,Purchase,639200.0,2024-10-25,36
82409393,NONCONFORMING,Wholesale,Purchase,357562.0,2024-10-21,32
82409394,FHA,Wholesale,Purchase,405300.0,2024-12-04,37
82409397,FHA BOND,Wholesale,Purchase,441000.0,2024-10-11,22
82409399,FHA,Wholesale,Purchase,424600.0,2024-10-25,36
82409400,2ND,Wholesale,Purchase,15995.0,2024-10-11,22
82409401,FHA BOND,Wholesale,Purchase,400475.0,2024-12-17,22
82409402,2ND,Wholesale,Purchase,14525.0,2024-12-17,22
82409404,NONCONFORMING,Wholesale,Purchase,175000.0,2024-10-11,21
82409405,2ND,Wholesale,Refinance CashOut,164480.0,2024-11-01,42
62409416,2ND,Retail,Refinance CashOut,250000.0,2024-11-26,67
82409411,NONCONFORMING,Wholesale,Purchase,252000.0,2024-10-16,26
82409414,NONCONFORMING,Wholesale,Purchase,308000.0,2024-10-23,33
82409417,CONFORMING,Wholesale,Purchase,292800.0,2024-10-30,40
82409419,FHA,Wholesale,Purchase,388800.0,2024-10-18,28
82409420,CONFORMING,Wholesale,Refinance,751000.0,2024-10-17,27
82409421,NONCONFORMING,Wholesale,Purchase,356722.0,2024-10-07,17
82409424,FHA,Wholesale,Purchase,374000.0,2024-10-16,26
82409437,FHA,Wholesale,Purchase,651375.0,2024-11-01,39
82409438,2ND,Wholesale,Refinance CashOut,150000.0,2024-10-28,35
82409439,FHA,Wholesale,Purchase,266340.0,2025-06-12,28
82409440,NONCONFORMING,Wholesale,Purchase,1560000.0,2024-11-21,34
82409442,CONFORMING,Wholesale,Refinance CashOut,720000.0,2024-11-12,50
82409445,NONCONFORMING,Wholesale,Purchase,318000.0,2024-10-16,23
82409447,FHA,Wholesale,Refinance,352000.0,2024-10-11,18
82409448,NONCONFORMING,Wholesale,Refinance CashOut,410000.0,2024-10-25,32
82409449,CONFORMING,Wholesale,Purchase,570000.0,2024-11-27,65
82409450,NONCONFORMING,Wholesale,Purchase,777000.0,2024-10-28,35
82409456,CONFORMING,Wholesale,Purchase,460750.0,2024-10-22,29
82409457,CONFORMING,Wholesale,Purchase,348000.0,2024-10-17,24
82409458,NONCONFORMING,Wholesale,Purchase,318750.0,2024-10-24,31
82409459,NONCONFORMING,Wholesale,Refinance,352800.0,2024-10-25,32
82409460,NONCONFORMING,Wholesale,Purchase,825000.0,2024-11-04,42
82409461,2ND,Wholesale,Refinance CashOut,294032.0,2024-11-19,56
82409462,NONCONFORMING,Wholesale,Purchase,276000.0,2024-10-30,36
82409464,NONCONFORMING,Wholesale,Purchase,328342.0,2024-10-11,17
82409465,NONCONFORMING,Wholesale,Refinance,2524000.0,2024-11-25,62
82409466,NONCONFORMING,Wholesale,Purchase,645660.0,2024-10-22,28
82409468,FHA,Wholesale,Purchase,511450.0,2025-07-11,15
82409470,FHA BOND,Wholesale,Purchase,299150.0,2024-10-25,31
82409475,NONCONFORMING,Wholesale,Refinance CashOut,780000.0,2024-10-23,29
82409476,2ND,Wholesale,Purchase,10850.0,2024-10-25,31
82409477,CONFORMING,Wholesale,Refinance,312000.0,2024-10-29,35
82409478,NONCONFORMING,Wholesale,Refinance CashOut,474500.0,2024-10-17,23
82409480,NONCONFORMING,Wholesale,Purchase,246000.0,2024-10-09,15
82409482,NONCONFORMING,Wholesale,Purchase,439200.0,2024-10-21,27
62409513,VA,Retail,Purchase,323200.0,2024-10-31,29
82409486,VA,Wholesale,Purchase,850000.0,2024-10-18,24
82409491,FHA BOND,Wholesale,Purchase,386000.0,2024-10-31,36
82409492,CONFORMING,Wholesale,Purchase,675000.0,2025-02-21,44
82409493,NONCONFORMING,Wholesale,Refinance CashOut,177000.0,2024-10-30,35
82409494,NONCONFORMING,Wholesale,Purchase,180000.0,2024-10-09,14
82409497,NONCONFORMING,Wholesale,Purchase,213150.0,2024-10-22,27
82409499,2ND,Wholesale,Purchase,14000.0,2024-10-31,36
82409500,NONCONFORMING,Wholesale,Refinance,1239000.0,2024-11-05,41
82409505,NONCONFORMING,Wholesale,Purchase,248000.0,2024-10-17,22
82409506,NONCONFORMING,Wholesale,Purchase,611250.0,2024-10-24,29
82409509,NONCONFORMING,Wholesale,Refinance,1300000.0,2024-11-26,62
62511461,2ND,Retail,Refinance CashOut,,2025-12-15,25
82509237,NONCONFORMING,Wholesale,Purchase,966000.0,2025-09-30,20
82509239,NONCONFORMING,Wholesale,Refinance CashOut,900000.0,2025-10-07,27
82509241,NONCONFORMING,Wholesale,Refinance,440000.0,2025-10-07,27
82509246,NONCONFORMING,Wholesale,Refinance CashOut,973000.0,2025-10-23,43
82509249,NONCONFORMING,Wholesale,Purchase,247200.0,2025-09-30,20
82509250,NONCONFORMING,Wholesale,Purchase,245000.0,2025-10-15,35
82509252,CONFORMING,Wholesale,Purchase,281250.0,2025-09-19,9
82509255,NONCONFORMING,Wholesale,Purchase,268000.0,2025-10-03,23
82509257,NONCONFORMING,Wholesale,Purchase,592000.0,2025-12-30,97
82509258,2ND,Wholesale,Refinance CashOut,405700.0,2025-11-03,53
82509261,2ND,Wholesale,Refinance CashOut,200000.0,2025-10-07,26
82509262,FHA,Wholesale,Purchase,530500.0,2025-09-23,12
62509263,CONFORMING,Retail,Refinance,225400.0,2025-10-06,25
82509266,2ND,Wholesale,Refinance CashOut,170000.0,2025-10-23,42
82509267,CONFORMING,Wholesale,Purchase,583375.0,2025-10-07,26
82509268,FHA BOND,Wholesale,Purchase,260550.0,2025-10-14,33
82509273,NONCONFORMING,Wholesale,Purchase,328000.0,2025-09-19,8
82509280,ZERO INTEREST PROGRAM,Wholesale,Purchase,5302.0,2025-10-14,33
82509281,NONCONFORMING,Wholesale,Purchase,380000.0,2025-10-15,34
82509283,NONCONFORMING,Wholesale,Refinance CashOut,479500.0,2025-11-19,69
82509284,NONCONFORMING,Wholesale,Purchase,149200.0,2025-10-21,40
82509293,FHA BOND,Wholesale,Purchase,501850.0,2025-09-30,19
82509294,ZERO INTEREST PROGRAM,Wholesale,Purchase,18201.0,2025-09-30,19
82509296,NONCONFORMING,Wholesale,Purchase,259992.0,2025-10-29,48
82509299,NONCONFORMING,Wholesale,Refinance CashOut,2381250.0,2025-11-06,51
82509302,CONFORMING,Wholesale,Purchase,585000.0,2025-09-24,12
82509305,NONCONFORMING,Wholesale,Purchase,119200.0,2025-10-17,35
82509308,2ND,Wholesale,Refinance CashOut,720000.0,2025-10-31,49
82509309,ZERO INTEREST PROGRAM,Wholesale,Purchase,9450.0,2025-10-14,33
82509313,CONFORMING,Wholesale,Purchase,365680.0,2025-12-03,82
82509315,FHA,Wholesale,Purchase,376350.0,2025-10-10,28
82509319,NONCONFORMING,Wholesale,Refinance,283900.0,2025-10-10,28
82509340,CONFORMING,Wholesale,Purchase,779400.0,2025-10-16,34
82509324,NONCONFORMING,Wholesale,Refinance CashOut,276500.0,2025-10-28,46
82509329,NONCONFORMING,Wholesale,Purchase,524000.0,2025-09-29,17
82509332,NONCONFORMING,Wholesale,Refinance CashOut,1190000.0,2025-10-16,34
82509333,NONCONFORMING,Wholesale,Refinance CashOut,273000.0,2025-10-14,32
82509336,CONFORMING,Wholesale,Purchase,1100000.0,2025-09-24,12
82509345,CONFORMING,Wholesale,Purchase,641250.0,2025-10-10,28
82509351,NONCONFORMING,Wholesale,Purchase,592000.0,2025-10-06,23
82509352,FHA BOND,Wholesale,Purchase,820250.0,2025-09-30,17
82509354,VA,Wholesale,Purchase,810000.0,2025-10-15,31
82509361,NONCONFORMING,Wholesale,Purchase,158560.0,2025-10-10,25
62509363,CONFORMING,Retail,Refinance,402550.0,2025-10-15,30
82509364,NONCONFORMING,Wholesale,Refinance CashOut,452000.0,2025-10-31,46
82509367,ZERO INTEREST PROGRAM,Wholesale,Purchase,29750.0,2025-09-30,17
82509382,NONCONFORMING,Wholesale,Refinance CashOut,550000.0,2025-10-22,37
82509383,NONCONFORMING,Wholesale,Refinance CashOut,380000.0,2025-10-27,42
82509384,NONCONFORMING,Wholesale,Purchase,1560000.0,2025-10-09,24
82509387,FHA BOND,Wholesale,Purchase,217775.0,2025-11-03,49
82509388,FHA BOND,Wholesale,Purchase,265375.0,2025-10-16,31
82509389,NONCONFORMING,Wholesale,Refinance CashOut,150000.0,2025-10-22,37
82509392,CONFORMING,Wholesale,Purchase,349200.0,2025-10-06,21
62509394,2ND,Retail,Refinance CashOut,225000.0,2025-10-17,32
82509396,NONCONFORMING,Wholesale,Refinance,1520000.0,2025-10-27,42
82509397,FHA,Wholesale,Refinance CashOut,825000.0,2025-10-29,44
82509369,FHA,Wholesale,Purchase,481535.0,2025-10-10,25
82509372,2ND,Wholesale,Refinance CashOut,225005.0,2025-10-24,39
82509376,NONCONFORMING,Wholesale,Purchase,220000.0,2025-10-06,21
82509378,NONCONFORMING,Wholesale,Refinance CashOut,217500.0,2025-10-16,31
82509398,NONCONFORMING,Wholesale,Purchase,263625.0,2025-10-09,24
82406155,NONCONFORMING,Wholesale,Purchase,2292000.0,2024-07-05,23
82406159,NONCONFORMING,Wholesale,Purchase,800000.0,2024-06-28,16
92406126,NONCONFORMING,Wholesale,Purchase,308000.0,2024-07-12,30
92406132,NONCONFORMING,Wholesale,Purchase,408000.0,2024-07-09,27
82406166,FHA,Wholesale,Purchase,687000.0,2024-07-29,21
82406167,CONFORMING,Wholesale,Purchase,400000.0,2024-07-09,26
82406171,NONCONFORMING,Wholesale,Refinance CashOut,163000.0,2024-06-28,15
82406173,CONFORMING,Wholesale,Purchase,525000.0,2024-07-18,35
82406174,FHA BOND,Wholesale,Purchase,545225.0,2024-07-17,34
82406175,2ND,Wholesale,Purchase,19775.0,2024-07-17,34
82406187,NONCONFORMING,Wholesale,Purchase,1137500.0,2024-07-12,28
82406190,NONCONFORMING,Wholesale,Purchase,440000.0,2024-07-01,17
82406194,NONCONFORMING,Wholesale,Purchase,512500.0,2024-07-08,24
92406161,2ND,Wholesale,Refinance CashOut,250000.0,2024-07-30,48
92406163,FHA BOND,Wholesale,Purchase,791300.0,2024-07-18,36
92406164,2ND,Wholesale,Purchase,28700.0,2024-07-18,36
82406202,FHA,Wholesale,Purchase,559700.0,2024-07-11,24
82406203,FHA,Wholesale,Purchase,700000.0,2024-07-02,15
82406206,NONCONFORMING,Wholesale,Purchase,3487500.0,2024-07-18,31
82406207,NONCONFORMING,Wholesale,Purchase,200000.0,2024-06-27,10
82406214,NONCONFORMING,Wholesale,Purchase,368000.0,2024-07-09,21
82406217,NONCONFORMING,Wholesale,Refinance,391000.0,2024-07-17,29
82406219,2ND,Wholesale,Refinance CashOut,243200.0,2024-07-30,42
82406220,FHA,Wholesale,Purchase,432976.0,2024-07-05,17
82406221,CONFORMING,Wholesale,Purchase,346750.0,2024-07-03,15
82406224,FHA,Wholesale,Purchase,453550.0,2024-07-10,22
82406227,CONFORMING,Wholesale,Refinance CashOut,140000.0,2024-07-22,34
82406231,NONCONFORMING,Wholesale,Refinance,375000.0,2024-07-23,35
82406233,NONCONFORMING,Wholesale,Purchase,680000.0,2024-07-15,27
82406234,CONFORMING,Wholesale,Purchase,617600.0,2024-07-09,21
92406201,NONCONFORMING,Wholesale,Purchase,476000.0,2024-07-29,42
92406205,FHA,Wholesale,Purchase,386000.0,2024-08-30,39
92406225,NONCONFORMING,Wholesale,Purchase,281250.0,2024-07-30,42
62406266,CONFORMING,Retail,Purchase,431650.0,2024-07-18,21
82406240,NONCONFORMING,Wholesale,Purchase,844800.0,2024-07-19,30
82406243,NONCONFORMING,Wholesale,Purchase,270000.0,2024-08-09,51
82406256,CONFORMING,Wholesale,Purchase,600000.0,2024-10-21,123
82406258,NONCONFORMING,Wholesale,Purchase,1162500.0,2024-07-25,30
82406259,2ND,Wholesale,Refinance CashOut,174992.0,2024-07-26,36
82406261,NONCONFORMING,Wholesale,Refinance,275410.0,2024-07-25,35
82406262,NONCONFORMING,Wholesale,Refinance,371250.0,2024-07-19,29
82406268,NONCONFORMING,Wholesale,Purchase,296000.0,2024-07-22,31
82406271,2ND,Wholesale,Refinance CashOut,175000.0,2024-08-12,52
82406272,FHA,Wholesale,Purchase,357050.0,2024-07-09,18
92406239,2ND,Wholesale,Refinance CashOut,408000.0,2024-09-11,84
92406242,NONCONFORMING,Wholesale,Purchase,261800.0,2024-07-17,28
92406246,NONCONFORMING,Wholesale,Refinance,1932500.0,2024-08-21,63
92406260,NONCONFORMING,Wholesale,Purchase,780000.0,2024-07-03,13
92406265,CONFORMING,Wholesale,Purchase,608000.0,2024-07-31,21
92406267,NONCONFORMING,Wholesale,Purchase,252000.0,2024-07-12,21
92406270,VA,Wholesale,Purchase,430000.0,2024-10-11,112
92406273,NONCONFORMING,Wholesale,Purchase,162500.0,2024-07-19,28
62406277,CONFORMING,Retail,Purchase,367000.0,2024-07-30,35
82406275,NONCONFORMING,Wholesale,Purchase,1527500.0,2024-07-16,25
82406281,NONCONFORMING,Wholesale,Purchase,450000.0,2024-07-16,22
82406286,FHA,Wholesale,Purchase,492150.0,2024-07-19,25
82406296,FHA BOND,Wholesale,Purchase,622425.0,2024-08-01,37
82406298,2ND,Wholesale,Purchase,22575.0,2024-08-01,37
82406299,NONCONFORMING,Wholesale,Purchase,2797500.0,2024-07-18,23
82406306,CONVENTIONAL BOND,Wholesale,Purchase,317190.0,2024-07-29,20
82406307,CONFORMING,Wholesale,Refinance CashOut,450000.0,2024-07-30,35
92406288,NONCONFORMING,Wholesale,Refinance,310000.0,2024-07-15,21
92406293,CONFORMING,Wholesale,Refinance CashOut,259000.0,2024-07-22,28
92406295,NONCONFORMING,Wholesale,Refinance,758500.0,2024-07-18,23
HT2406290,CONFORMING,Retail,Purchase,766500.0,2024-07-18,23
82406308,NONCONFORMING,Wholesale,Refinance CashOut,508000.0,2024-07-22,27
82406310,NONCONFORMING,Wholesale,Purchase,628000.0,2024-07-31,36
82406311,NONCONFORMING,Wholesale,Purchase,252900.0,2024-09-04,71
82406312,NONCONFORMING,Wholesale,Purchase,459200.0,2024-07-08,13
82406314,NONCONFORMING,Wholesale,Refinance CashOut,244300.0,2024-07-23,27
82406317,2ND,Wholesale,Refinance CashOut,300000.0,2024-07-25,29
82406318,NONCONFORMING,Wholesale,Purchase,288000.0,2024-06-28,2
82406324,FHA,Wholesale,Purchase,236425.0,2024-08-01,36
82406325,NONCONFORMING,Wholesale,Purchase,1040000.0,2024-07-25,29
82406333,FHA,Wholesale,Purchase,443900.0,2024-07-09,13
82406334,2ND,Wholesale,Refinance CashOut,200000.0,2024-08-21,56
82406335,2ND,Wholesale,Refinance CashOut,262500.0,2024-08-21,56
82406338,NONCONFORMING,Wholesale,Refinance CashOut,396000.0,2024-10-01,96
82406339,FHA,Wholesale,Purchase,482500.0,2024-07-29,32
82406340,NONCONFORMING,Wholesale,Purchase,241800.0,2024-07-22,25
82406342,CONFORMING,Wholesale,Purchase,356700.0,2024-07-22,25
92406316,CONFORMING,Wholesale,Purchase,352000.0,2024-07-23,27
52406370,NONCONFORMING,Wholesale,Refinance,823000.0,2024-08-06,39
62406367,CONFORMING,Retail,Refinance CashOut,100000.0,2024-12-09,164
82406345,NONCONFORMING,Wholesale,Refinance CashOut,250000.0,2024-07-31,34
82406358,NONCONFORMING,Wholesale,Purchase,408800.0,2024-07-17,20
82406366,CONFORMING,Wholesale,Purchase,539750.0,2024-07-16,18
82406369,NONCONFORMING,Wholesale,Refinance CashOut,150000.0,2024-07-24,26
82406371,NONCONFORMING,Wholesale,Purchase,200000.0,2024-08-15,48
82406373,NONCONFORMING,Wholesale,Purchase,220000.0,2024-07-30,32
82406375,NONCONFORMING,Wholesale,Refinance CashOut,300000.0,2024-07-18,20
82406379,NONCONFORMING,Wholesale,Purchase,1106250.0,2024-07-29,31
82407000,NONCONFORMING,Wholesale,Purchase,751200.0,2024-08-08,38
92406351,2ND,Wholesale,Refinance CashOut,276500.0,2024-08-29,62
92406377,CONVENTIONAL BOND,Wholesale,Purchase,344350.0,2024-08-09,42
92406380,2ND,Wholesale,Purchase,10650.0,2024-08-09,42
82407002,VA,Wholesale,Purchase,1148000.0,2024-07-24,23
82407004,VA,Wholesale,Refinance CashOut,625650.0,2024-09-30,91
82511449,FHA,Wholesale,Purchase,,2025-12-17,27
82509402,NONCONFORMING,Wholesale,Purchase,568240.0,2025-10-22,37
82509405,FHA BOND,Wholesale,Purchase,528337.0,2025-10-16,31
82509406,NONCONFORMING,Wholesale,Refinance CashOut,157500.0,2025-10-10,24
82509410,2ND,Wholesale,Refinance CashOut,150000.0,2025-10-20,34
82509412,ZERO INTEREST PROGRAM,Wholesale,Purchase,19162.0,2025-10-16,31
82509414,2ND,Wholesale,Purchase,8225.0,2025-11-03,49
82509415,CONFORMING,Wholesale,Purchase,337500.0,2025-10-15,29
82509419,NONCONFORMING,Wholesale,Purchase,185759.0,2025-09-26,10
82509420,NONCONFORMING,Wholesale,Purchase,663000.0,2025-10-08,22
82509421,NONCONFORMING,Wholesale,Purchase,208000.0,2025-10-07,21
62509425,NONCONFORMING,Retail,Refinance CashOut,195000.0,2025-10-14,28
82509427,NONCONFORMING,Wholesale,Purchase,560000.0,2025-10-03,17
62509428,NONCONFORMING,Retail,Refinance CashOut,193000.0,2025-10-14,28
82509430,NONCONFORMING,Wholesale,Purchase,268000.0,2025-10-16,30
82509432,NONCONFORMING,Wholesale,Purchase,398000.0,2025-10-08,22
82509433,NONCONFORMING,Wholesale,Purchase,470000.0,2025-10-14,28
82509438,NONCONFORMING,Wholesale,Purchase,248000.0,2025-11-03,48
82509439,NONCONFORMING,Wholesale,Purchase,248000.0,2025-11-03,48
82509440,NONCONFORMING,Wholesale,Refinance CashOut,308000.0,2025-10-10,24
82509442,CONFORMING,Wholesale,Purchase,540000.0,2025-10-27,34
82509444,NONCONFORMING,Wholesale,Purchase,392000.0,2025-10-10,24
82510004,NONCONFORMING,Wholesale,Purchase,476000.0,2025-10-21,20
82510005,FHA,Wholesale,Purchase,294325.0,2025-11-21,28
82510009,NONCONFORMING,Wholesale,Purchase,860000.0,2025-10-22,21
82510013,NONCONFORMING,Wholesale,Refinance CashOut,1040000.0,2025-11-07,37
82510015,NONCONFORMING,Wholesale,Refinance CashOut,500000.0,2025-11-05,35
82510016,NONCONFORMING,Wholesale,Purchase,398400.0,2025-10-31,30
82510018,CONFORMING,Wholesale,Purchase,399200.0,2025-10-17,16
82510019,NONCONFORMING,Wholesale,Purchase,925000.0,2025-10-22,21
82510020,NONCONFORMING,Wholesale,Purchase,544000.0,2025-11-03,33
82510021,CONFORMING,Wholesale,Refinance CashOut,140000.0,2025-11-24,54
82510023,2ND,Wholesale,Refinance CashOut,216000.0,2025-10-30,29
82510024,2ND,Wholesale,Refinance CashOut,180000.0,2025-11-28,58
82510025,NONCONFORMING,Wholesale,Purchase,488000.0,2025-11-03,33
82510027,NONCONFORMING,Wholesale,Purchase,794750.0,2025-10-28,27
82510028,NONCONFORMING,Wholesale,Purchase,211400.0,2025-10-30,29
82510031,CONFORMING,Wholesale,Purchase,727700.0,2025-11-12,42
82510034,NONCONFORMING,Wholesale,Refinance,487000.0,2025-10-28,26
82510039,NONCONFORMING,Wholesale,Refinance CashOut,101500.0,2025-11-26,55
82510043,FHA,Wholesale,Purchase,308800.0,2025-11-04,33
82510045,NONCONFORMING,Wholesale,Refinance,424000.0,2025-11-10,39
82510048,FHA,Wholesale,Purchase,313625.0,2025-11-12,41
82510050,NONCONFORMING,Wholesale,Refinance,400000.0,2025-10-31,29
82511453,NONCONFORMING,Wholesale,Purchase,,2025-12-31,41
82511454,NONCONFORMING,Wholesale,Refinance CashOut,,2026-01-06,47
82503300,NONCONFORMING,Wholesale,Purchase,399500.0,2025-04-24,38
82503301,CONFORMING,Wholesale,Purchase,386650.0,2025-04-15,29
82503302,VA,Wholesale,Purchase,550000.0,2025-04-23,37
62503307,CONFORMING,Retail,Purchase,490000.0,2025-06-06,20
82503310,FHA,Wholesale,Purchase,627000.0,2025-04-25,39
82503290,2ND,Wholesale,Refinance CashOut,200000.0,2025-04-04,18
82503291,NONCONFORMING,Wholesale,Refinance CashOut,210000.0,2025-04-18,32
82503294,NONCONFORMING,Wholesale,Refinance CashOut,350000.0,2025-07-24,129
82503296,NONCONFORMING,Wholesale,Refinance,151000.0,2025-04-15,29
82503314,CONFORMING,Wholesale,Purchase,667250.0,2025-04-24,38
82503317,CONFORMING,Wholesale,Purchase,391300.0,2025-04-28,42
82503318,FHA,Wholesale,Purchase,395650.0,2025-04-17,20
82503322,FHA,Wholesale,Purchase,822180.0,2025-04-08,21
82503341,FHA,Wholesale,Purchase,369595.0,2025-04-04,17
82503342,2ND,Wholesale,Refinance CashOut,270000.0,2025-05-13,56
82503343,NONCONFORMING,Wholesale,Refinance CashOut,700000.0,2025-04-17,30
82503345,NONCONFORMING,Wholesale,Refinance CashOut,700000.0,2025-05-14,57
82503350,NONCONFORMING,Wholesale,Purchase,279750.0,2025-05-15,57
82503353,FHA,Wholesale,Purchase,378280.0,2025-04-08,20
82503354,FHA,Wholesale,Purchase,278885.0,2025-04-16,28
82503325,FHA,Wholesale,Purchase,339680.0,2025-04-29,28
82503335,NONCONFORMING,Wholesale,Purchase,232500.0,2025-05-20,63
82503337,NONCONFORMING,Wholesale,Refinance CashOut,605500.0,2025-04-21,34
82503340,FHA,Wholesale,Purchase,180000.0,2025-05-15,58
82503355,2ND,Wholesale,Refinance CashOut,287385.0,2025-04-30,42
82503357,FHA,Wholesale,Purchase,390825.0,2025-05-08,31
82503358,2ND,Wholesale,Refinance CashOut,550000.0,2025-03-31,12
82503361,FHA,Wholesale,Purchase,303975.0,2025-04-08,20
82503362,2ND,Wholesale,Refinance CashOut,360000.0,2025-04-14,26
82503378,NONCONFORMING,Wholesale,Refinance,916000.0,2025-04-08,19
82503380,NONCONFORMING,Wholesale,Purchase,385556.0,2025-03-28,8
82503386,FHA,Wholesale,Purchase,180000.0,2025-07-02,104
82503387,NONCONFORMING,Wholesale,Purchase,525000.0,2025-04-18,29
82503388,NONCONFORMING,Wholesale,Refinance CashOut,200000.0,2025-04-23,34
82503391,NONCONFORMING,Wholesale,Purchase,525000.0,2025-04-18,29
82503367,FHA BOND,Wholesale,Purchase,311695.0,2025-04-23,35
82503369,ZERO INTEREST PROGRAM,Wholesale,Purchase,11305.0,2025-04-23,35
82503370,NONCONFORMING,Wholesale,Purchase,630000.0,2025-04-15,27
82503373,NONCONFORMING,Wholesale,Purchase,318750.0,2025-04-15,27
82503374,NONCONFORMING,Wholesale,Refinance CashOut,300000.0,2025-04-15,27
82503375,FHA,Wholesale,Purchase,210000.0,2025-04-29,41
82503377,NONCONFORMING,Wholesale,Purchase,1080000.0,2025-04-30,41
82503392,NONCONFORMING,Wholesale,Purchase,500000.0,2025-04-16,27
82503393,NONCONFORMING,Wholesale,Refinance CashOut,877200.0,2025-04-22,33
82503394,VA,Wholesale,Purchase,345000.0,2025-04-18,22
82503396,NONCONFORMING,Wholesale,Refinance CashOut,168000.0,2025-04-28,39
82503397,NONCONFORMING,Wholesale,Purchase,1348000.0,2025-04-10,21
82503398,CONFORMING,Wholesale,Purchase,639000.0,2025-04-09,20
82503399,FHA BOND,Wholesale,Purchase,260550.0,2025-05-28,69
82503400,CONFORMING,Wholesale,Purchase,703250.0,2025-04-18,29
82503402,ZERO INTEREST PROGRAM,Wholesale,Purchase,9450.0,2025-05-28,69
82503404,NONCONFORMING,Wholesale,Purchase,258720.0,2025-04-21,32
82503423,CONFORMING,Wholesale,Purchase,660000.0,2025-04-16,26
82503424,NONCONFORMING,Wholesale,Refinance CashOut,341250.0,2025-04-29,39
82503426,FHA,Wholesale,Refinance,703130.0,2025-04-23,33
82503427,NONCONFORMING,Wholesale,Refinance CashOut,151500.0,2025-04-15,24
82503428,NONCONFORMING,Wholesale,Refinance CashOut,146250.0,2025-04-15,24
82503431,NONCONFORMING,Wholesale,Refinance CashOut,168750.0,2025-04-15,24
82503432,NONCONFORMING,Wholesale,Refinance CashOut,165000.0,2025-04-15,24
82503407,FHA,Wholesale,Purchase,547155.0,2025-04-11,21
82503411,NONCONFORMING,Wholesale,Refinance CashOut,250000.0,2025-04-14,24
82503412,NONCONFORMING,Wholesale,Purchase,463000.0,2025-04-15,25
82503415,NONCONFORMING,Wholesale,Purchase,292704.0,2025-04-17,27
82503416,NONCONFORMING,Wholesale,Purchase,490000.0,2025-03-31,10
82503420,NONCONFORMING,Wholesale,Purchase,216000.0,2025-05-01,41
82503421,2ND,Wholesale,Refinance CashOut,165000.0,2025-05-05,45
82503434,NONCONFORMING,Wholesale,Refinance CashOut,201000.0,2025-04-15,24
82503437,NONCONFORMING,Wholesale,Refinance CashOut,217500.0,2025-04-15,24
82503455,NONCONFORMING,Wholesale,Purchase,1321750.0,2025-04-15,22
62503456,VA,Retail,Refinance CashOut,455750.0,2025-04-21,28
82503458,NONCONFORMING,Wholesale,Refinance CashOut,194000.0,2025-04-25,32
82503460,NONCONFORMING,Wholesale,Purchase,1449000.0,2025-04-11,18
82503461,FHA,Wholesale,Purchase,405300.0,2025-04-11,18
82503462,NONCONFORMING,Wholesale,Purchase,456000.0,2025-04-10,17
82503463,NONCONFORMING,Wholesale,Purchase,369000.0,2025-05-08,45
82503465,2ND,Wholesale,Refinance CashOut,500000.0,2025-07-16,114
82411413,NONCONFORMING,Wholesale,Purchase,231000.0,2024-12-09,13
82411416,2ND,Wholesale,Purchase,12075.0,2024-12-18,22
82411417,FHA,Wholesale,Purchase,661664.0,2024-12-11,15
82411436,NONCONFORMING,Wholesale,Purchase,350000.0,2024-12-12,15
82411437,NONCONFORMING,Wholesale,Purchase,178000.0,2024-12-23,26
82411438,NONCONFORMING,Wholesale,Refinance,470000.0,2024-12-23,26
82411439,NONCONFORMING,Wholesale,Refinance CashOut,213750.0,2024-12-31,34
82411440,NONCONFORMING,Wholesale,Purchase,310000.0,2024-12-31,34
82411442,CONFORMING,Wholesale,Purchase,322000.0,2024-12-26,29
82411447,NONCONFORMING,Wholesale,Purchase,379120.0,2024-12-27,30
82411421,NONCONFORMING,Wholesale,Refinance CashOut,450000.0,2025-02-03,69
82411422,CONFORMING,Wholesale,Purchase,598000.0,2024-12-12,16
82411425,NONCONFORMING,Wholesale,Refinance CashOut,175000.0,2024-12-24,28
82411428,NONCONFORMING,Wholesale,Purchase,297600.0,2024-12-23,27
82411430,NONCONFORMING,Wholesale,Purchase,551250.0,2024-12-24,28
82411431,FHA,Wholesale,Purchase,627250.0,2024-12-24,28
82411432,NONCONFORMING,Wholesale,Purchase,740000.0,2024-12-13,17
82411433,2ND,Wholesale,Purchase,9435.0,2024-12-18,22
82411434,CONFORMING,Wholesale,Purchase,375250.0,2025-03-14,23
82411452,NONCONFORMING,Wholesale,Purchase,760000.0,2025-01-27,59
82411454,NONCONFORMING,Wholesale,Purchase,229450.0,2024-12-26,27
82411457,FHA,Wholesale,Purchase,272130.0,2024-12-18,19
62412000,CONFORMING,Retail,Purchase,532950.0,2024-12-20,17
82412001,NONCONFORMING,Wholesale,Refinance CashOut,365000.0,2025-01-13,43
82412008,NONCONFORMING,Wholesale,Purchase,249050.0,2024-12-30,28
82412010,2ND,Wholesale,Purchase,19350.0,2024-12-18,16
82412013,NONCONFORMING,Wholesale,Purchase,320000.0,2024-12-27,25
82412014,NONCONFORMING,Wholesale,Refinance CashOut,2392500.0,2024-12-16,14
82412015,NONCONFORMING,Wholesale,Purchase,262500.0,2025-01-08,37
82412017,NONCONFORMING,Wholesale,Purchase,964875.0,2025-01-08,37
82412019,NONCONFORMING,Wholesale,Purchase,525000.0,2024-12-24,22
82412021,NONCONFORMING,Wholesale,Purchase,160000.0,2024-12-20,18
82412023,NONCONFORMING,Wholesale,Purchase,150000.0,2025-01-23,52
82412026,NONCONFORMING,Wholesale,Refinance CashOut,490000.0,2025-03-10,98
82412028,CONFORMING,Wholesale,Purchase,467500.0,2024-12-26,24
82412030,CONVENTIONAL BOND STD MI,Wholesale,Purchase,403000.0,2024-12-30,27
62412041,FHA,Retail,Purchase,297220.0,2025-01-16,24
82412037,CONFORMING,Wholesale,Purchase,330280.0,2025-01-15,43
82412040,NONCONFORMING,Wholesale,Purchase,678750.0,2025-01-02,30
82412042,NONCONFORMING,Wholesale,Purchase,597600.0,2024-12-23,20
82412044,FHA,Wholesale,Purchase,405300.0,2024-12-19,16
82412048,2ND,Wholesale,Refinance CashOut,207000.0,2025-01-09,37
82412050,NONCONFORMING,Wholesale,Refinance CashOut,227500.0,2025-01-14,41
82412056,FHA,Wholesale,Purchase,342575.0,2024-12-23,19
82412058,NONCONFORMING,Wholesale,Refinance CashOut,235000.0,2024-12-30,26
82412059,NONCONFORMING,Wholesale,Refinance CashOut,180000.0,2025-02-06,64
82412060,CONFORMING,Wholesale,Purchase,567450.0,2024-12-23,19
82412062,ZERO INTEREST PROGRAM,Wholesale,Purchase,95000.0,2024-12-30,27
82412065,NONCONFORMING,Wholesale,Refinance CashOut,737412.0,2025-01-10,37
82412066,FHA,Wholesale,Purchase,299149.0,2024-12-30,26
82412067,FHA BOND,Wholesale,Purchase,410125.0,2024-12-27,16
82412068,2ND,Wholesale,Purchase,14875.0,2024-12-27,16
82412071,CONFORMING,Wholesale,Purchase,396750.0,2025-01-31,58
82412074,NONCONFORMING,Wholesale,Purchase,344000.0,2025-01-08,35
82412076,FHA,Wholesale,Purchase,429425.0,2024-12-23,19
82412077,CONFORMING,Wholesale,Purchase,592000.0,2025-02-10,34
82412079,NONCONFORMING,Wholesale,Purchase,440000.0,2024-12-30,25
82412081,FHA BOND,Wholesale,Purchase,376350.0,2025-01-02,28
82412082,CONFORMING,Wholesale,Purchase,595000.0,2025-01-22,48
82412084,NONCONFORMING,Wholesale,Purchase,666250.0,2024-12-26,21
82412086,2ND,Wholesale,Purchase,13650.0,2025-01-02,28
82412087,NONCONFORMING,Wholesale,Refinance CashOut,792000.0,2024-12-23,18
82412088,VA,Wholesale,Purchase,349900.0,2024-12-27,22
82412090,NONCONFORMING,Wholesale,Purchase,780000.0,2024-12-23,18
82412094,FHA,Wholesale,Refinance,601162.0,2024-12-26,21
82412095,NONCONFORMING,Wholesale,Purchase,153750.0,2024-12-26,21
82412101,CONFORMING,Wholesale,Purchase,648000.0,2025-01-09,35
82412105,NONCONFORMING,Wholesale,Refinance,204000.0,2025-01-10,35
82412107,VA,Wholesale,Purchase,675000.0,2024-12-26,20
82412109,CONFORMING,Wholesale,Purchase,418000.0,2024-12-27,21
82412110,NONCONFORMING,Wholesale,Purchase,520000.0,2024-12-20,14
82412125,NONCONFORMING,Wholesale,Purchase,423680.0,2025-01-06,28
82412129,NONCONFORMING,Wholesale,Refinance CashOut,200000.0,2024-12-30,21
82412132,NONCONFORMING,Wholesale,Refinance CashOut,230000.0,2025-01-02,24
82412136,FHA,Wholesale,Purchase,477675.0,2025-01-13,35
82412137,2ND,Wholesale,Refinance CashOut,150000.0,2025-02-24,77
82412138,NONCONFORMING,Wholesale,Purchase,1200000.0,2025-01-02,24
82412112,2ND,Wholesale,Refinance CashOut,350000.0,2025-01-09,34
82412114,NONCONFORMING,Wholesale,Refinance CashOut,845000.0,2024-12-17,11
82412118,NONCONFORMING,Wholesale,Refinance CashOut,356000.0,2025-01-21,46
82412120,NONCONFORMING,Wholesale,Purchase,226392.0,2024-12-30,23
82412124,2ND,Wholesale,Refinance CashOut,500000.0,2025-01-27,49
82412142,2ND,Wholesale,Refinance,210000.0,2025-01-24,46
82412162,NONCONFORMING,Wholesale,Refinance CashOut,310000.0,2024-12-30,20
82412163,NONCONFORMING,Wholesale,Purchase,360000.0,2024-12-27,17
82412166,NONCONFORMING,Wholesale,Refinance CashOut,412500.0,2025-01-08,29
82412168,NONCONFORMING,Wholesale,Refinance CashOut,275000.0,2025-01-27,48
82412172,2ND,Wholesale,Refinance CashOut,450000.0,2025-01-27,47
82412173,2ND,Wholesale,Refinance CashOut,346500.0,2025-01-27,47
82412194,FHA,Wholesale,Purchase,337750.0,2025-01-06,26
82412149,FHA,Wholesale,Purchase,680325.0,2025-01-09,31
62502353,CONFORMING,Retail,Purchase,636500.0,2025-03-17,21
82502332,NONCONFORMING,Wholesale,Purchase,472000.0,2025-04-04,42
82502333,NONCONFORMING,Wholesale,Purchase,615904.0,2025-03-21,28
82502334,NONCONFORMING,Wholesale,Purchase,375200.0,2025-04-01,39
82502335,NONCONFORMING,Wholesale,Refinance CashOut,202500.0,2025-04-16,54
82502338,NONCONFORMING,Wholesale,Refinance,614000.0,2025-04-15,53
82502340,NONCONFORMING,Wholesale,Purchase,464000.0,2025-03-17,24
82502342,NONCONFORMING,Wholesale,Purchase,250000.0,2025-03-26,33
82502371,NONCONFORMING,Wholesale,Refinance CashOut,295500.0,2025-03-24,28
82502373,NONCONFORMING,Wholesale,Purchase,568000.0,2025-03-28,32
82502375,NONCONFORMING,Wholesale,Refinance CashOut,481600.0,2025-05-05,69
82502377,FHA,Wholesale,Purchase,463200.0,2025-03-26,29
82502379,CONVENTIONAL BOND STD MI,Wholesale,Purchase,428000.0,2025-03-25,28
62502380,CONFORMING,Retail,Purchase,323000.0,2025-07-07,34
82502357,NONCONFORMING,Wholesale,Purchase,976000.0,2025-03-24,29
82502360,CONFORMING,Wholesale,Purchase,200000.0,2025-03-27,31
82502361,2ND,Wholesale,Purchase,13300.0,2025-03-18,25
82410167,NONCONFORMING,Wholesale,Refinance CashOut,474500.0,2024-11-06,30
82410173,2ND,Wholesale,Refinance CashOut,153000.0,2024-11-18,42
82410180,NONCONFORMING,Wholesale,Purchase,204000.0,2024-10-28,21
82410182,FHA,Wholesale,Purchase,569350.0,2024-11-22,46
82410185,NONCONFORMING,Wholesale,Purchase,189000.0,2024-11-22,46
82410186,CONFORMING,Wholesale,Refinance CashOut,470000.0,2024-11-08,32
82410189,CONFORMING,Wholesale,Refinance CashOut,290000.0,2024-11-06,30
82410190,NONCONFORMING,Wholesale,Refinance,630000.0,2024-11-15,38
82410192,NONCONFORMING,Wholesale,Refinance,1012500.0,2024-12-03,56
82410197,NONCONFORMING,Wholesale,Refinance,500000.0,2024-12-27,80
82410198,2ND,Wholesale,Purchase,8575.0,2024-11-22,46
82410199,FHA,Wholesale,Purchase,439075.0,2024-10-23,15
82410200,CONFORMING,Wholesale,Purchase,461600.0,2024-10-22,14
82410204,2ND,Wholesale,Refinance CashOut,460000.0,2024-11-13,36
82410205,FHA,Wholesale,Purchase,800950.0,2024-10-29,21
82410208,NONCONFORMING,Wholesale,Purchase,518000.0,2024-11-05,28
82410209,NONCONFORMING,Wholesale,Refinance CashOut,218000.0,2024-10-31,23
82410218,CONVENTIONAL BOND STD MI,Wholesale,Purchase,449250.0,2024-11-07,28
82410219,FHA BOND,Wholesale,Purchase,197825.0,2024-11-06,29
82410220,2ND,Wholesale,Purchase,7175.0,2024-11-06,29
82410225,NONCONFORMING,Wholesale,Purchase,1140000.0,2024-10-30,21
82410227,FHA,Wholesale,Purchase,607950.0,2024-11-12,34
82410231,NONCONFORMING,Wholesale,Refinance CashOut,322000.0,2024-12-16,68
82410239,FHA,Wholesale,Refinance CashOut,297000.0,2024-11-18,40
82410241,NONCONFORMING,Wholesale,Refinance CashOut,296100.0,2024-11-08,30
82410244,FHA,Wholesale,Refinance CashOut,525000.0,2024-11-21,43
82410249,FHA BOND,Wholesale,Purchase,381175.0,2024-12-17,48
82410250,NONCONFORMING,Wholesale,Purchase,475000.0,2024-11-07,28
82410251,NONCONFORMING,Wholesale,Refinance,325000.0,2024-11-12,33
82410252,2ND,Wholesale,Purchase,19750.0,2024-12-17,48
62410266,VA,Retail,Other,418424.0,2024-11-12,33
62410275,NONCONFORMING,Retail,Refinance CashOut,170000.0,2024-10-31,20
82410257,FHA BOND,Wholesale,Purchase,266340.0,2024-11-21,42
82410258,2ND,Wholesale,Refinance CashOut,180000.0,2024-11-21,42
82410260,CONFORMING,Wholesale,Purchase,446500.0,2024-11-01,22
82410262,FHA,Wholesale,Purchase,627250.0,2024-10-29,19
82410268,ZERO INTEREST PROGRAM,Wholesale,Purchase,118000.0,2024-11-07,28
82410269,FHA,Wholesale,Purchase,284850.0,2025-02-21,44
82410271,CONVENTIONAL BOND STD MI,Wholesale,Purchase,427500.0,2024-11-25,46
82410272,2ND,Wholesale,Purchase,14250.0,2024-11-25,46
82410274,NONCONFORMING,Wholesale,Purchase,350400.0,2024-12-23,74
82410282,NONCONFORMING,Wholesale,Refinance CashOut,272650.0,2024-11-25,45
82410284,NONCONFORMING,Wholesale,Purchase,420000.0,2024-11-15,35
82410285,NONCONFORMING,Wholesale,Purchase,668000.0,2024-11-19,39
82410287,CONFORMING,Wholesale,Purchase,722000.0,2024-11-15,31
82410290,NONCONFORMING,Wholesale,Refinance CashOut,150000.0,2024-10-31,20
82410292,NONCONFORMING,Wholesale,Refinance,1482000.0,2024-11-27,47
82410293,NONCONFORMING,Wholesale,Refinance,645000.0,2024-11-20,40
82410295,2ND,Wholesale,Refinance CashOut,150000.0,2024-12-05,55
82410308,FHA,Wholesale,Purchase,361875.0,2024-12-10,58
82410312,CONFORMING,Wholesale,Purchase,674000.0,2024-11-06,23
82410313,NONCONFORMING,Wholesale,Refinance CashOut,1430000.0,2024-11-18,35
82410321,2ND,Wholesale,Purchase,9660.0,2024-11-21,42
82410323,NONCONFORMING,Wholesale,Purchase,480000.0,2024-11-07,24
82410327,FHA,Wholesale,Purchase,373455.0,2024-10-31,17
82410328,NONCONFORMING,Wholesale,Purchase,277600.0,2024-11-20,37
82410331,FHA,Wholesale,Purchase,612775.0,2024-12-26,21
62410343,VA,Retail,Refinance CashOut,430000.0,2024-12-24,57
62410365,VA,Retail,Refinance CashOut,460000.0,2024-11-21,36
82410340,NONCONFORMING,Wholesale,Purchase,175000.0,2024-11-12,28
82410344,2ND,Wholesale,Refinance CashOut,125001.0,2024-11-25,41
82410348,CONFORMING,Wholesale,Purchase,296800.0,2024-11-08,19
82410349,FHA,Wholesale,Purchase,752700.0,2024-11-12,28
82410350,NONCONFORMING,Wholesale,Purchase,1460000.0,2024-10-24,9
82410351,NONCONFORMING,Wholesale,Refinance,4000000.0,2024-11-18,34
82410352,NONCONFORMING,Wholesale,Purchase,1384000.0,2024-11-12,28
82410355,NONCONFORMING,Wholesale,Refinance,1060500.0,2024-12-31,77
82410356,FHA,Wholesale,Purchase,433285.0,2024-12-13,59
82410361,NONCONFORMING,Wholesale,Purchase,244500.0,2024-11-13,28
82410362,CONFORMING,Wholesale,Refinance CashOut,475000.0,2024-12-16,61
82410363,2ND,Wholesale,Refinance CashOut,220000.0,2024-11-26,41
82410367,FHA,Wholesale,Purchase,299150.0,2024-12-06,51
82410368,NONCONFORMING,Wholesale,Purchase,228000.0,2024-11-26,41
82410369,2ND,Wholesale,Refinance CashOut,109470.0,2024-11-19,34
82410370,NONCONFORMING,Wholesale,Purchase,700000.0,2024-11-20,35
82410374,CONVENTIONAL BOND STD MI,Wholesale,Purchase,499550.0,2024-11-12,27
62410387,2ND,Retail,Refinance CashOut,180000.0,2024-11-27,37
82410378,NONCONFORMING,Wholesale,Refinance CashOut,1220000.0,2024-11-22,36
82410383,CONFORMING,Wholesale,Purchase,273000.0,2024-11-08,22
82410385,2ND,Wholesale,Purchase,15450.0,2024-11-12,27
82410391,NONCONFORMING,Wholesale,Purchase,528000.0,2024-11-14,28
82410393,NONCONFORMING,Wholesale,Purchase,920000.0,2024-12-16,60
82410399,2ND,Wholesale,Refinance CashOut,600000.0,2024-11-07,21
82502367,FHA BOND,Wholesale,Purchase,371525.0,2025-03-20,24
82502369,CONFORMING,Wholesale,Purchase,593750.0,2025-03-12,16
82502370,2ND,Wholesale,Purchase,13475.0,2025-03-20,24
82502387,2ND,Wholesale,Refinance CashOut,167000.0,2025-03-26,29
82502391,NONCONFORMING,Wholesale,Purchase,706400.0,2025-03-20,23
82502392,NONCONFORMING,Wholesale,Purchase,444000.0,2025-03-26,29
82502393,NONCONFORMING,Wholesale,Refinance,335000.0,2025-04-16,50
82502395,NONCONFORMING,Wholesale,Purchase,236175.0,2025-03-24,27
82502399,NONCONFORMING,Wholesale,Purchase,460000.0,2025-03-14,17
82502403,2ND,Wholesale,Refinance CashOut,400000.0,2025-06-27,122
82502406,CONFORMING,Wholesale,Refinance CashOut,200000.0,2025-03-11,14
82502408,NONCONFORMING,Wholesale,Purchase,228000.0,2025-04-02,35
82502415,ZERO INTEREST PROGRAM,Wholesale,Purchase,107000.0,2025-03-25,28
82502417,NONCONFORMING,Wholesale,Purchase,395000.0,2025-03-24,26
62502447,NONCONFORMING,Retail,Refinance CashOut,117750.0,2025-04-02,34
82502425,NONCONFORMING,Wholesale,Purchase,291920.0,2025-03-31,33
82502426,FHA,Wholesale,Refinance CashOut,261000.0,2025-03-28,30
82502431,NONCONFORMING,Wholesale,Purchase,267600.0,2025-03-20,22
82502434,CONFORMING,Wholesale,Refinance CashOut,185000.0,2025-03-19,21
82502438,NONCONFORMING,Wholesale,Purchase,323000.0,2025-03-24,26
82502440,FHA,Wholesale,Purchase,250900.0,2025-03-13,15
82502448,NONCONFORMING,Wholesale,Refinance CashOut,900000.0,2025-03-31,32
82502450,2ND,Wholesale,Refinance CashOut,500000.0,2025-03-28,29
82502451,FHA,Wholesale,Purchase,707345.0,2025-04-07,39
82502452,NONCONFORMING,Wholesale,Refinance CashOut,490000.0,2025-04-03,35
82502454,FHA,Wholesale,Refinance CashOut,550000.0,2025-04-01,33
82502455,FHA,Wholesale,Purchase,703485.0,2025-03-24,25
82502456,NONCONFORMING,Wholesale,Purchase,350000.0,2025-03-17,18
82502457,NONCONFORMING,Wholesale,Purchase,185000.0,2025-03-14,15
62502467,CONFORMING,Retail,Purchase,304000.0,2025-04-10,35
82502461,NONCONFORMING,Wholesale,Purchase,157900.0,2025-03-13,14
82502462,CONFORMING,Wholesale,Purchase,496360.0,2025-03-21,22
82502463,NONCONFORMING,Wholesale,Purchase,450000.0,2025-03-14,15
82502464,CONFORMING,Wholesale,Purchase,228950.0,2025-03-13,14
82502465,NONCONFORMING,Wholesale,Purchase,192000.0,2025-03-27,28
82502468,FHA,Wholesale,Purchase,661000.0,2025-03-21,22
82502470,VA,Wholesale,Purchase,515000.0,2025-03-28,29
82502477,2ND,Wholesale,Refinance CashOut,305000.0,2025-03-26,26
82502481,2ND,Wholesale,Refinance,192000.0,2025-05-27,88
82502482,FHA,Wholesale,Purchase,506625.0,2025-04-07,38
82502486,NONCONFORMING,Wholesale,Purchase,1120000.0,2025-03-28,28
82502487,NONCONFORMING,Wholesale,Purchase,259200.0,2025-03-11,11
82502489,NONCONFORMING,Wholesale,Refinance,350000.0,2025-04-29,60
82502492,CONFORMING,Wholesale,Purchase,757950.0,2025-03-26,24
82502493,FHA,Wholesale,Other,684848.0,2025-03-31,31
82502496,VA,Wholesale,Purchase,309000.0,2025-03-24,24
82503020,CONFORMING,Wholesale,Purchase,598025.0,2025-04-11,39
82503021,CONFORMING,Wholesale,Purchase,323000.0,2025-07-08,63
82503022,NONCONFORMING,Wholesale,Purchase,487500.0,2025-03-24,21
82503025,2ND,Wholesale,Refinance CashOut,344000.0,2025-03-27,24
62503029,2ND,Retail,Refinance CashOut,600000.0,2025-04-04,31
82503030,FHA BOND,Wholesale,Purchase,672750.0,2025-04-02,29
82503032,NONCONFORMING,Wholesale,Purchase,256000.0,2025-04-04,31
82503035,NONCONFORMING,Wholesale,Purchase,765000.0,2025-03-24,20
82503004,NONCONFORMING,Wholesale,Refinance,350000.0,2025-04-30,58
82503006,NONCONFORMING,Wholesale,Purchase,176250.0,2025-03-27,24
82503010,2ND,Wholesale,Refinance CashOut,125000.0,2025-03-31,28
82503013,FHA,Wholesale,Purchase,1077550.0,2025-03-18,15
82503015,NONCONFORMING,Wholesale,Purchase,2737500.0,2025-03-31,28
82503051,NONCONFORMING,Wholesale,Refinance CashOut,2345000.0,2025-04-21,47
82503052,NONCONFORMING,Wholesale,Refinance,1105000.0,2025-04-16,42
82503053,NONCONFORMING,Wholesale,Refinance,270000.0,2025-04-30,56
82503058,FHA,Wholesale,Purchase,491185.0,2025-03-20,15
82503067,FHA,Wholesale,Purchase,482500.0,2025-04-04,15
82503072,NONCONFORMING,Wholesale,Purchase,508000.0,2025-03-31,26
82503073,CONVENTIONAL BOND STD MI,Wholesale,Purchase,281300.0,2025-04-03,29
82503039,FHA,Wholesale,Purchase,500835.0,2025-03-25,21
62503041,2ND,Retail,Refinance CashOut,235000.0,2025-03-17,13
82503042,NONCONFORMING,Wholesale,Purchase,1220000.0,2025-04-02,29
82503043,NONCONFORMING,Wholesale,Purchase,324000.0,2025-03-26,22
82503044,NONCONFORMING,Wholesale,Purchase,320000.0,2025-03-28,24
82503046,ZERO INTEREST PROGRAM,Wholesale,Purchase,24675.0,2025-04-02,29
82503047,FHA,Wholesale,Purchase,786475.0,2025-03-18,14
82511442,2ND,Wholesale,Refinance CashOut,,2026-01-05,46
82503447,NONCONFORMING,Wholesale,Refinance,270100.0,2025-04-23,31
62503450,VA,Retail,Purchase,379900.0,2025-04-11,18
82503451,NONCONFORMING,Wholesale,Purchase,266500.0,2025-04-21,28
82503470,NONCONFORMING,Wholesale,Refinance,427500.0,2025-04-30,37
82503473,NONCONFORMING,Wholesale,Purchase,1600000.0,2025-05-06,42
82503475,NONCONFORMING,Wholesale,Refinance CashOut,345000.0,2025-04-22,28
82503496,NONCONFORMING,Wholesale,Purchase,384990.0,2025-04-11,17
82503501,FHA,Wholesale,Purchase,511353.0,2025-04-29,35
82503481,2ND,Wholesale,Refinance CashOut,200000.0,2025-04-29,35
82503484,CONFORMING,Wholesale,Purchase,760000.0,2025-04-25,31
82503486,FHA,Wholesale,Purchase,240767.0,2025-04-17,23
82504297,2ND,Wholesale,Refinance CashOut,350000.0,2025-05-06,25
82504298,CONFORMING,Wholesale,Purchase,250000.0,2025-09-25,167
82504321,ZERO INTEREST PROGRAM,Wholesale,Purchase,150000.0,2025-05-07,16
62504322,VA,Retail,Refinance CashOut,360000.0,2025-05-21,37
82504331,NONCONFORMING,Wholesale,Refinance CashOut,450000.0,2025-08-07,106
82504332,NONCONFORMING,Wholesale,Purchase,803250.0,2025-05-08,24
82504335,NONCONFORMING,Wholesale,Refinance,993000.0,2025-07-09,86
82504336,VA,Wholesale,Purchase,340000.0,2025-06-11,29
82504337,FHA,Wholesale,Purchase,844375.0,2025-05-20,36
82504338,NONCONFORMING,Wholesale,Refinance CashOut,172500.0,2025-06-23,70
82504302,2ND,Wholesale,Refinance CashOut,541590.0,2025-05-06,25
82504303,NONCONFORMING,Wholesale,Refinance,1633500.0,2025-05-30,49
82504318,CONVENTIONAL BOND STD MI,Wholesale,Purchase,652750.0,2025-05-07,16
82504320,2ND,Wholesale,Refinance CashOut,500000.0,2025-05-23,39
82504341,FHA,Wholesale,Purchase,395650.0,2025-05-20,36
62504366,2ND,Retail,Refinance CashOut,125000.0,2025-05-16,31
82504375,FHA,Wholesale,Purchase,226775.0,2025-06-11,57
82504378,NONCONFORMING,Wholesale,Refinance CashOut,600000.0,2025-04-30,15
82504379,FHA,Wholesale,Purchase,376350.0,2025-07-03,79
82504380,NONCONFORMING,Wholesale,Refinance CashOut,450000.0,2025-05-06,21
82504345,NONCONFORMING,Wholesale,Purchase,457600.0,2025-05-09,25
82504346,NONCONFORMING,Wholesale,Purchase,412000.0,2025-05-21,37
82504348,NONCONFORMING,Wholesale,Refinance,543000.0,2025-05-07,23
82504349,FHA BOND,Wholesale,Purchase,414950.0,2025-05-12,28
82504350,NONCONFORMING,Wholesale,Purchase,221250.0,2025-05-19,35
82504351,ZERO INTEREST PROGRAM,Wholesale,Purchase,10373.0,2025-05-12,28
82504352,ZERO INTEREST PROGRAM,Wholesale,Purchase,15050.0,2025-05-12,28
82504353,NONCONFORMING,Wholesale,Purchase,828000.0,2025-05-09,25
82504355,NONCONFORMING,Wholesale,Purchase,768000.0,2025-05-05,21
82504359,NONCONFORMING,Wholesale,Refinance CashOut,219000.0,2025-05-02,17
82504396,NONCONFORMING,Wholesale,Purchase,152000.0,2025-07-08,83
82504397,NONCONFORMING,Wholesale,Purchase,378800.0,2025-05-09,23
82504401,2ND,Wholesale,Refinance CashOut,116700.0,2025-06-05,50
82504403,NONCONFORMING,Wholesale,Refinance,395000.0,2025-06-12,57
82504405,2ND,Wholesale,Refinance CashOut,136950.0,2025-06-11,56
82504406,FHA BOND,Wholesale,Purchase,627250.0,2025-06-03,48
82504407,FHA,Wholesale,Purchase,502282.0,2025-05-01,15
82504382,FHA,Wholesale,Purchase,308800.0,2025-05-19,34
82504384,NONCONFORMING,Wholesale,Refinance CashOut,1950000.0,2025-05-16,31
82504386,FHA,Wholesale,Purchase,762350.0,2025-05-16,18
82504387,NONCONFORMING,Wholesale,Purchase,657000.0,2025-06-05,51
82504389,NONCONFORMING,Wholesale,Purchase,868000.0,2025-07-18,24
82504391,NONCONFORMING,Wholesale,Purchase,749600.0,2025-06-05,51
82504393,CONFORMING,Wholesale,Purchase,190000.0,2025-06-20,66
82504394,FHA,Wholesale,Purchase,408500.0,2025-06-25,71
82504411,NONCONFORMING,Wholesale,Purchase,424000.0,2025-05-14,28
82504418,VA,Wholesale,Purchase,500000.0,2025-05-20,27
82504440,NONCONFORMING,Wholesale,Purchase,327541.0,2025-10-01,167
82504445,FHA,Wholesale,Purchase,361875.0,2025-05-08,21
82504448,NONCONFORMING,Wholesale,Refinance CashOut,112700.0,2025-06-13,57
82504450,NONCONFORMING,Wholesale,Purchase,315000.0,2025-05-07,20
82504454,CONFORMING,Wholesale,Refinance CashOut,684800.0,2025-05-19,32
82504419,NONCONFORMING,Wholesale,Purchase,370000.0,2025-05-01,15
82504422,2ND,Wholesale,Purchase,22750.0,2025-06-03,48
82504424,NONCONFORMING,Wholesale,Purchase,820000.0,2025-05-07,21
82504429,NONCONFORMING,Wholesale,Refinance,1754000.0,2025-05-16,30
82504432,FHA,Wholesale,Purchase,550050.0,2025-05-05,19
82503048,VA,Wholesale,Purchase,446500.0,2025-05-09,66
82503050,FHA,Wholesale,Purchase,554875.0,2025-05-23,79
82503095,2ND,Wholesale,Refinance CashOut,200000.0,2025-04-29,54
82503096,NONCONFORMING,Wholesale,Purchase,178580.0,2025-04-15,40
82503097,FHA BOND,Wholesale,Purchase,251865.0,2025-04-15,40
82503100,FHA,Wholesale,Purchase,476710.0,2025-03-25,19
82503101,ZERO INTEREST PROGRAM,Wholesale,Purchase,6136.0,2025-04-02,27
82503102,FHA,Wholesale,Purchase,339300.0,2025-03-24,18
82503104,FHA,Wholesale,Refinance CashOut,500000.0,2025-04-14,39
82503076,ZERO INTEREST PROGRAM,Wholesale,Purchase,8700.0,2025-04-03,29
82503079,NONCONFORMING,Wholesale,Purchase,3500000.0,2025-03-24,18
82503082,FHA,Wholesale,Other,763563.0,2025-04-14,39
82503083,FHA,Wholesale,Refinance CashOut,610000.0,2025-05-30,85
82503085,NONCONFORMING,Wholesale,Purchase,780000.0,2025-03-31,25
82503086,CONFORMING,Wholesale,Refinance,639500.0,2025-04-07,32
82503087,NONCONFORMING,Wholesale,Refinance CashOut,227250.0,2025-04-10,35
82503091,NONCONFORMING,Wholesale,Purchase,329000.0,2025-03-19,13
82503092,FHA BOND,Wholesale,Purchase,241250.0,2025-04-02,27
62503122,FHA,Retail,Refinance CashOut,267200.0,2025-06-13,92
62503133,NONCONFORMING,Retail,Refinance CashOut,200000.0,2025-04-17,38
62503136,CONFORMING,Retail,Purchase,553379.0,2025-04-29,29
82503106,CONFORMING,Wholesale,Purchase,551000.0,2025-03-19,13
82503107,NONCONFORMING,Wholesale,Refinance CashOut,463500.0,2025-04-16,41
82503108,CONFORMING,Wholesale,Purchase,400000.0,2025-04-08,33
82503109,ZERO INTEREST PROGRAM,Wholesale,Purchase,8750.0,2025-04-02,27
82503110,FHA,Wholesale,Purchase,535900.0,2025-04-01,26
82503112,2ND,Wholesale,Refinance CashOut,267115.0,2025-04-22,46
82503117,NONCONFORMING,Wholesale,Purchase,1556250.0,2025-04-02,26
82503118,2ND,Wholesale,Refinance CashOut,100000.0,2025-03-27,20
82503119,FHA,Wholesale,Other,653729.0,2025-04-07,31
82503121,2ND,Wholesale,Purchase,9135.0,2025-04-15,40
82503123,NONCONFORMING,Wholesale,Refinance CashOut,5000000.0,2025-04-28,52
82503127,FHA,Wholesale,Purchase,361875.0,2025-04-07,31
82503130,FHA BOND,Wholesale,Purchase,255725.0,2025-04-01,25
82503131,2ND,Wholesale,Purchase,9275.0,2025-04-01,25
82503134,NONCONFORMING,Wholesale,Purchase,444800.0,2025-04-02,26
82503156,NONCONFORMING,Wholesale,Refinance,1370000.0,2025-03-26,16
82503158,NONCONFORMING,Wholesale,Purchase,1221210.0,2025-03-27,17
82503160,NONCONFORMING,Wholesale,Refinance,2780400.0,2025-05-27,77
82503161,NONCONFORMING,Wholesale,Purchase,238000.0,2025-04-10,31
82503137,NONCONFORMING,Wholesale,Refinance CashOut,360000.0,2025-04-14,35
82503147,FHA,Wholesale,Purchase,704450.0,2025-04-11,32
82503149,NONCONFORMING,Wholesale,Refinance CashOut,584910.0,2025-04-25,46
82503195,2ND,Wholesale,Purchase,19950.0,2025-04-08,28
82503196,NONCONFORMING,Wholesale,Refinance CashOut,517500.0,2025-03-28,16
82503198,CONFORMING,Wholesale,Purchase,908000.0,2025-05-19,26
82503203,FHA,Wholesale,Purchase,289500.0,2025-04-04,23
82503207,NONCONFORMING,Wholesale,Purchase,215920.0,2025-04-10,29
82503173,2ND,Wholesale,Refinance CashOut,175000.0,2025-05-27,77
82503174,FHA BOND,Wholesale,Purchase,588650.0,2025-03-27,16
82503176,NONCONFORMING,Wholesale,Purchase,121200.0,2025-04-15,35
82405024,CONFORMING,Wholesale,Purchase,404700.0,2024-05-17,16
82405026,NONCONFORMING,Wholesale,Purchase,342550.0,2024-06-10,39
92405005,NONCONFORMING,Wholesale,Purchase,336000.0,2024-05-30,29
92405029,NONCONFORMING,Wholesale,Purchase,464000.0,2024-05-23,21
82405035,NONCONFORMING,Wholesale,Purchase,270000.0,2024-05-28,26
82405040,NONCONFORMING,Wholesale,Purchase,288000.0,2024-05-28,26
82405056,NONCONFORMING,Wholesale,Purchase,319200.0,2024-05-24,21
82405057,CONFORMING,Wholesale,Purchase,798950.0,2024-06-04,32
82405061,NONCONFORMING,Wholesale,Purchase,300000.0,2024-05-28,25
82405062,NONCONFORMING,Wholesale,Purchase,333750.0,2024-05-23,20
82405063,2ND,Wholesale,Purchase,11812.0,2024-05-30,27
82405067,FHA,Wholesale,Purchase,617600.0,2024-05-28,25
82405073,2ND,Wholesale,Refinance CashOut,181000.0,2024-05-30,24
82405076,NONCONFORMING,Wholesale,Refinance CashOut,280000.0,2024-05-22,16
82405078,NONCONFORMING,Wholesale,Purchase,208250.0,2024-05-29,23
92405042,NONCONFORMING,Wholesale,Purchase,201750.0,2024-05-29,27
92405052,NONCONFORMING,Wholesale,Purchase,240000.0,2024-06-03,32
92405066,CONFORMING,Wholesale,Purchase,448000.0,2024-05-16,13
92405069,NONCONFORMING,Wholesale,Purchase,396800.0,2024-05-31,28
82405079,FHA,Wholesale,Purchase,411000.0,2024-05-28,22
82405082,NONCONFORMING,Wholesale,Purchase,116250.0,2024-06-04,29
82405086,2ND,Wholesale,Refinance CashOut,130000.0,2024-06-25,50
82405087,NONCONFORMING,Wholesale,Purchase,527250.0,2024-05-30,24
82405088,2ND,Wholesale,Refinance CashOut,200000.0,2024-07-12,67
82405089,FHA BOND,Wholesale,Purchase,342575.0,2024-06-04,28
82405090,NONCONFORMING,Wholesale,Purchase,220517.0,2024-05-29,22
82405091,2ND,Wholesale,Purchase,12425.0,2024-06-04,28
82405094,CONFORMING,Wholesale,Refinance,232000.0,2024-06-10,34
92405081,NONCONFORMING,Wholesale,Purchase,600000.0,2024-05-31,25
92405085,FHA,Wholesale,Purchase,371525.0,2024-06-26,51
82405096,FHA,Wholesale,Purchase,283710.0,2024-05-31,24
82405097,NONCONFORMING,Wholesale,Purchase,420000.0,2024-05-24,17
82405101,2ND,Wholesale,Refinance CashOut,387550.0,2024-07-12,66
82405103,CONFORMING,Wholesale,Purchase,294500.0,2024-05-30,23
82405107,NONCONFORMING,Wholesale,Refinance CashOut,280000.0,2024-06-13,36
82405108,CONFORMING,Wholesale,Purchase,937500.0,2024-05-29,21
82405109,CONFORMING,Wholesale,Purchase,432250.0,2024-05-29,21
82405110,FHA,Wholesale,Purchase,289500.0,2024-06-06,29
82405112,NONCONFORMING,Wholesale,Purchase,600000.0,2024-05-29,21
82405114,NONCONFORMING,Wholesale,Purchase,939000.0,2024-05-24,16
82405121,NONCONFORMING,Wholesale,Purchase,198000.0,2024-05-31,23
82405122,NONCONFORMING,Wholesale,Purchase,270000.0,2024-06-03,26
82405125,NONCONFORMING,Wholesale,Purchase,545000.0,2024-06-07,29
82405127,NONCONFORMING,Wholesale,Purchase,722500.0,2024-05-29,20
92405119,NONCONFORMING,Wholesale,Purchase,720000.0,2024-06-20,43
92405126,NONCONFORMING,Wholesale,Purchase,292500.0,2024-06-05,27
82405129,CONFORMING,Wholesale,Purchase,593750.0,2024-07-03,55
82405133,2ND,Wholesale,Refinance CashOut,125000.0,2024-06-13,34
82405135,FHA,Wholesale,Purchase,540000.0,2024-05-29,19
82405138,NONCONFORMING,Wholesale,Purchase,948000.0,2024-05-30,20
82405150,FHA BOND,Wholesale,Purchase,303975.0,2024-06-18,36
82405151,2ND,Wholesale,Purchase,11025.0,2024-06-18,36
82405152,NONCONFORMING,Wholesale,Refinance CashOut,238000.0,2024-07-24,72
82405155,FHA,Wholesale,Purchase,530000.0,2024-05-29,16
82405157,FHA,Wholesale,Purchase,482500.0,2024-06-18,36
82405159,NONCONFORMING,Wholesale,Purchase,457500.0,2024-07-09,57
82405161,NONCONFORMING,Wholesale,Purchase,2748750.0,2024-06-13,31
82405163,FHA,Wholesale,Purchase,340720.0,2024-06-04,22
82405165,NONCONFORMING,Wholesale,Purchase,380000.0,2024-05-30,17
92405147,2ND,Wholesale,Refinance CashOut,203690.0,2024-06-11,30
92405148,NONCONFORMING,Wholesale,Purchase,246517.0,2024-06-11,25
92405162,NONCONFORMING,Wholesale,Purchase,302800.0,2024-05-30,17
52405186,NONCONFORMING,Wholesale,Refinance CashOut,275000.0,2024-05-24,9
62405174,CONFORMING,Retail,Purchase,413249.0,2024-06-21,31
82405172,NONCONFORMING,Wholesale,Purchase,972000.0,2024-06-03,20
82405173,NONCONFORMING,Wholesale,Purchase,293600.0,2024-05-23,9
82405176,FHA,Wholesale,Purchase,308800.0,2024-06-07,24
82405185,NONCONFORMING,Wholesale,Refinance CashOut,367500.0,2024-05-20,5
82405187,NONCONFORMING,Wholesale,Purchase,375000.0,2024-05-21,11
82405193,CONFORMING,Wholesale,Purchase,304000.0,2024-06-21,31
82405197,NONCONFORMING,Wholesale,Purchase,1336000.0,2024-06-10,26
82405198,NONCONFORMING,Wholesale,Purchase,200000.0,2024-06-06,22
92405175,FHA,Wholesale,Purchase,940875.0,2024-09-23,19
92405177,FHA,Wholesale,Purchase,303975.0,2024-08-02,71
92405196,NONCONFORMING,Wholesale,Refinance CashOut,2317500.0,2024-07-16,62
92405199,NONCONFORMING,Wholesale,Purchase,1920000.0,2024-05-30,15
62405224,FHA,Retail,Purchase,554875.0,2024-07-31,30
82405205,NONCONFORMING,Wholesale,Purchase,1136000.0,2024-06-14,29
82405206,FHA,Wholesale,Purchase,635000.0,2024-07-05,46
82405207,NONCONFORMING,Wholesale,Purchase,601500.0,2024-06-24,39
82405208,NONCONFORMING,Wholesale,Refinance,685000.0,2024-06-28,43
82405214,NONCONFORMING,Wholesale,Refinance CashOut,150000.0,2024-06-21,35
82405218,NONCONFORMING,Wholesale,Purchase,513000.0,2024-06-06,20
82405225,NONCONFORMING,Wholesale,Purchase,504000.0,2024-06-17,28
82405229,NONCONFORMING,Wholesale,Purchase,386400.0,2024-06-06,17
82405232,NONCONFORMING,Wholesale,Refinance CashOut,303800.0,2024-06-13,23
82405234,CONFORMING,Wholesale,Purchase,406000.0,2024-07-05,29
82405236,NONCONFORMING,Wholesale,Refinance CashOut,396900.0,2024-06-28,38
92405228,NONCONFORMING,Wholesale,Purchase,200000.0,2024-06-17,28
92405231,NONCONFORMING,Wholesale,Purchase,960000.0,2024-06-17,27
52405282,NONCONFORMING,Wholesale,Refinance CashOut,115000.0,2024-05-30,6
82405248,FHA,Wholesale,Purchase,576550.0,2024-06-07,16
82405254,NONCONFORMING,Wholesale,Refinance CashOut,798000.0,2024-06-20,29
82405255,NONCONFORMING,Wholesale,Refinance CashOut,945000.0,2024-06-24,33
82405256,NONCONFORMING,Wholesale,Refinance CashOut,770000.0,2024-06-20,29
82405257,NONCONFORMING,Wholesale,Purchase,403200.0,2024-06-21,30
82405259,NONCONFORMING,Wholesale,Purchase,712500.0,2024-06-20,28
82405263,NONCONFORMING,Wholesale,Refinance,1056185.0,2024-06-26,34
82405264,CONFORMING,Wholesale,Purchase,389500.0,2024-06-12,20
82405265,NONCONFORMING,Wholesale,Purchase,365520.0,2024-06-12,20
82405272,FHA,Wholesale,Purchase,704450.0,2024-06-11,19
82405273,NONCONFORMING,Wholesale,Purchase,1095920.0,2024-06-13,21
82405275,CONFORMING,Wholesale,Purchase,248000.0,2024-06-21,29
82511439,2ND,Wholesale,Refinance CashOut,,2025-12-22,32
82511440,FHA,Wholesale,Purchase,,2025-12-15,25
82503178,NONCONFORMING,Wholesale,Purchase,228000.0,2025-04-11,31
82503179,FHA,Wholesale,Purchase,284675.0,2025-03-31,20
82503180,2ND,Wholesale,Refinance CashOut,200000.0,2025-03-27,16
82503184,NONCONFORMING,Wholesale,Refinance CashOut,195000.0,2025-03-31,20
82503188,ZERO INTEREST PROGRAM,Wholesale,Purchase,21350.0,2025-03-27,16
82503190,CONFORMING,Wholesale,Purchase,403750.0,2025-04-30,27
82503191,FHA BOND,Wholesale,Purchase,550050.0,2025-04-08,28
82503211,2ND,Wholesale,Refinance CashOut,362557.0,2025-04-14,32
82503234,FHA,Wholesale,Purchase,410125.0,2025-04-02,20
82503235,NONCONFORMING,Wholesale,Purchase,420000.0,2025-03-31,18
82503237,FHA,Wholesale,Purchase,574175.0,2025-04-23,41
82503241,NONCONFORMING,Wholesale,Refinance,1084000.0,2025-04-11,29
82503215,FHA BOND,Wholesale,Purchase,241250.0,2025-04-10,29
82503216,NONCONFORMING,Wholesale,Refinance CashOut,603750.0,2025-04-18,37
82503217,CONFORMING,Wholesale,Purchase,464000.0,2025-04-01,20
82503218,ZERO INTEREST PROGRAM,Wholesale,Purchase,6136.0,2025-04-10,29
82503219,ZERO INTEREST PROGRAM,Wholesale,Purchase,8750.0,2025-04-10,29
82503220,CONFORMING,Wholesale,Purchase,532000.0,2025-04-30,48
82503225,NONCONFORMING,Wholesale,Purchase,470000.0,2025-04-11,29
82503245,NONCONFORMING,Wholesale,Refinance CashOut,200000.0,2025-05-07,55
82503246,NONCONFORMING,Wholesale,Purchase,164250.0,2025-04-09,27
82503267,FHA,Wholesale,Purchase,535575.0,2025-03-27,13
82503268,2ND,Wholesale,Refinance CashOut,125000.0,2025-06-03,81
62503269,NONCONFORMING,Retail,Purchase,700000.0,2025-04-09,26
82503248,NONCONFORMING,Wholesale,Purchase,612500.0,2025-03-31,18
82503258,CONFORMING,Wholesale,Purchase,508000.0,2025-05-19,27
82503261,CONFORMING,Wholesale,Purchase,652000.0,2025-03-28,14
82503263,NONCONFORMING,Wholesale,Purchase,870000.0,2025-04-11,28
82503275,NONCONFORMING,Wholesale,Refinance CashOut,1290000.0,2025-05-05,52
82411132,CONVENTIONAL BOND STD MI,Wholesale,Purchase,436000.0,2024-12-20,38
82411135,NONCONFORMING,Wholesale,Purchase,119600.0,2024-12-13,31
82411136,FHA,Wholesale,Purchase,422670.0,2024-12-12,29
82411139,FHA,Wholesale,Refinance CashOut,555200.0,2024-12-10,28
82411140,NONCONFORMING,Wholesale,Purchase,676000.0,2024-12-19,37
82411141,FHA,Wholesale,Purchase,317485.0,2024-11-27,15
82411142,FHA,Wholesale,Purchase,579000.0,2024-12-05,23
82411145,NONCONFORMING,Wholesale,Purchase,325500.0,2024-12-09,27
82411160,NONCONFORMING,Wholesale,Refinance CashOut,250000.0,2024-12-19,36
82411162,2ND,Wholesale,Refinance CashOut,160000.0,2024-12-11,28
82411167,NONCONFORMING,Wholesale,Refinance CashOut,580000.0,2024-12-10,27
62411170,VA,Retail,Refinance CashOut,760000.0,2024-12-26,42
82411171,NONCONFORMING,Wholesale,Refinance CashOut,718200.0,2024-12-19,35
82411176,ZERO INTEREST PROGRAM,Wholesale,Purchase,103000.0,2024-12-20,38
82411177,NONCONFORMING,Wholesale,Purchase,1158720.0,2024-12-10,26
82411182,NONCONFORMING,Wholesale,Purchase,520000.0,2024-12-04,20
82411183,FHA BOND,Wholesale,Purchase,733400.0,2024-12-05,21
82411187,2ND,Wholesale,Purchase,26600.0,2024-12-05,21
82411192,NONCONFORMING,Wholesale,Purchase,568500.0,2024-12-23,39
82411193,CONFORMING,Wholesale,Purchase,232750.0,2025-07-16,21
82411195,VA,Wholesale,Purchase,430000.0,2024-11-27,12
82411197,FHA,Wholesale,Purchase,361875.0,2024-12-13,21
82411199,VA,Wholesale,Purchase,1490000.0,2024-12-06,22
82411203,NONCONFORMING,Wholesale,Purchase,336000.0,2025-01-24,70
62411294,FHA,Retail,Purchase,223880.0,2025-01-13,55
82411207,NONCONFORMING,Wholesale,Purchase,306750.0,2024-12-11,26
82411210,NONCONFORMING,Wholesale,Purchase,343000.0,2024-12-16,31
82411212,CONFORMING,Wholesale,Purchase,548000.0,2024-12-16,31
82411213,NONCONFORMING,Wholesale,Refinance CashOut,800000.0,2024-12-19,34
82411217,NONCONFORMING,Wholesale,Purchase,165000.0,2024-12-13,27
82411246,FHA BOND,Wholesale,Purchase,226775.0,2025-01-02,45
82411250,2ND,Wholesale,Purchase,8225.0,2025-01-02,45
82411251,FHA BOND,Wholesale,Purchase,260550.0,2024-12-27,39
82411254,2ND,Wholesale,Purchase,13500.0,2024-12-27,39
82411256,2ND,Wholesale,Refinance CashOut,342000.0,2024-12-24,36
82411287,NONCONFORMING,Wholesale,Refinance CashOut,1190000.0,2024-12-18,30
82411293,NONCONFORMING,Wholesale,Purchase,506250.0,2024-12-13,24
82411299,NONCONFORMING,Wholesale,Purchase,217000.0,2024-12-16,27
62411304,FHA,Retail,Purchase,554875.0,2025-02-14,18
82411305,NONCONFORMING,Wholesale,Refinance CashOut,1020000.0,2024-12-26,37
82411308,NONCONFORMING,Wholesale,Refinance,382000.0,2024-12-26,37
82411309,NONCONFORMING,Wholesale,Purchase,480000.0,2024-12-12,23
82411310,CONFORMING,Wholesale,Purchase,380000.0,2024-12-06,17
82411314,2ND,Wholesale,Refinance CashOut,265000.0,2024-12-13,24
82411318,FHA,Wholesale,Purchase,193000.0,2024-12-27,37
82411320,CONFORMING,Wholesale,Purchase,346750.0,2024-12-26,36
82411326,FHA,Wholesale,Purchase,714100.0,2024-12-09,19
82411332,FHA,Wholesale,Purchase,1107820.0,2024-12-17,27
82411333,NONCONFORMING,Wholesale,Purchase,432000.0,2024-12-30,40
82411337,CONVENTIONAL BOND STD MI,Wholesale,Purchase,305065.0,2024-12-18,28
82411340,NONCONFORMING,Wholesale,Purchase,304000.0,2024-12-31,41
62411348,NONCONFORMING,Retail,Refinance CashOut,273000.0,2025-01-16,55
82411346,NONCONFORMING,Wholesale,Refinance CashOut,338000.0,2024-12-23,33
82411351,VA,Wholesale,Purchase,244000.0,2024-12-20,29
82411358,CONFORMING,Wholesale,Purchase,460750.0,2025-02-12,36
82411364,FHA,Wholesale,Purchase,482500.0,2024-12-06,15
82411370,NONCONFORMING,Wholesale,Refinance CashOut,700000.0,2024-12-23,31
82411374,CONFORMING,Wholesale,Purchase,766500.0,2024-12-13,21
82411376,NONCONFORMING,Wholesale,Purchase,480000.0,2024-12-16,24
82411377,NONCONFORMING,Wholesale,Purchase,2025000.0,2024-12-20,28
82411379,FHA,Wholesale,Purchase,196428.0,2024-12-23,30
82411381,CONFORMING,Wholesale,Purchase,414000.0,2024-12-18,23
82411382,NONCONFORMING,Wholesale,Refinance,228000.0,2024-12-31,36
82411383,FHA,Wholesale,Purchase,308800.0,2024-12-13,18
82411388,NONCONFORMING,Wholesale,Purchase,151500.0,2024-12-27,32
82411389,NONCONFORMING,Wholesale,Purchase,308000.0,2025-01-02,38
82411391,NONCONFORMING,Wholesale,Refinance CashOut,1000000.0,2024-12-24,29
82411393,FHA BOND,Wholesale,Purchase,332925.0,2024-12-18,23
82411395,CONVENTIONAL BOND STD MI,Wholesale,Purchase,592000.0,2024-12-26,29
82411396,ZERO INTEREST PROGRAM,Wholesale,Purchase,148000.0,2024-12-26,29
82411400,FHA,Wholesale,Purchase,1056675.0,2024-12-09,14
82411402,NONCONFORMING,Wholesale,Purchase,570000.0,2024-12-24,29
82411407,NONCONFORMING,Wholesale,Purchase,850000.0,2024-12-19,23
82411409,NONCONFORMING,Wholesale,Purchase,226000.0,2024-12-19,23
82411411,FHA,Wholesale,Refinance CashOut,475000.0,2024-12-13,17
82511483,FHA,Wholesale,Purchase,,2025-12-30,39
82511485,2ND,Wholesale,Purchase,,2025-12-24,33
82502134,FHA,Wholesale,Purchase,482500.0,2025-03-19,37
82502135,NONCONFORMING,Wholesale,Refinance CashOut,400000.0,2025-04-07,56
82502098,NONCONFORMING,Wholesale,Refinance CashOut,802900.0,2025-02-24,17
82502101,FHA,Wholesale,Purchase,313625.0,2025-03-07,28
82502106,NONCONFORMING,Wholesale,Purchase,1745900.0,2025-02-20,13
82502109,NONCONFORMING,Wholesale,Refinance CashOut,357500.0,2025-03-12,33
82502112,NONCONFORMING,Wholesale,Refinance CashOut,348000.0,2025-02-24,17
82502117,NONCONFORMING,Wholesale,Refinance CashOut,158200.0,2025-02-25,15
82502136,FHA BOND,Wholesale,Purchase,376350.0,2025-04-09,43
62502139,FHA,Retail,Refinance CashOut,495000.0,2025-03-18,35
62502173,NONCONFORMING,Retail,Purchase,840000.0,2025-03-14,29
82502137,NONCONFORMING,Wholesale,Purchase,105000.0,2025-02-27,17
82502141,NONCONFORMING,Wholesale,Refinance CashOut,225000.0,2025-02-27,16
82502143,FHA,Wholesale,Purchase,115800.0,2025-04-08,56
82502145,2ND,Wholesale,Refinance CashOut,250000.0,2025-02-27,16
82502146,NONCONFORMING,Wholesale,Purchase,443400.0,2025-03-18,35
62412150,2ND,Retail,Refinance CashOut,146128.0,2025-01-15,36
82412151,NONCONFORMING,Wholesale,Refinance,1081600.0,2025-03-20,101
82412154,CONFORMING,Wholesale,Purchase,273750.0,2024-12-26,16
82412156,FHA,Wholesale,Other,378169.0,2025-01-23,44
82412159,NONCONFORMING,Wholesale,Purchase,173600.0,2024-12-26,16
82412161,NONCONFORMING,Wholesale,Purchase,308000.0,2024-12-30,20
82412175,NONCONFORMING,Wholesale,Purchase,290000.0,2025-01-10,30
82412177,NONCONFORMING,Wholesale,Refinance CashOut,1125000.0,2025-01-27,47
62412178,2ND,Retail,Refinance CashOut,600000.0,2025-01-17,37
82412180,FHA BOND,Wholesale,Purchase,506625.0,2025-01-07,27
82412181,NONCONFORMING,Wholesale,Purchase,547916.0,2025-01-16,36
82412183,NONCONFORMING,Wholesale,Purchase,600000.0,2024-12-20,9
62412185,FHA,Retail,Purchase,524225.0,2025-02-03,24
82412188,2ND,Wholesale,Purchase,18375.0,2025-01-07,27
82412193,NONCONFORMING,Wholesale,Refinance CashOut,444000.0,2025-01-07,27
62412212,2ND,Retail,Refinance CashOut,225000.0,2025-04-08,116
82412200,FHA,Wholesale,Purchase,492200.0,2025-01-06,25
82412203,NONCONFORMING,Wholesale,Purchase,444000.0,2025-01-06,25
82412204,FHA,Wholesale,Purchase,654350.0,2025-01-28,47
82412205,NONCONFORMING,Wholesale,Refinance CashOut,553000.0,2025-01-10,29
82412206,FHA,Wholesale,Purchase,294325.0,2025-01-30,49
82412209,NONCONFORMING,Wholesale,Refinance CashOut,400000.0,2025-01-17,36
82412210,CONFORMING,Wholesale,Purchase,920000.0,2025-01-13,32
82412214,NONCONFORMING,Wholesale,Purchase,248000.0,2025-01-07,26
82412215,NONCONFORMING,Wholesale,Purchase,768000.0,2024-12-26,14
82412216,NONCONFORMING,Wholesale,Purchase,464250.0,2025-02-03,53
82412217,NONCONFORMING,Wholesale,Purchase,500000.0,2025-01-10,29
82412224,FHA,Wholesale,Purchase,241250.0,2025-01-10,28
82412228,CONFORMING,Wholesale,Purchase,160000.0,2024-12-26,13
82412229,NONCONFORMING,Wholesale,Refinance CashOut,941376.0,2025-01-24,42
82412248,NONCONFORMING,Wholesale,Purchase,682200.0,2025-01-21,36
82412253,FHA,Wholesale,Purchase,346750.0,2025-01-03,18
82412256,FHA,Wholesale,Purchase,363805.0,2025-01-13,28
82412234,CONFORMING,Wholesale,Purchase,625100.0,2024-12-31,18
82412235,NONCONFORMING,Wholesale,Purchase,393750.0,2025-01-17,35
82412237,CONFORMING,Wholesale,Refinance,219000.0,2025-05-07,145
82412238,FHA,Wholesale,Refinance CashOut,210000.0,2025-02-12,61
82412239,CONFORMING,Wholesale,Purchase,150000.0,2025-01-31,49
82412241,NONCONFORMING,Wholesale,Purchase,390600.0,2025-01-09,27
82412244,2ND,Wholesale,Refinance CashOut,280700.0,2025-02-04,53
82412257,NONCONFORMING,Wholesale,Refinance CashOut,235500.0,2025-01-13,28
82412263,2ND,Wholesale,Refinance CashOut,155000.0,2025-02-13,59
82412265,FHA,Wholesale,Purchase,397580.0,2025-01-10,25
82412269,FHA,Wholesale,Purchase,352225.0,2025-01-13,28
82412272,NONCONFORMING,Wholesale,Purchase,400000.0,2025-01-10,24
82412273,NONCONFORMING,Wholesale,Purchase,700000.0,2025-01-15,29
82412275,NONCONFORMING,Wholesale,Purchase,600000.0,2024-12-30,13
82412276,FHA BOND,Wholesale,Purchase,361875.0,2025-01-16,30
82412281,NONCONFORMING,Wholesale,Refinance,450000.0,2025-01-27,41
82412286,FHA BOND,Wholesale,Purchase,453550.0,2025-01-28,42
82412288,NONCONFORMING,Wholesale,Purchase,501500.0,2025-01-24,38
82412290,FHA,Wholesale,Purchase,465130.0,2025-01-10,24
82412291,2ND,Wholesale,Purchase,18750.0,2025-01-16,30
82412293,2ND,Wholesale,Purchase,16450.0,2025-01-28,42
82412297,FHA BOND,Wholesale,Purchase,142337.0,2025-02-07,52
82412298,2ND,Wholesale,Purchase,7375.0,2025-02-07,52
82412300,FHA,Wholesale,Purchase,492150.0,2025-01-15,29
82412301,NONCONFORMING,Wholesale,Refinance CashOut,690000.0,2025-01-31,45
82412302,NONCONFORMING,Wholesale,Purchase,392000.0,2024-12-30,13
82412304,NONCONFORMING,Wholesale,Purchase,200000.0,2025-01-28,41
82412306,NONCONFORMING,Wholesale,Refinance CashOut,350000.0,2025-01-31,44
82412309,CONFORMING,Wholesale,Purchase,480000.0,2025-01-28,41
82412311,FHA,Wholesale,Purchase,408195.0,2025-01-14,27
82412313,2ND,Wholesale,Refinance CashOut,124637.0,2025-01-29,42
82412314,NONCONFORMING,Wholesale,Purchase,760800.0,2025-01-10,23
82412315,FHA BOND,Wholesale,Purchase,477675.0,2025-01-15,28
82412322,NONCONFORMING,Wholesale,Refinance,236250.0,2025-01-27,40
82412324,2ND,Wholesale,Refinance CashOut,300000.0,2025-02-13,57
82412325,FHA BOND,Wholesale,Purchase,410125.0,2025-02-04,48
82412330,2ND,Wholesale,Purchase,17325.0,2025-01-15,28
82412331,ZERO INTEREST PROGRAM,Wholesale,Purchase,14875.0,2025-02-04,48
82412332,NONCONFORMING,Wholesale,Purchase,234900.0,2025-01-17,29
82412337,FHA BOND,Wholesale,Purchase,492150.0,2025-02-05,48
82412338,FHA,Wholesale,Purchase,265375.0,2025-02-24,67
82412344,NONCONFORMING,Wholesale,Purchase,617400.0,2025-01-10,22
82412345,VA,Wholesale,Purchase,241000.0,2025-02-28,36
82412346,NONCONFORMING,Wholesale,Refinance CashOut,630000.0,2025-02-12,55
62412369,NONCONFORMING,Retail,Purchase,1040000.0,2025-02-20,42
82412349,NONCONFORMING,Wholesale,Purchase,172500.0,2025-01-16,27
82412352,2ND,Wholesale,Purchase,17850.0,2025-02-05,48
82412354,FHA,Wholesale,Purchase,675500.0,2025-01-27,38
82412355,NONCONFORMING,Wholesale,Purchase,345000.0,2025-01-13,24
82412356,NONCONFORMING,Wholesale,Refinance CashOut,682500.0,2025-02-11,53
82412358,NONCONFORMING,Wholesale,Refinance CashOut,999999.0,2025-02-14,56
82412359,NONCONFORMING,Wholesale,Purchase,525000.0,2025-01-14,25
82412368,FHA,Wholesale,Purchase,541500.0,2025-02-24,27
82412370,NONCONFORMING,Wholesale,Purchase,525000.0,2025-01-29,37
82412372,FHA BOND,Wholesale,Purchase,356085.0,2025-01-21,29
82412374,NONCONFORMING,Wholesale,Refinance CashOut,150000.0,2025-01-22,30
82412382,2ND,Wholesale,Refinance CashOut,187000.0,2025-02-11,50
82412384,2ND,Wholesale,Purchase,12915.0,2025-01-21,29
82502149,NONCONFORMING,Wholesale,Purchase,176800.0,2025-03-10,27
82502151,NONCONFORMING,Wholesale,Purchase,1216000.0,2025-03-11,28
82502155,NONCONFORMING,Wholesale,Purchase,334320.0,2025-04-11,59
82502157,NONCONFORMING,Wholesale,Refinance CashOut,545000.0,2025-03-24,41
82502161,NONCONFORMING,Wholesale,Refinance CashOut,305000.0,2025-03-12,28
82502162,NONCONFORMING,Wholesale,Purchase,234000.0,2025-03-28,44
82502166,CONFORMING,Wholesale,Refinance,313545.0,2025-04-15,62
82502167,FHA,Wholesale,Purchase,556400.0,2025-03-10,26
82502168,NONCONFORMING,Wholesale,Purchase,1128324.0,2025-03-24,40
82502169,CONVENTIONAL BOND STD MI,Wholesale,Purchase,360000.0,2025-03-12,28
82502170,NONCONFORMING,Wholesale,Purchase,255000.0,2025-02-25,13
82502171,ZERO INTEREST PROGRAM,Wholesale,Purchase,90000.0,2025-03-12,28
82502172,FHA,Wholesale,Purchase,410125.0,2025-03-11,27
82502174,NONCONFORMING,Wholesale,Purchase,684000.0,2025-02-27,15
82502190,CONFORMING,Wholesale,Purchase,253175.0,2025-03-26,41
82502191,2ND,Wholesale,Refinance CashOut,750000.0,2025-03-04,19
82502196,FHA BOND,Wholesale,Purchase,472850.0,2025-03-05,20
82502200,ZERO INTEREST PROGRAM,Wholesale,Purchase,17150.0,2025-03-05,20
82502202,NONCONFORMING,Wholesale,Refinance CashOut,157500.0,2025-03-21,36
82502176,2ND,Wholesale,Refinance CashOut,401000.0,2025-03-04,20
82502177,2ND,Wholesale,Refinance CashOut,244000.0,2025-03-21,37
82412393,FHA,Wholesale,Purchase,395650.0,2025-01-22,30
82412394,FHA,Wholesale,Other,825417.0,2025-01-27,35
82412395,NONCONFORMING,Wholesale,Refinance CashOut,470000.0,2025-01-30,38
82412400,NONCONFORMING,Wholesale,Purchase,125000.0,2025-01-07,14
82412402,NONCONFORMING,Wholesale,Purchase,1522500.0,2025-01-13,20
82412404,2ND,Wholesale,Refinance CashOut,375000.0,2025-01-29,34
82412407,CONVENTIONAL BOND STD MI,Wholesale,Purchase,494000.0,2025-05-09,59
82412411,FHA,Wholesale,Purchase,598300.0,2025-01-17,22
82412413,ZERO INTEREST PROGRAM,Wholesale,Purchase,14820.0,2025-05-09,59
82412415,,Wholesale,Purchase,15600.0,2025-05-09,59
82412416,NONCONFORMING,Wholesale,Purchase,1040000.0,2025-01-24,28
82412417,NONCONFORMING,Wholesale,Refinance,397000.0,2025-01-24,28
82412423,FHA,Wholesale,Purchase,607950.0,2025-01-21,25
82412424,NONCONFORMING,Wholesale,Purchase,603000.0,2025-01-14,18
82412425,2ND,Wholesale,Refinance CashOut,220000.0,2025-01-21,25
82412427,NONCONFORMING,Wholesale,Refinance CashOut,199200.0,2025-02-03,38
82412430,NONCONFORMING,Wholesale,Purchase,504000.0,2025-01-21,22
82412437,FHA BOND,Wholesale,Purchase,376350.0,2025-01-17,18
82412440,2ND,Wholesale,Purchase,13650.0,2025-01-17,18
82412444,CONFORMING,Wholesale,Purchase,464000.0,2025-02-05,37
82412447,NONCONFORMING,Wholesale,Purchase,408000.0,2025-01-31,31
82412451,FHA,Wholesale,Purchase,651375.0,2025-01-30,30
82501001,FHA,Wholesale,Purchase,482500.0,2025-01-21,15
82501004,NONCONFORMING,Wholesale,Purchase,270000.0,2025-01-22,20
82501005,NONCONFORMING,Wholesale,Purchase,265550.0,2025-01-23,21
82501006,NONCONFORMING,Wholesale,Refinance CashOut,400000.0,2025-01-29,27
82501027,NONCONFORMING,Wholesale,Refinance CashOut,250000.0,2025-02-19,47
82501030,NONCONFORMING,Wholesale,Purchase,999200.0,2025-01-24,21
82501031,FHA,Wholesale,Refinance CashOut,100000.0,2025-02-05,33
82501032,NONCONFORMING,Wholesale,Refinance,663000.0,2025-02-10,38
82501033,CONFORMING,Wholesale,Purchase,237250.0,2025-02-03,30
62501037,CONFORMING,Retail,Refinance,426500.0,2025-01-28,22
62501038,CONFORMING,Retail,Purchase,289000.0,2025-07-17,16
82501043,NONCONFORMING,Wholesale,Refinance CashOut,818200.0,2025-01-29,23
82501013,NONCONFORMING,Wholesale,Refinance CashOut,765000.0,2025-01-31,29
82501015,NONCONFORMING,Wholesale,Refinance CashOut,500000.0,2025-02-05,34
82501017,NONCONFORMING,Wholesale,Refinance CashOut,107250.0,2025-03-11,68
82501020,NONCONFORMING,Wholesale,Purchase,361540.0,2025-01-28,26
82501023,NONCONFORMING,Wholesale,Purchase,700800.0,2025-01-24,21
82501025,NONCONFORMING,Wholesale,Purchase,784000.0,2025-01-15,12
82501026,FHA,Wholesale,Purchase,337750.0,2025-01-31,28
82501044,NONCONFORMING,Wholesale,Refinance CashOut,845500.0,2025-01-29,23
82501059,NONCONFORMING,Wholesale,Purchase,417600.0,2025-02-03,27
82501062,FHA,Wholesale,Purchase,307835.0,2025-01-23,16
82501063,FHA,Wholesale,Purchase,404000.0,2025-01-28,21
82501065,FHA,Wholesale,Purchase,482451.0,2025-04-11,17
82501066,NONCONFORMING,Wholesale,Purchase,236250.0,2025-01-17,10
82501067,NONCONFORMING,Wholesale,Purchase,512000.0,2025-02-06,30
82501072,FHA,Wholesale,Purchase,733400.0,2025-01-28,21
82501073,NONCONFORMING,Wholesale,Purchase,675000.0,2025-01-31,24
82501076,FHA,Wholesale,Purchase,558735.0,2025-01-23,16
62501046,2ND,Retail,Refinance CashOut,400000.0,2025-02-26,51
82501052,NONCONFORMING,Wholesale,Purchase,297000.0,2025-01-29,23
82501053,NONCONFORMING,Wholesale,Purchase,405000.0,2025-02-21,46
82501054,NONCONFORMING,Wholesale,Refinance,500000.0,2025-01-29,23
62501055,NONCONFORMING,Retail,Purchase,279000.0,2025-05-22,73
82501056,CONFORMING,Wholesale,Purchase,680000.0,2025-02-13,22
82501057,FHA BOND,Wholesale,Purchase,323274.0,2025-01-21,14
82501058,FHA,Wholesale,Purchase,287570.0,2025-02-14,38
82501097,2ND,Wholesale,Refinance CashOut,250000.0,2025-02-12,35
82501103,NONCONFORMING,Wholesale,Refinance,410000.0,2025-01-27,18
82501106,NONCONFORMING,Wholesale,Purchase,804000.0,2025-01-27,18
82501108,CONFORMING,Wholesale,Purchase,806500.0,2025-01-28,19
82501078,CONFORMING,Wholesale,Purchase,494000.0,2025-02-11,35
82501082,FHA,Wholesale,Purchase,386000.0,2025-02-18,25
82501084,NONCONFORMING,Wholesale,Refinance CashOut,463000.0,2025-01-30,23
82501088,CONFORMING,Wholesale,Purchase,513000.0,2025-01-30,22
82501089,ZERO INTEREST PROGRAM,Wholesale,Purchase,11725.0,2025-01-21,14
82501090,2ND,Wholesale,Refinance CashOut,345177.0,2025-04-04,86
82501091,NONCONFORMING,Wholesale,Purchase,400400.0,2025-02-05,28
82501092,FHA BOND,Wholesale,Purchase,337653.0,2025-01-24,16
82501093,2ND,Wholesale,Purchase,12246.0,2025-01-24,16
82501109,NONCONFORMING,Wholesale,Refinance CashOut,1000700.0,2025-01-29,20
82501110,NONCONFORMING,Wholesale,Purchase,295000.0,2025-02-06,28
82501111,NONCONFORMING,Wholesale,Refinance CashOut,315000.0,2025-03-21,71
82501116,NONCONFORMING,Wholesale,Refinance CashOut,890000.0,2025-01-23,14
82501121,FHA,Wholesale,Purchase,361875.0,2025-01-30,20
82501122,VA,Wholesale,Purchase,680000.0,2025-01-28,18
82501123,2ND,Wholesale,Refinance CashOut,373834.0,2025-02-18,39
82501124,NONCONFORMING,Wholesale,Purchase,454000.0,2025-01-31,21
82501126,NONCONFORMING,Wholesale,Refinance CashOut,637500.0,2025-02-05,26
82501128,NONCONFORMING,Wholesale,Purchase,200000.0,2025-01-28,18
82501131,CONFORMING,Wholesale,Refinance CashOut,476000.0,2025-02-06,27
82408047,FHA,Wholesale,Purchase,429425.0,2024-08-23,18
82408048,CONVENTIONAL BOND,Wholesale,Purchase,220000.0,2024-08-30,25
92408012,NONCONFORMING,Wholesale,Refinance CashOut,425000.0,2024-08-29,28
62408073,VA,Retail,Purchase,150000.0,2024-09-03,22
82408052,NONCONFORMING,Wholesale,Purchase,964500.0,2024-08-23,17
82408055,ZERO INTEREST PROGRAM,Wholesale,Purchase,55000.0,2024-08-30,25
82408061,NONCONFORMING,Wholesale,Purchase,300800.0,2024-08-30,24
82408064,NONCONFORMING,Wholesale,Refinance CashOut,221250.0,2024-09-12,37
82408065,2ND,Wholesale,Purchase,19250.0,2024-08-30,25
82408067,2ND,Wholesale,Refinance CashOut,242000.0,2024-09-24,49
82408069,NONCONFORMING,Wholesale,Purchase,1113750.0,2024-09-18,43
82408070,NONCONFORMING,Wholesale,Purchase,660000.0,2024-08-22,16
82408071,NONCONFORMING,Wholesale,Refinance,800000.0,2024-09-10,35
82408075,CONFORMING,Wholesale,Refinance CashOut,260000.0,2024-09-16,40
82408076,NONCONFORMING,Wholesale,Purchase,234750.0,2024-09-03,27
82408077,FHA,Wholesale,Purchase,275025.0,2024-08-28,21
82408078,FHA,Wholesale,Purchase,347400.0,2024-08-28,21
82408083,FHA,Wholesale,Purchase,694800.0,2024-08-19,12
82408084,NONCONFORMING,Wholesale,Refinance CashOut,330000.0,2024-08-23,16
HT2408050,CONFORMING,Retail,Purchase,575210.0,2024-08-30,25
62408096,NONCONFORMING,Retail,Purchase,450000.0,2024-10-11,64
82408085,CONFORMING,Wholesale,Purchase,626050.0,2024-09-03,21
82408086,FHA,Wholesale,Purchase,425468.0,2024-09-05,29
82408088,NONCONFORMING,Wholesale,Purchase,200000.0,2024-09-20,44
82408090,NONCONFORMING,Wholesale,Purchase,440000.0,2024-09-16,39
82408091,2ND,Wholesale,Refinance CashOut,250000.0,2024-09-05,28
82408093,CONFORMING,Wholesale,Purchase,487500.0,2024-09-27,50
82408095,NONCONFORMING,Wholesale,Refinance CashOut,911250.0,2024-08-29,21
82408097,NONCONFORMING,Wholesale,Purchase,572000.0,2024-09-09,32
82408098,NONCONFORMING,Wholesale,Purchase,388000.0,2024-08-27,19
82408103,NONCONFORMING,Wholesale,Refinance,1150000.0,2024-08-30,22
82408104,FHA BOND,Wholesale,Purchase,332925.0,2024-09-11,33
82408105,CONVENTIONAL BOND STD MI,Wholesale,Purchase,617600.0,2024-09-13,35
82408106,ZERO INTEREST PROGRAM,Wholesale,Purchase,150000.0,2024-09-13,35
82408110,NONCONFORMING,Wholesale,Purchase,630000.0,2024-08-28,19
82408116,FHA,Wholesale,Purchase,626285.0,2024-08-26,17
82408118,FHA,Wholesale,Purchase,443900.0,2024-08-29,20
82408122,CONVENTIONAL BOND STD MI,Wholesale,Purchase,543200.0,2024-11-08,29
62408131,NONCONFORMING,Retail,Purchase,1319500.0,2024-11-18,98
62408139,2ND,Retail,Refinance CashOut,185000.0,2024-09-09,28
82408123,2ND,Wholesale,Purchase,16800.0,2024-11-08,29
82408126,NONCONFORMING,Wholesale,Refinance,540000.0,2024-09-30,49
82408127,NONCONFORMING,Wholesale,Purchase,420000.0,2024-08-28,16
82408129,CONFORMING,Wholesale,Purchase,679000.0,2024-09-06,25
82408130,2ND,Wholesale,Purchase,12075.0,2024-09-11,33
82408133,FHA,Wholesale,Refinance CashOut,220000.0,2024-09-24,43
82408136,CONVENTIONAL BOND STD MI,Wholesale,Purchase,708100.0,2024-09-05,24
82408137,2ND,Wholesale,Purchase,21900.0,2024-09-05,24
82408138,FHA,Wholesale,Purchase,328100.0,2024-09-09,28
82408140,CONVENTIONAL BOND STD MI,Wholesale,Purchase,286600.0,2024-09-03,22
82408142,NONCONFORMING,Wholesale,Purchase,638000.0,2024-09-03,22
82408144,CONFORMING,Wholesale,Refinance,138000.0,2024-09-30,48
82408146,ZERO INTEREST PROGRAM,Wholesale,Purchase,69200.0,2024-09-03,22
82408148,FHA,Wholesale,Purchase,284675.0,2024-09-10,28
82408149,2ND,Wholesale,Refinance CashOut,150000.0,2024-10-18,66
82408151,NONCONFORMING,Wholesale,Refinance CashOut,560000.0,2024-09-16,34
82408153,NONCONFORMING,Wholesale,Purchase,270000.0,2024-09-20,38
82408156,2ND,Wholesale,Refinance CashOut,213000.0,2024-09-16,34
82408158,NONCONFORMING,Wholesale,Purchase,416000.0,2024-08-30,17
82408160,NONCONFORMING,Wholesale,Purchase,276000.0,2024-09-11,29
82408161,NONCONFORMING,Wholesale,Purchase,550000.0,2024-09-06,24
82408163,NONCONFORMING,Wholesale,Refinance CashOut,750000.0,2024-09-16,34
82408166,NONCONFORMING,Wholesale,Refinance,320000.0,2024-10-04,51
82408168,NONCONFORMING,Wholesale,Refinance CashOut,150000.0,2024-10-07,54
82408169,CONFORMING,Wholesale,Purchase,382500.0,2024-09-12,29
82408170,NONCONFORMING,Wholesale,Purchase,784000.0,2024-08-26,12
82408172,FHA BOND,Wholesale,Purchase,540400.0,2024-09-09,26
82408173,FHA,Wholesale,Purchase,332925.0,2024-08-30,16
82408177,NONCONFORMING,Wholesale,Refinance CashOut,260000.0,2024-08-30,16
82408178,NONCONFORMING,Wholesale,Purchase,290000.0,2024-09-11,28
82408179,2ND,Wholesale,Purchase,19600.0,2024-09-09,26
82408180,CONVENTIONAL BOND STD MI,Wholesale,Purchase,696000.0,2024-09-04,21
82408181,NONCONFORMING,Wholesale,Purchase,250000.0,2024-09-05,20
82408183,NONCONFORMING,Wholesale,Refinance,305100.0,2024-09-18,35
82408191,NONCONFORMING,Wholesale,Refinance CashOut,315000.0,2024-09-12,28
82408192,NONCONFORMING,Wholesale,Purchase,146250.0,2024-10-31,77
82408194,ZERO INTEREST PROGRAM,Wholesale,Purchase,150000.0,2024-09-04,21
82408196,NONCONFORMING,Wholesale,Purchase,340000.0,2024-10-16,28
82408202,NONCONFORMING,Wholesale,Purchase,839200.0,2024-09-13,29
82408205,CONFORMING,Wholesale,Purchase,421950.0,2024-09-18,12
82408206,FHA,Wholesale,Purchase,477675.0,2024-09-06,22
82408207,NONCONFORMING,Wholesale,Refinance CashOut,340000.0,2024-09-25,41
82408209,NONCONFORMING,Wholesale,Purchase,1274000.0,2024-10-29,75
82408212,NONCONFORMING,Wholesale,Purchase,220000.0,2024-09-12,28
82408214,NONCONFORMING,Wholesale,Purchase,1202640.0,2024-09-23,39
82408215,NONCONFORMING,Wholesale,Purchase,372000.0,2024-09-19,35
82408217,NONCONFORMING,Wholesale,Purchase,438750.0,2024-08-30,14
82408218,NONCONFORMING,Wholesale,Purchase,200000.0,2024-08-29,13
82408219,NONCONFORMING,Wholesale,Refinance,363000.0,2024-08-27,11
82408221,2ND,Wholesale,Refinance CashOut,125000.0,2024-09-09,24
82408223,2ND,Wholesale,Purchase,17430.0,2024-09-24,39
82408229,NONCONFORMING,Wholesale,Refinance CashOut,949000.0,2024-10-29,74
82408230,NONCONFORMING,Wholesale,Purchase,1000000.0,2024-09-13,28
82408231,CONFORMING,Wholesale,Purchase,541500.0,2024-09-12,27
82408233,NONCONFORMING,Wholesale,Refinance CashOut,544709.0,2024-09-17,32
82408238,2ND,Wholesale,Refinance CashOut,200000.0,2024-09-17,29
82408240,CONFORMING,Wholesale,Purchase,978500.0,2024-09-06,18
82408241,FHA,Wholesale,Other,408278.0,2024-09-27,39
82408242,CONFORMING,Wholesale,Purchase,565250.0,2024-08-30,11
82408246,2ND,Wholesale,Refinance CashOut,400000.0,2024-10-16,58
82408249,CONFORMING,Wholesale,Purchase,608000.0,2024-09-26,16
82408250,2ND,Wholesale,Refinance CashOut,150000.0,2024-10-21,63
82408257,NONCONFORMING,Wholesale,Purchase,200800.0,2024-09-10,21
82408261,NONCONFORMING,Wholesale,Purchase,862500.0,2024-09-05,16
82408266,NONCONFORMING,Wholesale,Refinance CashOut,1500000.0,2024-09-09,20
82408269,CONFORMING,Wholesale,Purchase,1111200.0,2024-10-21,62
82511444,NONCONFORMING,Wholesale,Purchase,,2025-12-16,26
82511445,FHA,Wholesale,Purchase,,2025-12-17,27
82501142,VA,Wholesale,Purchase,670000.0,2025-02-05,23
82501144,NONCONFORMING,Wholesale,Purchase,274050.0,2025-02-05,23
82502179,NONCONFORMING,Wholesale,Purchase,448994.0,2025-03-17,33
62502181,CONFORMING,Retail,Refinance CashOut,388000.0,2025-03-13,28
82502182,2ND,Wholesale,Purchase,13650.0,2025-04-09,43
82502187,CONFORMING,Wholesale,Purchase,551000.0,2025-03-21,36
62502188,CONFORMING,Retail,Refinance CashOut,238000.0,2025-03-20,34
82502203,CONFORMING,Wholesale,Refinance CashOut,790000.0,2025-05-06,82
82502204,CONVENTIONAL BOND,Wholesale,Purchase,423960.0,2025-02-28,15
82502205,ZERO INTEREST PROGRAM,Wholesale,Purchase,105990.0,2025-02-28,15
82502206,NONCONFORMING,Wholesale,Purchase,568000.0,2025-03-13,28
82502210,NONCONFORMING,Wholesale,Purchase,455000.0,2025-03-17,31
62502213,CONFORMING,Retail,Purchase,387900.0,2025-04-15,29
82502230,NONCONFORMING,Wholesale,Refinance CashOut,161250.0,2025-03-21,32
82502231,NONCONFORMING,Wholesale,Refinance CashOut,137250.0,2025-03-25,36
82502233,NONCONFORMING,Wholesale,Purchase,168000.0,2025-03-12,22
82502238,FHA BOND,Wholesale,Purchase,429425.0,2025-03-13,23
82502239,2ND,Wholesale,Purchase,15575.0,2025-03-13,23
82502240,NONCONFORMING,Wholesale,Purchase,156000.0,2025-02-24,6
82502215,2ND,Wholesale,Refinance CashOut,250000.0,2025-03-21,32
82502216,NONCONFORMING,Wholesale,Refinance,332000.0,2025-03-13,27
82502217,NONCONFORMING,Wholesale,Purchase,340000.0,2025-03-05,19
82502219,FHA,Wholesale,Purchase,352225.0,2025-03-13,27
82502220,NONCONFORMING,Wholesale,Refinance CashOut,249750.0,2025-03-26,39
82502246,VA,Wholesale,Purchase,555990.0,2025-03-21,31
82502247,NONCONFORMING,Wholesale,Refinance,595000.0,2025-03-13,23
82502262,FHA,Wholesale,Purchase,351500.0,2025-04-04,43
62502263,2ND,Retail,Refinance CashOut,220008.0,2025-03-24,33
82502265,NONCONFORMING,Wholesale,Purchase,759920.0,2025-03-11,20
82502266,CONFORMING,Wholesale,Purchase,551000.0,2025-04-08,48
82502269,NONCONFORMING,Wholesale,Purchase,800000.0,2025-03-21,30
82502271,NONCONFORMING,Wholesale,Purchase,633500.0,2025-03-07,16
82502275,NONCONFORMING,Wholesale,Refinance,2275000.0,2025-03-25,34
82502251,2ND,Wholesale,Refinance CashOut,225000.0,2025-03-21,31
82502252,NONCONFORMING,Wholesale,Purchase,273750.0,2025-03-20,30
82409028,NONCONFORMING,Wholesale,Refinance CashOut,308750.0,2024-09-16,12
82409034,FHA,Wholesale,Purchase,636900.0,2024-10-04,30
82409042,NONCONFORMING,Wholesale,Refinance,700000.0,2024-09-30,26
82409044,NONCONFORMING,Wholesale,Refinance CashOut,623000.0,2024-10-22,48
82409050,NONCONFORMING,Wholesale,Purchase,752500.0,2024-10-01,27
82409051,NONCONFORMING,Wholesale,Refinance,773600.0,2024-11-22,79
62409073,NONCONFORMING,Retail,Refinance CashOut,966000.0,2024-10-15,35
82409060,FHA BOND,Wholesale,Purchase,296255.0,2024-10-17,35
82409061,NONCONFORMING,Wholesale,Refinance CashOut,1050000.0,2024-10-23,48
82409065,NONCONFORMING,Wholesale,Purchase,308000.0,2024-09-20,15
82409067,VA,Wholesale,Purchase,1025000.0,2024-10-04,29
82409070,FHA,Wholesale,Purchase,293359.0,2024-11-05,61
82409071,NONCONFORMING,Wholesale,Purchase,269500.0,2024-09-26,21
82409072,NONCONFORMING,Wholesale,Refinance CashOut,350000.0,2024-09-25,20
82409074,FHA,Wholesale,Purchase,316037.0,2024-09-23,18
82409075,FHA,Wholesale,Purchase,540400.0,2024-10-16,41
82409077,NONCONFORMING,Wholesale,Purchase,764910.0,2024-11-06,62
82409078,NONCONFORMING,Wholesale,Purchase,284000.0,2024-10-18,43
82409079,FHA BOND,Wholesale,Purchase,334855.0,2024-09-26,21
82409083,NONCONFORMING,Wholesale,Refinance CashOut,204000.0,2024-10-25,49
82409088,NONCONFORMING,Wholesale,Purchase,412500.0,2024-10-07,31
82409090,CONFORMING,Wholesale,Purchase,522500.0,2024-10-15,28
82409091,NONCONFORMING,Wholesale,Refinance,1569000.0,2024-10-15,39
82409092,NONCONFORMING,Wholesale,Purchase,185493.0,2024-11-12,67
82409095,CONFORMING,Wholesale,Refinance CashOut,175000.0,2024-10-15,39
82409098,2ND,Wholesale,Purchase,12145.0,2024-09-26,21
82409101,2ND,Wholesale,Refinance CashOut,600000.0,2024-10-17,41
82409102,NONCONFORMING,Wholesale,Purchase,448000.0,2024-09-27,21
82409104,NONCONFORMING,Wholesale,Refinance CashOut,671250.0,2024-11-01,55
82409105,CONFORMING,Wholesale,Refinance CashOut,481200.0,2024-10-04,27
82409106,NONCONFORMING,Wholesale,Purchase,790183.0,2024-09-27,20
82409107,NONCONFORMING,Wholesale,Refinance CashOut,419250.0,2024-10-11,32
82409110,FHA,Wholesale,Refinance,500000.0,2024-10-07,28
82409112,CONFORMING,Wholesale,Purchase,1111500.0,2024-10-02,23
82409114,NONCONFORMING,Wholesale,Refinance,393740.0,2024-10-22,43
82409115,NONCONFORMING,Wholesale,Purchase,173600.0,2024-10-11,23
82409117,NONCONFORMING,Wholesale,Purchase,416250.0,2024-10-29,50
82409118,FHA,Wholesale,Purchase,381657.0,2024-10-08,29
82409119,2ND,Wholesale,Refinance CashOut,400000.0,2024-11-13,65
82409126,NONCONFORMING,Wholesale,Purchase,324000.0,2024-10-29,50
82409128,NONCONFORMING,Wholesale,Purchase,218400.0,2024-10-07,28
82409130,NONCONFORMING,Wholesale,Refinance CashOut,574000.0,2024-10-18,38
82409131,FHA,Wholesale,Purchase,267500.0,2024-10-03,23
82409138,NONCONFORMING,Wholesale,Refinance CashOut,240500.0,2024-10-18,38
82409139,NONCONFORMING,Wholesale,Refinance CashOut,210000.0,2024-10-30,50
82409141,NONCONFORMING,Wholesale,Refinance CashOut,195350.0,2024-10-04,24
82409148,NONCONFORMING,Wholesale,Purchase,300000.0,2024-09-26,16
82409149,FHA,Wholesale,Purchase,289500.0,2024-10-30,50
82409152,CONVENTIONAL BOND STD MI,Wholesale,Purchase,292940.0,2024-10-04,24
82409153,NONCONFORMING,Wholesale,Purchase,644800.0,2024-09-23,13
82409161,CONFORMING,Wholesale,Purchase,693000.0,2024-10-11,31
82409162,NONCONFORMING,Wholesale,Refinance,700000.0,2024-10-28,48
82409164,NONCONFORMING,Wholesale,Purchase,1342500.0,2024-10-16,36
82409165,FHA BOND,Wholesale,Purchase,318450.0,2024-10-04,21
82409167,VA,Wholesale,Purchase,348000.0,2024-10-08,28
82409168,ZERO INTEREST PROGRAM,Wholesale,Purchase,5858.0,2024-10-04,24
82409169,NONCONFORMING,Wholesale,Purchase,397500.0,2024-09-20,10
82409170,2ND,Wholesale,Purchase,11550.0,2024-10-04,21
82409171,CONVENTIONAL BOND STD MI,Wholesale,Purchase,412250.0,2024-10-22,42
82409172,ZERO INTEREST PROGRAM,Wholesale,Purchase,96000.0,2024-10-22,42
82409178,NONCONFORMING,Wholesale,Purchase,184000.0,2024-10-24,44
82409179,2ND,Wholesale,Refinance CashOut,70036.0,2024-10-23,43
82409189,CONFORMING,Wholesale,Purchase,665000.0,2024-10-22,41
82409193,2ND,Wholesale,Refinance CashOut,404430.0,2024-10-31,50
82409194,CONFORMING,Wholesale,Purchase,280000.0,2025-01-27,131
82409196,2ND,Wholesale,Purchase,9060.0,2024-10-04,24
82409198,CONVENTIONAL BOND STD MI,Wholesale,Purchase,761450.0,2024-10-16,35
82409200,FHA,Wholesale,Purchase,361875.0,2024-10-07,26
82409205,NONCONFORMING,Wholesale,Refinance CashOut,182066.0,2024-10-07,26
82409206,2ND,Wholesale,Purchase,23550.0,2024-10-16,35
82409207,NONCONFORMING,Wholesale,Refinance CashOut,166500.0,2024-10-24,43
82409210,CONFORMING,Wholesale,Purchase,612275.0,2024-11-27,77
82409211,NONCONFORMING,Wholesale,Refinance CashOut,194250.0,2024-10-02,21
82409212,NONCONFORMING,Wholesale,Refinance CashOut,184800.0,2024-10-07,26
82409213,NONCONFORMING,Wholesale,Refinance CashOut,191900.0,2024-10-07,26
82409214,NONCONFORMING,Wholesale,Refinance CashOut,360000.0,2024-09-30,19
82409215,NONCONFORMING,Wholesale,Refinance CashOut,185250.0,2024-10-24,43
82409217,NONCONFORMING,Wholesale,Refinance CashOut,199500.0,2024-10-04,23
82409218,CONFORMING,Wholesale,Purchase,413250.0,2024-10-29,48
82409219,NONCONFORMING,Wholesale,Purchase,700000.0,2024-09-20,9
82409220,NONCONFORMING,Wholesale,Refinance CashOut,204386.0,2024-10-04,23
82409223,NONCONFORMING,Wholesale,Refinance CashOut,158500.0,2024-10-04,23
82409224,2ND,Wholesale,Refinance CashOut,140000.0,2024-10-28,47
82409225,NONCONFORMING,Wholesale,Refinance CashOut,246000.0,2024-10-04,23
62409243,CONFORMING,Retail,Purchase,579600.0,2024-10-18,36
82409228,NONCONFORMING,Wholesale,Refinance CashOut,177100.0,2024-10-07,26
82409231,FHA,Wholesale,Purchase,689975.0,2024-09-30,19
82409232,NONCONFORMING,Wholesale,Purchase,406200.0,2024-09-27,16
82409234,NONCONFORMING,Wholesale,Refinance CashOut,180750.0,2024-10-24,43
82409235,NONCONFORMING,Wholesale,Refinance CashOut,213750.0,2024-10-02,21
82409236,NONCONFORMING,Wholesale,Refinance CashOut,212250.0,2024-10-04,23
82409239,NONCONFORMING,Wholesale,Refinance CashOut,214560.0,2024-10-02,21
82409240,NONCONFORMING,Wholesale,Refinance CashOut,158200.0,2024-10-02,21
82409241,CONFORMING,Wholesale,Purchase,324000.0,2024-09-30,19
82409245,CONFORMING,Wholesale,Purchase,194750.0,2024-10-04,22
82409246,NONCONFORMING,Wholesale,Purchase,607990.0,2024-10-01,19
82409247,FHA,Wholesale,Purchase,552500.0,2024-10-23,41
82409248,2ND,Wholesale,Refinance CashOut,345700.0,2024-10-07,25
82409252,CONFORMING,Wholesale,Purchase,612000.0,2024-10-03,21
82409253,CONFORMING,Wholesale,Purchase,706400.0,2025-01-08,12
82409254,FHA,Wholesale,Purchase,1119400.0,2024-10-22,40
82409258,2ND,Wholesale,Refinance CashOut,125000.0,2024-10-15,33
82409261,NONCONFORMING,Wholesale,Purchase,236000.0,2024-10-16,34
82409263,CONFORMING,Wholesale,Purchase,626525.0,2024-10-15,32
82409264,NONCONFORMING,Wholesale,Purchase,637500.0,2024-10-24,41
82409265,FHA,Wholesale,Purchase,458375.0,2024-10-02,19
82409266,CONFORMING,Wholesale,Refinance CashOut,150000.0,2024-10-22,39
82409267,2ND,Wholesale,Purchase,10745.0,2024-10-17,35
82409270,NONCONFORMING,Wholesale,Refinance,438000.0,2024-10-24,41
82502258,FHA,Wholesale,Purchase,612775.0,2025-03-25,32
82502277,FHA,Wholesale,Refinance CashOut,370000.0,2025-04-16,56
82502278,2ND,Wholesale,Refinance CashOut,210000.0,2025-06-03,104
82502282,NONCONFORMING,Wholesale,Refinance CashOut,476000.0,2025-04-09,49
82502291,NONCONFORMING,Wholesale,Refinance CashOut,230000.0,2025-03-10,18
82502293,2ND,Wholesale,Refinance CashOut,199885.0,2025-03-17,25
82502295,2ND,Wholesale,Refinance CashOut,130000.0,2025-03-21,29
82502297,CONFORMING,Wholesale,Refinance,151300.0,2025-03-17,25
82502299,FHA,Wholesale,Purchase,410125.0,2025-03-24,32
82502302,2ND,Wholesale,Refinance CashOut,250000.0,2025-03-13,21
82502306,NONCONFORMING,Wholesale,Refinance CashOut,1188000.0,2025-04-29,68
82502307,CONFORMING,Wholesale,Purchase,608000.0,2025-03-31,39
82502310,2ND,Wholesale,Refinance CashOut,465000.0,2025-03-31,39
82502311,NONCONFORMING,Wholesale,Refinance,1205700.0,2025-04-03,42
82502313,NONCONFORMING,Wholesale,Purchase,294400.0,2025-03-19,27
82502319,FHA,Wholesale,Purchase,352225.0,2025-03-21,29
82502321,NONCONFORMING,Wholesale,Purchase,352000.0,2025-03-25,33
82502322,CONFORMING,Wholesale,Purchase,551000.0,2025-04-22,61
82502346,FHA BOND,Wholesale,Purchase,366700.0,2025-03-18,25
82503280,FHA,Wholesale,Purchase,762350.0,2025-08-13,27
82503281,NONCONFORMING,Wholesale,Purchase,1000000.0,2025-04-10,27
62503283,FHA,Retail,Purchase,376350.0,2025-05-23,64
62503284,CONFORMING,Retail,Purchase,402750.0,2025-05-12,31
82503285,VA,Wholesale,Purchase,375000.0,2025-05-02,47
82503299,2ND,Wholesale,Refinance CashOut,700000.0,2025-04-28,42
82511425,NONCONFORMING,Wholesale,Refinance CashOut,,2025-12-22,33
82511426,CONFORMING,Wholesale,Purchase,,2025-12-12,23
82504434,NONCONFORMING,Wholesale,Refinance CashOut,123750.0,2025-06-26,70
82504486,CONFORMING,Wholesale,Refinance,130000.0,2025-05-30,39
82504491,NONCONFORMING,Wholesale,Purchase,675000.0,2025-08-18,119
82504494,NONCONFORMING,Wholesale,Purchase,220000.0,2025-05-16,25
82504497,NONCONFORMING,Wholesale,Purchase,544964.0,2025-06-30,70
82504499,NONCONFORMING,Wholesale,Purchase,245980.0,2025-05-12,21
82504500,ZERO INTEREST PROGRAM,Wholesale,Purchase,11445.0,2025-05-15,27
82504501,CONVENTIONAL BOND STD MI,Wholesale,Purchase,492000.0,2025-06-06,46
82504502,ZERO INTEREST PROGRAM,Wholesale,Purchase,123000.0,2025-06-06,46
82504464,NONCONFORMING,Wholesale,Refinance CashOut,535000.0,2025-05-20,33
62504465,VA,Retail,Other,388150.0,2025-05-12,25
82504476,NONCONFORMING,Wholesale,Purchase,359920.0,2025-05-15,27
82504480,FHA BOND,Wholesale,Purchase,315555.0,2025-05-15,27
82504482,ZERO INTEREST PROGRAM,Wholesale,Purchase,8026.0,2025-05-15,27
82504521,FHA,Wholesale,Purchase,656200.0,2025-05-13,22
82511471,FHA,Wholesale,Purchase,,2025-12-11,20
82511473,CONVENTIONAL BOND STD MI,Wholesale,Purchase,,2025-12-24,33
82510686,NONCONFORMING,Wholesale,Refinance CashOut,1500000.0,2025-12-11,43
82510687,NONCONFORMING,Wholesale,Refinance,273000.0,2025-12-02,34
82510688,FHA,Wholesale,Purchase,405300.0,2025-11-21,23
82510693,NONCONFORMING,Wholesale,Purchase,400000.0,2025-11-20,22
82511428,NONCONFORMING,Wholesale,Purchase,,2025-12-18,29
82506409,NONCONFORMING,Wholesale,Refinance CashOut,1500000.0,2025-08-18,62
82506411,FHA,Wholesale,Purchase,349330.0,2025-07-08,21
82506381,2ND,Wholesale,Refinance CashOut,170000.0,2025-07-14,28
82506384,2ND,Wholesale,Refinance CashOut,150000.0,2025-08-13,58
82506385,NONCONFORMING,Wholesale,Refinance,1300000.0,2025-07-23,37
82506387,NONCONFORMING,Wholesale,Purchase,500000.0,2025-07-03,17
82506389,2ND,Wholesale,Refinance CashOut,750000.0,2025-08-04,49
82506395,2ND,Wholesale,Refinance CashOut,200000.0,2025-07-28,41
82506413,CONFORMING,Wholesale,Purchase,498100.0,2025-07-10,23
82506414,NONCONFORMING,Wholesale,Purchase,804375.0,2025-07-03,16
82506416,NONCONFORMING,Wholesale,Refinance CashOut,400000.0,2025-08-22,66
82506439,FHA,Wholesale,Purchase,299150.0,2025-07-15,27
82506440,CONFORMING,Wholesale,Refinance,193000.0,2025-07-02,14
82506441,CONVENTIONAL BOND STD MI,Wholesale,Purchase,664450.0,2025-07-08,20
82506442,ZERO INTEREST PROGRAM,Wholesale,Purchase,20550.0,2025-07-08,20
82506446,FHA,Wholesale,Purchase,492150.0,2025-08-05,48
62506447,2ND,Retail,Refinance CashOut,330000.0,2025-07-28,33
82506449,NONCONFORMING,Wholesale,Purchase,744000.0,2025-06-30,11
82506421,2ND,Wholesale,Refinance CashOut,125000.0,2025-07-22,35
82506422,2ND,Wholesale,Refinance CashOut,125000.0,2025-08-06,50
82506429,NONCONFORMING,Wholesale,Purchase,402400.0,2025-07-29,41
82506431,NONCONFORMING,Wholesale,Refinance CashOut,600000.0,2025-07-18,30
82506433,FHA,Wholesale,Purchase,419775.0,2025-07-14,26
82506434,NONCONFORMING,Wholesale,Purchase,1952000.0,2025-08-26,69
82506450,2ND,Wholesale,Refinance CashOut,186039.0,2025-08-06,46
82506451,2ND,Wholesale,Refinance CashOut,215000.0,2025-08-06,46
82506481,2ND,Wholesale,Refinance CashOut,175000.0,2025-07-14,24
82506484,NONCONFORMING,Wholesale,Purchase,150000.0,2025-07-22,32
82506485,FHA,Wholesale,Purchase,417845.0,2025-07-23,33
82506486,2ND,Wholesale,Refinance CashOut,400000.0,2025-07-07,17
82506458,CONFORMING,Wholesale,Purchase,800000.0,2025-07-01,12
62506460,NONCONFORMING,Retail,Purchase,332000.0,2025-07-03,14
82506464,FHA,Wholesale,Purchase,916750.0,2025-07-07,18
82506465,FHA,Wholesale,Purchase,627250.0,2025-08-18,60
82506467,FHA,Wholesale,Purchase,723750.0,2025-09-02,63
82506469,NONCONFORMING,Wholesale,Purchase,280000.0,2025-07-22,33
82506511,NONCONFORMING,Wholesale,Refinance CashOut,227500.0,2025-07-17,24
82506513,NONCONFORMING,Wholesale,Refinance,370000.0,2025-08-04,42
82506514,NONCONFORMING,Wholesale,Purchase,364000.0,2025-07-10,17
82506488,2ND,Wholesale,Refinance CashOut,350000.0,2025-08-15,56
82506494,NONCONFORMING,Wholesale,Refinance CashOut,2025000.0,2025-08-25,66
82506495,NONCONFORMING,Wholesale,Purchase,500000.0,2025-07-17,27
82506500,NONCONFORMING,Wholesale,Purchase,215000.0,2025-06-25,5
82407008,2ND,Wholesale,Refinance CashOut,150000.0,2024-10-25,116
82407009,2ND,Wholesale,Refinance CashOut,125000.0,2024-07-29,28
82407011,NONCONFORMING,Wholesale,Purchase,274400.0,2024-07-22,21
82407014,FHA,Wholesale,Purchase,627250.0,2024-07-23,22
82407016,NONCONFORMING,Wholesale,Purchase,256000.0,2024-07-24,23
82407024,NONCONFORMING,Wholesale,Purchase,784000.0,2024-07-15,13
82407026,FHA,Wholesale,Purchase,364770.0,2024-07-26,21
82407029,CONFORMING,Wholesale,Purchase,412000.0,2024-07-31,29
82407031,FHA,Wholesale,Purchase,553910.0,2024-07-30,28
82407033,CONFORMING,Wholesale,Refinance,649000.0,2024-07-31,28
82407044,NONCONFORMING,Wholesale,Refinance CashOut,510000.0,2024-08-01,29
82407060,NONCONFORMING,Wholesale,Purchase,200000.0,2024-07-26,23
92407006,NONCONFORMING,Wholesale,Refinance CashOut,220500.0,2024-07-24,23
92407018,NONCONFORMING,Wholesale,Refinance,300000.0,2024-08-27,57
62407084,CONFORMING,Retail,Purchase,280000.0,2024-07-31,22
82407062,FHA,Wholesale,Purchase,260550.0,2024-07-22,19
82407063,NONCONFORMING,Wholesale,Purchase,825000.0,2024-07-26,23
82407065,FHA,Wholesale,Purchase,413985.0,2024-08-08,36
82407066,NONCONFORMING,Wholesale,Refinance CashOut,200250.0,2024-08-19,47
82407074,CONFORMING,Wholesale,Purchase,328000.0,2024-08-01,27
82407075,FHA,Wholesale,Purchase,451137.0,2024-07-26,21
82407076,FHA,Wholesale,Purchase,285600.0,2024-07-30,25
82407077,NONCONFORMING,Wholesale,Refinance CashOut,369000.0,2024-07-23,18
82407078,FHA,Wholesale,Refinance CashOut,497000.0,2024-11-06,124
82407079,CONFORMING,Wholesale,Purchase,358050.0,2024-07-30,25
82407080,FHA,Wholesale,Refinance CashOut,670000.0,2024-08-28,54
82407081,CONFORMING,Wholesale,Purchase,643150.0,2024-07-29,24
82407089,NONCONFORMING,Wholesale,Purchase,171500.0,2024-07-29,21
82407096,NONCONFORMING,Wholesale,Refinance,1295000.0,2024-09-16,70
82407097,NONCONFORMING,Wholesale,Purchase,1149000.0,2024-08-21,44
82407098,NONCONFORMING,Wholesale,Purchase,400000.0,2024-08-12,35
92407068,NONCONFORMING,Wholesale,Purchase,387200.0,2024-07-29,25
92407069,NONCONFORMING,Wholesale,Refinance CashOut,326000.0,2024-09-30,87
92407086,FHA,Wholesale,Refinance,644350.0,2024-08-21,45
82407103,FHA BOND,Wholesale,Purchase,685150.0,2024-07-19,11
82407104,2ND,Wholesale,Purchase,24850.0,2024-07-19,11
82407107,NONCONFORMING,Wholesale,Purchase,243750.0,2024-09-16,70
82407108,FHA,Wholesale,Refinance CashOut,385000.0,2024-09-30,84
82407112,NONCONFORMING,Wholesale,Purchase,261750.0,2024-08-14,36
82407118,2ND,Wholesale,Refinance CashOut,230000.0,2024-08-09,31
82407129,FHA BOND,Wholesale,Purchase,410125.0,2024-08-05,27
82407131,2ND,Wholesale,Purchase,14875.0,2024-08-05,27
82407132,FHA,Wholesale,Refinance CashOut,165000.0,2024-08-12,34
82407133,2ND,Wholesale,Purchase,9810.0,2024-07-29,20
82407136,NONCONFORMING,Wholesale,Purchase,360000.0,2024-08-07,28
82407140,NONCONFORMING,Wholesale,Refinance CashOut,1125000.0,2024-08-13,34
92407100,NONCONFORMING,Wholesale,Purchase,336000.0,2024-08-06,29
92407122,NONCONFORMING,Wholesale,Purchase,306000.0,2024-07-31,22
HT2407101,NONCONFORMING,Retail,Purchase,381130.0,2024-08-05,28
82407143,FHA,Wholesale,Purchase,361875.0,2024-08-09,30
82407144,NONCONFORMING,Wholesale,Purchase,200000.0,2024-07-31,21
82407145,NONCONFORMING,Wholesale,Purchase,851120.0,2024-07-12,2
82407146,CONVENTIONAL BOND STD MI,Wholesale,Purchase,560000.0,2024-08-08,29
82407147,CONFORMING,Wholesale,Purchase,387600.0,2024-07-26,16
82407155,2ND,Wholesale,Refinance CashOut,314738.0,2024-08-19,39
82407157,ZERO INTEREST PROGRAM,Wholesale,Purchase,140000.0,2024-08-08,29
82407158,NONCONFORMING,Wholesale,Purchase,1064000.0,2024-08-07,27
82407170,CONFORMING,Wholesale,Purchase,712000.0,2024-08-20,27
82407171,FHA,Wholesale,Purchase,453550.0,2024-07-25,14
82407185,NONCONFORMING,Wholesale,Purchase,432000.0,2024-07-26,14
82407190,NONCONFORMING,Wholesale,Refinance CashOut,360000.0,2024-07-31,19
92407169,NONCONFORMING,Wholesale,Purchase,408000.0,2024-07-30,19
92407186,NONCONFORMING,Wholesale,Purchase,408000.0,2024-08-06,25
92407189,NONCONFORMING,Wholesale,Purchase,360000.0,2024-08-27,46
52407210,NONCONFORMING,Wholesale,Purchase,471000.0,2024-07-30,15
82407192,CONVENTIONAL BOND STD MI,Wholesale,Purchase,432000.0,2024-08-12,31
82407197,ZERO INTEREST PROGRAM,Wholesale,Purchase,108000.0,2024-08-12,31
82407199,NONCONFORMING,Wholesale,Refinance,192000.0,2024-09-17,67
82407200,FHA BOND,Wholesale,Purchase,265375.0,2024-08-02,21
82407204,2ND,Wholesale,Purchase,9625.0,2024-08-02,21
82407205,NONCONFORMING,Wholesale,Purchase,312000.0,2024-08-05,21
82407208,2ND,Wholesale,Refinance CashOut,297583.0,2024-09-20,67
82407211,2ND,Wholesale,Refinance CashOut,313800.0,2024-08-22,38
82407212,CONFORMING,Wholesale,Purchase,495000.0,2024-07-25,10
82407213,NONCONFORMING,Wholesale,Purchase,228000.0,2024-08-21,37
82407214,CONVENTIONAL BOND,Wholesale,Purchase,327250.0,2024-08-14,30
82407216,NONCONFORMING,Wholesale,Refinance,1420000.0,2024-08-12,28
82407220,NONCONFORMING,Wholesale,Purchase,973000.0,2024-07-31,16
82407223,NONCONFORMING,Wholesale,Purchase,988000.0,2024-07-30,15
82407224,NONCONFORMING,Wholesale,Purchase,489945.0,2024-08-22,37
82407225,FHA,Wholesale,Purchase,303975.0,2024-08-14,29
82407228,NONCONFORMING,Wholesale,Purchase,270750.0,2024-08-12,27
92407194,NONCONFORMING,Wholesale,Purchase,588000.0,2024-08-09,28
92407218,VA,Wholesale,Purchase,380000.0,2024-09-19,36
82407229,CONVENTIONAL BOND STD MI,Wholesale,Purchase,444000.0,2024-08-14,29
82407240,CONFORMING,Wholesale,Purchase,481120.0,2024-07-25,9
82407241,NONCONFORMING,Wholesale,Refinance,248000.0,2024-08-28,43
82407242,FHA,Wholesale,Refinance CashOut,438000.0,2024-08-07,22
82407252,NONCONFORMING,Wholesale,Purchase,566250.0,2024-08-12,26
82407254,NONCONFORMING,Wholesale,Purchase,299250.0,2024-08-07,21
82407255,CONVENTIONAL BOND STD MI,Wholesale,Purchase,625200.0,2024-08-16,30
82407260,CONFORMING,Wholesale,Purchase,369000.0,2024-08-05,19
82407263,FHA,Wholesale,Purchase,675500.0,2024-08-08,22
82407264,ZERO INTEREST PROGRAM,Wholesale,Purchase,150000.0,2024-08-16,30
82407265,2ND,Wholesale,Refinance CashOut,125000.0,2024-09-05,50
82407267,2ND,Wholesale,Refinance CashOut,200000.0,2024-08-09,23
92407248,FHA BOND,Wholesale,Purchase,620868.0,2024-08-29,44
92407249,2ND,Wholesale,Purchase,22518.0,2024-08-29,44
92407253,NONCONFORMING,Wholesale,Purchase,205500.0,2024-08-20,34
HT2407246,2ND,Retail,Refinance CashOut,418136.0,2024-08-27,41
82407271,NONCONFORMING,Wholesale,Purchase,487280.0,2024-08-13,26
82407272,CONFORMING,Wholesale,Purchase,474050.0,2024-08-05,18
82407273,FHA,Wholesale,Purchase,429425.0,2024-07-30,12
82407274,ZERO INTEREST PROGRAM,Wholesale,Purchase,77000.0,2024-08-14,30
82407276,NONCONFORMING,Wholesale,Purchase,833000.0,2024-08-06,19
82407278,NONCONFORMING,Wholesale,Purchase,356250.0,2024-08-16,29
82407281,NONCONFORMING,Wholesale,Refinance,249900.0,2024-09-12,56
82407282,ZERO INTEREST PROGRAM,Wholesale,Purchase,111000.0,2024-08-14,29
82407283,NONCONFORMING,Wholesale,Purchase,222000.0,2024-08-20,33
82407284,NONCONFORMING,Wholesale,Refinance CashOut,510000.0,2024-08-16,29
82407288,2ND,Wholesale,Refinance CashOut,126160.0,2024-08-27,39
82511421,NONCONFORMING,Wholesale,Purchase,,2025-12-15,26
82511422,NONCONFORMING,Wholesale,Refinance CashOut,,2025-12-31,42
62501167,NONCONFORMING,Retail,Refinance,593000.0,2025-03-06,51
82501152,NONCONFORMING,Wholesale,Purchase,284000.0,2025-03-10,56
82501153,NONCONFORMING,Wholesale,Refinance CashOut,501600.0,2025-02-11,29
82501155,FHA,Wholesale,Purchase,297500.0,2025-02-18,36
82501168,NONCONFORMING,Wholesale,Refinance CashOut,665000.0,2025-02-07,24
82501170,FHA,Wholesale,Refinance CashOut,148000.0,2025-02-04,21
82501177,FHA,Wholesale,Purchase,291912.0,2025-02-20,36
82501181,FHA,Wholesale,Purchase,347400.0,2025-02-10,26
82501182,NONCONFORMING,Wholesale,Purchase,440000.0,2025-02-25,41
82501183,NONCONFORMING,Wholesale,Purchase,608000.0,2025-02-11,27
82501187,NONCONFORMING,Wholesale,Purchase,616000.0,2025-02-11,27
82501189,NONCONFORMING,Wholesale,Purchase,470000.0,2025-01-24,9
82501194,2ND,Wholesale,Refinance CashOut,290000.0,2025-02-24,39
82501200,FHA BOND,Wholesale,Purchase,410028.0,2025-02-19,34
82501203,FHA,Wholesale,Purchase,723750.0,2025-02-14,29
82501205,NONCONFORMING,Wholesale,Refinance,430000.0,2025-01-30,14
82501206,2ND,Wholesale,Purchase,14872.0,2025-02-19,34
82501214,NONCONFORMING,Wholesale,Refinance,738000.0,2025-02-13,28
82501217,NONCONFORMING,Wholesale,Purchase,360400.0,2025-02-20,34
82501219,NONCONFORMING,Wholesale,Purchase,200000.0,2025-03-11,25
82501220,NONCONFORMING,Wholesale,Refinance,1650000.0,2025-02-12,26
82501221,NONCONFORMING,Wholesale,Refinance,227000.0,2025-02-10,24
82501226,NONCONFORMING,Wholesale,Purchase,304000.0,2025-02-10,24
82501229,FHA,Wholesale,Purchase,704450.0,2025-02-05,19
82501236,FHA,Wholesale,Purchase,361875.0,2025-02-05,19
82501248,NONCONFORMING,Wholesale,Refinance CashOut,649500.0,2025-03-18,56
82501249,NONCONFORMING,Wholesale,Refinance CashOut,425000.0,2025-03-18,57
82501250,NONCONFORMING,Wholesale,Refinance CashOut,542500.0,2025-03-18,57
82501251,NONCONFORMING,Wholesale,Purchase,415000.0,2025-02-06,17
82501254,NONCONFORMING,Wholesale,Refinance CashOut,1101510.0,2025-03-28,67
82501255,NONCONFORMING,Wholesale,Refinance CashOut,1433900.0,2025-03-28,67
82501257,CONFORMING,Wholesale,Purchase,489250.0,2025-02-03,14
82501258,NONCONFORMING,Wholesale,Purchase,1176000.0,2025-02-20,31
82501265,NONCONFORMING,Wholesale,Purchase,150000.0,2025-01-31,10
82501266,NONCONFORMING,Wholesale,Refinance CashOut,175000.0,2025-02-20,30
82501267,NONCONFORMING,Wholesale,Purchase,312000.0,2025-03-17,55
82501269,NONCONFORMING,Wholesale,Purchase,386250.0,2025-02-20,30
82501270,NONCONFORMING,Wholesale,Purchase,258700.0,2025-02-06,16
82501271,NONCONFORMING,Wholesale,Purchase,228000.0,2025-02-07,17
82501272,NONCONFORMING,Wholesale,Purchase,372000.0,2025-02-14,24
82501277,2ND,Wholesale,Refinance CashOut,190000.0,2025-02-26,36
82501280,FHA,Wholesale,Refinance,712500.0,2025-03-03,41
62501308,VA,Retail,Purchase,425000.0,2025-06-06,25
82501289,NONCONFORMING,Wholesale,Purchase,540000.0,2025-02-24,33
82501292,2ND,Wholesale,Refinance CashOut,325000.0,2025-03-05,42
82501293,NONCONFORMING,Wholesale,Refinance CashOut,1007500.0,2025-02-03,12
82501295,NONCONFORMING,Wholesale,Refinance CashOut,470000.0,2025-02-26,35
82501297,NONCONFORMING,Wholesale,Refinance CashOut,472500.0,2025-02-28,37
82501299,2ND,Wholesale,Refinance CashOut,150000.0,2025-02-13,22
82501310,NONCONFORMING,Wholesale,Refinance CashOut,234500.0,2025-02-25,33
82501311,NONCONFORMING,Wholesale,Purchase,734400.0,2025-02-26,34
82501317,FHA,Wholesale,Purchase,330995.0,2025-02-13,21
82501319,NONCONFORMING,Wholesale,Refinance CashOut,790000.0,2025-02-20,28
82501321,NONCONFORMING,Wholesale,Purchase,552800.0,2025-02-19,27
62501322,NONCONFORMING,Retail,Refinance CashOut,1050000.0,2025-03-31,63
82501325,NONCONFORMING,Wholesale,Purchase,392940.0,2025-02-05,13
82501328,NONCONFORMING,Wholesale,Refinance,355000.0,2025-02-24,32
82501329,NONCONFORMING,Wholesale,Purchase,672704.0,2025-03-25,61
82501330,FHA,Wholesale,Purchase,350295.0,2025-02-14,22
82501332,FHA,Wholesale,Purchase,318450.0,2025-02-24,32
82501333,FHA,Wholesale,Purchase,275025.0,2025-02-25,33
82501338,NONCONFORMING,Wholesale,Refinance CashOut,515000.0,2025-04-16,82
82501340,NONCONFORMING,Wholesale,Refinance CashOut,138500.0,2025-02-27,34
82501341,CONFORMING,Wholesale,Purchase,817000.0,2025-03-05,40
82501343,NONCONFORMING,Wholesale,Purchase,2255949.0,2025-03-20,55
82501349,CONFORMING,Wholesale,Purchase,242364.0,2025-03-31,66
82501351,FHA,Wholesale,Purchase,612775.0,2025-02-25,20
82501353,NONCONFORMING,Wholesale,Purchase,1760000.0,2025-02-14,21
82501360,NONCONFORMING,Wholesale,Purchase,216000.0,2025-03-14,48
82501368,NONCONFORMING,Wholesale,Refinance CashOut,192500.0,2025-01-31,4
82501369,CONVENTIONAL BOND STD MI,Wholesale,Purchase,847500.0,2025-02-18,22
82501373,NONCONFORMING,Wholesale,Refinance,939000.0,2025-03-07,39
82501376,FHA BOND,Wholesale,Purchase,433285.0,2025-03-07,39
82501379,ZERO INTEREST PROGRAM,Wholesale,Purchase,150000.0,2025-02-18,22
82501381,2ND,Wholesale,Refinance CashOut,200000.0,2025-03-10,42
82410662,NONCONFORMING,Wholesale,Refinance CashOut,675000.0,2024-11-25,27
82410663,CONVENTIONAL BOND STD MI,Wholesale,Purchase,679000.0,2024-11-26,28
82410664,CONFORMING,Wholesale,Purchase,978500.0,2024-11-26,28
82410666,2ND,Wholesale,Purchase,21000.0,2024-11-26,28
82410667,FHA,Wholesale,Purchase,376350.0,2024-11-19,21
82410674,CONVENTIONAL BOND STD MI,Wholesale,Purchase,534720.0,2024-12-27,59
82410677,CONFORMING,Wholesale,Purchase,759050.0,2024-12-16,48
82410685,FHA BOND,Wholesale,Purchase,294325.0,2024-12-10,42
82410687,2ND,Wholesale,Purchase,10675.0,2024-12-10,42
82410689,CONFORMING,Wholesale,Purchase,710000.0,2024-12-06,37
82410693,FHA,Wholesale,Purchase,366700.0,2024-11-26,27
82410696,NONCONFORMING,Wholesale,Purchase,899999.0,2024-12-06,37
82410697,NONCONFORMING,Wholesale,Purchase,307930.0,2024-11-27,28
82410698,CONVENTIONAL BOND STD MI,Wholesale,Purchase,499550.0,2024-11-26,27
82410699,FHA BOND,Wholesale,Purchase,259585.0,2024-12-16,47
82410700,2ND,Wholesale,Purchase,9415.0,2024-12-16,47
82410701,NONCONFORMING,Wholesale,Purchase,560000.0,2024-12-05,36
62410705,2ND,Retail,Refinance CashOut,600000.0,2025-01-24,86
82410706,CONFORMING,Wholesale,Refinance CashOut,397300.0,2024-12-03,34
82410707,2ND,Wholesale,Purchase,15450.0,2024-11-26,27
82410711,CONFORMING,Wholesale,Purchase,197500.0,2024-12-04,35
82410713,NONCONFORMING,Wholesale,Purchase,187000.0,2024-11-21,21
82410715,2ND,Wholesale,Purchase,16710.0,2024-12-27,59
82410716,NONCONFORMING,Wholesale,Purchase,316000.0,2024-11-25,25
82410718,FHA,Wholesale,Purchase,627250.0,2024-12-03,33
82410719,2ND,Wholesale,Refinance CashOut,162000.0,2024-12-11,41
82410722,NONCONFORMING,Wholesale,Purchase,210000.0,2024-11-25,25
82410723,NONCONFORMING,Wholesale,Refinance,189000.0,2024-11-25,25
82410729,NONCONFORMING,Wholesale,Purchase,216000.0,2024-11-25,25
82410732,NONCONFORMING,Wholesale,Refinance,1448000.0,2025-02-20,112
82410739,FHA BOND,Wholesale,Purchase,337750.0,2024-12-09,39
82410740,CONFORMING,Wholesale,Purchase,664450.0,2024-11-27,27
62411000,NONCONFORMING,Retail,Refinance CashOut,3979500.0,2024-11-27,26
82410741,2ND,Wholesale,Purchase,12250.0,2024-12-09,39
82411003,FHA,Wholesale,Purchase,630000.0,2025-02-25,116
82411004,HOMEREADY,Wholesale,Purchase,400000.0,2025-01-02,62
82411006,NONCONFORMING,Wholesale,Purchase,600000.0,2024-12-12,41
82411007,NONCONFORMING,Wholesale,Purchase,377650.0,2024-12-16,45
82411008,CONFORMING,Wholesale,Purchase,319000.0,2025-01-06,34
82411013,NONCONFORMING,Wholesale,Refinance CashOut,3000000.0,2025-01-06,63
82411014,2ND,Wholesale,Refinance CashOut,250000.0,2024-12-31,57
82411015,NONCONFORMING,Wholesale,Purchase,300000.0,2024-11-20,16
82411017,CONFORMING,Wholesale,Refinance,635000.0,2025-03-06,122
82411018,FHA,Wholesale,Purchase,289499.0,2024-11-26,22
82411019,CONFORMING,Wholesale,Purchase,765716.0,2024-11-25,21
82411025,FHA,Wholesale,Purchase,443890.0,2024-11-21,17
82411026,2ND,Wholesale,Refinance CashOut,367000.0,2025-01-21,78
82411027,NONCONFORMING,Wholesale,Purchase,240000.0,2024-11-25,21
82411031,NONCONFORMING,Wholesale,Purchase,299000.0,2024-11-27,22
82411032,CONFORMING,Wholesale,Purchase,872000.0,2024-11-22,17
82411037,FHA,Wholesale,Purchase,275616.0,2024-12-05,30
82411038,CONFORMING,Wholesale,Refinance,300000.0,2024-12-06,31
82411040,CONFORMING,Wholesale,Refinance,655000.0,2025-01-02,58
82411041,2ND,Wholesale,Refinance CashOut,199000.0,2024-12-09,34
82411044,NONCONFORMING,Wholesale,Purchase,550000.0,2024-11-22,17
82411047,FHA,Wholesale,Purchase,381175.0,2024-11-26,21
82411048,NONCONFORMING,Wholesale,Refinance CashOut,187500.0,2024-11-26,21
82411050,FHA,Wholesale,Purchase,714100.0,2024-11-19,14
82411051,CONFORMING,Wholesale,Refinance,422000.0,2025-02-14,101
82411054,FHA,Wholesale,Purchase,366700.0,2024-12-20,23
82411056,2ND,Wholesale,Refinance CashOut,440000.0,2024-12-05,30
82411064,NONCONFORMING,Wholesale,Refinance CashOut,500000.0,2024-12-11,35
82411068,CONFORMING,Wholesale,Purchase,531050.0,2024-12-16,40
82411069,NONCONFORMING,Wholesale,Refinance CashOut,280000.0,2024-11-29,23
82411070,FHA,Wholesale,Purchase,295290.0,2024-12-13,37
82411072,FHA,Wholesale,Refinance CashOut,451500.0,2025-01-28,83
82411075,NONCONFORMING,Wholesale,Refinance CashOut,495500.0,2024-12-23,47
82411076,NONCONFORMING,Wholesale,Purchase,928000.0,2024-11-20,14
82411077,FHA,Wholesale,Purchase,388000.0,2024-12-03,20
82411082,NONCONFORMING,Wholesale,Refinance CashOut,600000.0,2025-02-26,111
82411084,NONCONFORMING,Wholesale,Purchase,230400.0,2024-12-12,35
82411087,NONCONFORMING,Wholesale,Purchase,352000.0,2024-12-05,28
82411090,CONFORMING,Wholesale,Purchase,972000.0,2024-11-26,19
82411092,CONFORMING,Wholesale,Refinance CashOut,400000.0,2024-12-27,50
82411093,NONCONFORMING,Wholesale,Purchase,170000.0,2024-12-09,32
82411096,NONCONFORMING,Wholesale,Refinance CashOut,150000.0,2025-01-08,61
82411098,NONCONFORMING,Wholesale,Purchase,1155000.0,2024-11-26,18
82411099,NONCONFORMING,Wholesale,Purchase,1683750.0,2024-12-05,27
82411103,NONCONFORMING,Wholesale,Purchase,2500000.0,2024-11-26,18
82411106,NONCONFORMING,Wholesale,Purchase,190000.0,2024-12-03,25
82411108,FHA,Wholesale,Purchase,786475.0,2024-12-18,40
82411110,FHA,Wholesale,Purchase,554875.0,2024-12-13,33
82411117,NONCONFORMING,Wholesale,Refinance CashOut,210000.0,2024-12-18,37
82411118,CONFORMING,Wholesale,Purchase,470000.0,2024-11-27,16
82411122,NONCONFORMING,Wholesale,Purchase,416000.0,2024-12-18,37
82511409,NONCONFORMING,Wholesale,Purchase,,2025-12-19,15
82506501,FHA,Wholesale,Purchase,530750.0,2025-07-18,28
82506541,FHA BOND,Wholesale,Purchase,533645.0,2025-08-08,29
82506542,FHA,Wholesale,Purchase,260550.0,2025-07-22,28
82506544,ZERO INTEREST PROGRAM,Wholesale,Purchase,19355.0,2025-08-08,28
82506518,NONCONFORMING,Wholesale,Purchase,552000.0,2025-08-19,57
82506519,2ND,Wholesale,Refinance CashOut,125000.0,2025-07-29,36
82506525,NONCONFORMING,Wholesale,Purchase,244000.0,2025-07-15,22
82506528,NONCONFORMING,Wholesale,Purchase,217500.0,2025-07-29,36
82506532,FHA,Wholesale,Purchase,400000.0,2025-07-18,25
62506535,NONCONFORMING,Retail,Purchase,1952000.0,2025-07-31,24
82506569,CONFORMING,Wholesale,Purchase,484500.0,2025-08-29,39
82506577,NONCONFORMING,Wholesale,Refinance,183000.0,2025-08-12,48
82409512,NONCONFORMING,Wholesale,Refinance,380000.0,2024-11-14,50
82409515,NONCONFORMING,Wholesale,Purchase,438750.0,2024-10-23,28
82409519,FHA,Wholesale,Purchase,589000.0,2024-10-21,25
82409521,NONCONFORMING,Wholesale,Refinance CashOut,198000.0,2024-10-24,28
82409522,CONFORMING,Wholesale,Purchase,413250.0,2024-10-31,35
52409527,NONCONFORMING,Wholesale,Refinance CashOut,1660000.0,2024-10-24,28
82409525,CONFORMING,Wholesale,Refinance CashOut,517000.0,2024-11-18,53
82409528,NONCONFORMING,Wholesale,Purchase,420000.0,2024-10-24,28
82409529,CONFORMING,Wholesale,Purchase,389500.0,2024-10-16,20
82409531,FHA,Wholesale,Purchase,414950.0,2024-10-18,22
82409534,FHA,Wholesale,Purchase,651375.0,2024-10-23,26
82409538,CONFORMING,Wholesale,Purchase,332500.0,2024-10-23,26
82409543,FHA,Wholesale,Purchase,674535.0,2024-10-21,24
82409544,NONCONFORMING,Wholesale,Purchase,696000.0,2024-10-22,25
82409545,FHA,Wholesale,Purchase,289500.0,2024-10-22,25
82409547,FHA,Wholesale,Purchase,217125.0,2024-11-05,39
82409548,CONFORMING,Wholesale,Refinance CashOut,373000.0,2024-10-28,31
82409549,CONFORMING,Wholesale,Purchase,550480.0,2024-10-25,28
82409550,NONCONFORMING,Wholesale,Purchase,604000.0,2024-10-23,13
82409552,NONCONFORMING,Wholesale,Purchase,615000.0,2024-10-31,33
82409558,NONCONFORMING,Wholesale,Purchase,900000.0,2024-10-17,18
82409560,NONCONFORMING,Wholesale,Purchase,520000.0,2024-10-24,24
82409564,CONFORMING,Wholesale,Purchase,120000.0,2025-01-27,119
82409567,NONCONFORMING,Wholesale,Purchase,217425.0,2024-10-25,25
82409569,CONFORMING,Wholesale,Refinance CashOut,300000.0,2024-10-16,16
82409570,2ND,Wholesale,Refinance CashOut,519330.0,2025-01-21,113
82409574,NONCONFORMING,Wholesale,Purchase,346400.0,2024-11-27,58
82409576,FHA BOND,Wholesale,Purchase,270200.0,2024-11-20,51
82409577,2ND,Wholesale,Purchase,9800.0,2024-11-20,51
82409579,NONCONFORMING,Wholesale,Refinance,422000.0,2024-11-01,32
82409580,FHA,Wholesale,Purchase,414950.0,2024-10-30,30
82410002,FHA,Wholesale,Purchase,306387.0,2024-10-24,23
82410007,NONCONFORMING,Wholesale,Refinance CashOut,1100000.0,2024-12-20,8
82410010,CONFORMING,Wholesale,Purchase,218500.0,2024-10-18,17
82410014,FHA BOND,Wholesale,Purchase,250900.0,2024-11-14,44
82410015,NONCONFORMING,Wholesale,Refinance CashOut,480000.0,2024-11-07,37
82410016,CONVENTIONAL BOND STD MI,Wholesale,Purchase,625650.0,2024-12-18,16
82410018,FHA,Wholesale,Purchase,342575.0,2024-10-30,29
82410019,2ND,Wholesale,Purchase,9100.0,2024-11-14,44
82410024,FHA BOND,Wholesale,Purchase,410125.0,2024-11-13,43
82410025,NONCONFORMING,Wholesale,Purchase,176750.0,2024-10-29,28
82410026,CONFORMING,Wholesale,Purchase,360000.0,2024-11-13,43
82410028,NONCONFORMING,Wholesale,Purchase,520000.0,2024-10-28,27
52410060,2ND,Wholesale,Refinance CashOut,2800000.0,2024-10-15,13
52410061,NONCONFORMING,Wholesale,Purchase,276000.0,2024-10-08,6
82410030,FHA,Wholesale,Purchase,328100.0,2024-11-25,55
82410031,FHA,Wholesale,Purchase,263900.0,2024-11-05,35
82410034,CONFORMING,Wholesale,Refinance,270000.0,2024-10-22,21
82410036,NONCONFORMING,Wholesale,Purchase,648000.0,2024-10-30,28
82410038,FHA,Wholesale,Purchase,376350.0,2024-10-29,27
82410045,FHA,Wholesale,Purchase,365735.0,2024-10-21,19
82410046,2ND,Wholesale,Refinance CashOut,233000.0,2024-11-05,34
82410047,FHA,Wholesale,Refinance,621000.0,2024-11-29,58
82410048,NONCONFORMING,Wholesale,Purchase,760000.0,2024-10-30,28
82410049,FHA,Wholesale,Purchase,357675.0,2024-11-22,51
82410050,CONVENTIONAL BOND STD MI,Wholesale,Purchase,541500.0,2024-11-04,33
82410057,NONCONFORMING,Wholesale,Purchase,363576.0,2024-10-29,27
82410058,CONFORMING,Wholesale,Purchase,413250.0,2024-10-17,15
82410068,NONCONFORMING,Wholesale,Refinance CashOut,438000.0,2024-11-15,44
82410072,NONCONFORMING,Wholesale,Refinance CashOut,235950.0,2024-11-15,44
82410073,NONCONFORMING,Wholesale,Refinance,310000.0,2024-11-06,35
52410100,NONCONFORMING,Wholesale,Refinance CashOut,750000.0,2024-10-31,28
62410080,CONFORMING,Retail,Refinance CashOut,760000.0,2024-11-04,28
82410075,NONCONFORMING,Wholesale,Purchase,619851.0,2024-10-28,25
82410079,NONCONFORMING,Wholesale,Purchase,640000.0,2024-10-28,25
82410081,CONFORMING,Wholesale,Refinance,828500.0,2025-01-08,97
82410084,NONCONFORMING,Wholesale,Purchase,220000.0,2024-11-05,33
82410087,CONFORMING,Wholesale,Purchase,459200.0,2024-11-12,40
82410090,2ND,Wholesale,Purchase,14875.0,2024-11-13,43
82410091,FHA,Wholesale,Purchase,318450.0,2024-11-04,32
82410094,FHA BOND,Wholesale,Purchase,622425.0,2024-10-29,26
82410098,CONFORMING,Wholesale,Purchase,300000.0,2024-11-07,35
82410099,CONFORMING,Wholesale,Purchase,569000.0,2024-10-31,28
82410101,CONVENTIONAL BOND STD MI,Wholesale,Purchase,683850.0,2024-11-18,46
82410102,2ND,Wholesale,Purchase,17100.0,2024-11-04,33
82410105,2ND,Wholesale,Purchase,22575.0,2024-10-29,26
62410125,CONFORMING,Retail,Refinance CashOut,670000.0,2024-11-06,30
82410106,2ND,Wholesale,Refinance CashOut,210000.0,2024-10-29,26
82410112,NONCONFORMING,Wholesale,Refinance CashOut,250000.0,2024-10-31,27
82410116,NONCONFORMING,Wholesale,Refinance CashOut,150000.0,2024-10-29,25
82410117,CONVENTIONAL BOND STD MI,Wholesale,Purchase,786500.0,2024-11-13,40
82410119,NONCONFORMING,Wholesale,Refinance CashOut,256200.0,2024-10-30,26
82410121,2ND,Wholesale,Purchase,21150.0,2024-11-18,46
82410126,2ND,Wholesale,Purchase,25500.0,2024-11-13,40
82410128,NONCONFORMING,Wholesale,Purchase,793050.0,2024-11-01,28
82410129,NONCONFORMING,Wholesale,Purchase,1870000.0,2024-10-22,18
82410130,NONCONFORMING,Wholesale,Refinance CashOut,208000.0,2024-11-06,33
82410134,NONCONFORMING,Wholesale,Purchase,200000.0,2024-10-29,25
82410135,FHA,Wholesale,Purchase,188175.0,2024-11-13,40
82410138,FHA,Wholesale,Purchase,644137.0,2024-10-28,24
62410162,CONFORMING,Retail,Purchase,340000.0,2025-04-25,28
82410152,NONCONFORMING,Wholesale,Refinance CashOut,1589250.0,2024-11-27,51
82410155,CONFORMING,Wholesale,Purchase,760000.0,2024-10-30,23
82410156,NONCONFORMING,Wholesale,Refinance CashOut,286000.0,2024-11-07,31
82410158,FHA BOND,Wholesale,Purchase,236425.0,2024-11-22,46
82506546,NONCONFORMING,Wholesale,Refinance CashOut,507000.0,2025-08-15,52
82506548,2ND,Wholesale,Refinance CashOut,500000.0,2025-07-21,27
82506552,NONCONFORMING,Wholesale,Purchase,208000.0,2025-07-31,34
62506553,FHA,Retail,Purchase,672500.0,2025-07-17,23
82506555,FHA BOND,Wholesale,Purchase,197825.0,2025-07-18,24
82506559,2ND,Wholesale,Purchase,7175.0,2025-07-18,24
82506563,NONCONFORMING,Wholesale,Purchase,780000.0,2025-07-15,21
82506607,NONCONFORMING,Wholesale,Refinance CashOut,240000.0,2025-08-04,39
82506613,NONCONFORMING,Wholesale,Purchase,1544000.0,2025-07-22,26
82506580,FHA,Wholesale,Purchase,318450.0,2025-08-28,64
82506582,NONCONFORMING,Wholesale,Purchase,499500.0,2025-07-10,15
82506583,NONCONFORMING,Wholesale,Purchase,294000.0,2025-07-24,29
82506592,CONFORMING,Wholesale,Purchase,812250.0,2025-07-16,19
82506594,NONCONFORMING,Wholesale,Purchase,160000.0,2025-07-18,23
82505715,NONCONFORMING,Wholesale,Purchase,825000.0,2025-06-24,28
82505716,FHA,Wholesale,Purchase,342575.0,2025-06-23,27
82505718,NONCONFORMING,Wholesale,Purchase,795840.0,2025-06-16,20
82505719,FHA,Wholesale,Purchase,312000.0,2025-06-18,22
82505720,NONCONFORMING,Wholesale,Purchase,1399110.0,2025-06-25,29
82505722,NONCONFORMING,Wholesale,Purchase,314030.0,2025-06-18,22
82505723,NONCONFORMING,Wholesale,Purchase,760000.0,2025-06-16,19
82505727,NONCONFORMING,Wholesale,Purchase,1035000.0,2025-06-12,15
82505742,NONCONFORMING,Wholesale,Purchase,356000.0,2025-06-12,15
82505763,NONCONFORMING,Wholesale,Purchase,202500.0,2025-06-30,32
82505768,NONCONFORMING,Wholesale,Purchase,402900.0,2025-06-23,25
82505772,CONVENTIONAL BOND STD MI,Wholesale,Purchase,560000.0,2025-06-26,28
82505774,NONCONFORMING,Wholesale,Refinance CashOut,325000.0,2025-07-15,47
82505776,NONCONFORMING,Wholesale,Refinance CashOut,369000.0,2025-07-14,46
82505743,NONCONFORMING,Wholesale,Refinance CashOut,450000.0,2025-06-13,16
82505749,NONCONFORMING,Wholesale,Purchase,171500.0,2025-06-30,31
82505750,FHA,Wholesale,Purchase,617600.0,2025-07-15,48
82505755,NONCONFORMING,Wholesale,Purchase,168000.0,2025-08-04,67
82505778,FHA,Wholesale,Refinance CashOut,355000.0,2025-06-18,20
82505779,NONCONFORMING,Wholesale,Refinance CashOut,227500.0,2025-07-14,46
82505780,NONCONFORMING,Wholesale,Refinance CashOut,462000.0,2025-07-14,46
82505797,NONCONFORMING,Wholesale,Purchase,432000.0,2025-06-26,27
82505801,NONCONFORMING,Wholesale,Purchase,294760.0,2025-06-25,26
82505805,FHA,Wholesale,Purchase,472801.0,2025-06-23,24
82505806,NONCONFORMING,Wholesale,Purchase,406800.0,2025-07-15,46
82505812,CONFORMING,Wholesale,Purchase,404700.0,2025-06-26,27
82505813,NONCONFORMING,Wholesale,Purchase,356000.0,2025-06-27,28
82505782,NONCONFORMING,Wholesale,Purchase,1340000.0,2025-06-25,26
82505783,NONCONFORMING,Wholesale,Purchase,628530.0,2025-06-26,27
62505787,NONCONFORMING,Retail,Purchase,472000.0,2025-07-15,33
82505788,NONCONFORMING,Wholesale,Purchase,600000.0,2025-06-20,21
82505789,ZERO INTEREST PROGRAM,Wholesale,Purchase,140000.0,2025-06-26,28
82505791,NONCONFORMING,Wholesale,Purchase,277500.0,2025-09-15,108
82505792,NONCONFORMING,Wholesale,Purchase,255000.0,2025-08-21,83
82506034,NONCONFORMING,Wholesale,Refinance CashOut,156750.0,2025-07-14,42
82506035,NONCONFORMING,Wholesale,Purchase,597975.0,2025-06-16,14
82506038,CONFORMING,Wholesale,Purchase,493000.0,2025-06-30,28
82506039,NONCONFORMING,Wholesale,Refinance CashOut,463000.0,2025-06-27,25
82506043,FHA,Wholesale,Purchase,532000.0,2025-06-26,24
82506047,NONCONFORMING,Wholesale,Purchase,698750.0,2025-06-27,25
82506049,FHA,Wholesale,Purchase,694800.0,2025-06-27,25
82506016,NONCONFORMING,Wholesale,Refinance CashOut,490000.0,2025-07-02,30
82506017,NONCONFORMING,Wholesale,Purchase,164250.0,2025-07-01,29
82506019,2ND,Wholesale,Refinance CashOut,205000.0,2025-09-02,92
82506023,VA,Wholesale,Purchase,565000.0,2025-06-30,28
82506027,NONCONFORMING,Wholesale,Refinance CashOut,1350000.0,2025-07-21,49
82506076,NONCONFORMING,Wholesale,Refinance,750000.0,2025-12-23,203
82506077,FHA,Wholesale,Purchase,974650.0,2025-06-25,22
82506079,NONCONFORMING,Wholesale,Refinance,698000.0,2025-12-23,203
82506080,FHA,Wholesale,Purchase,400475.0,2025-07-15,42
82506081,FHA,Wholesale,Purchase,258618.0,2025-06-30,27
82506082,2ND,Wholesale,Refinance CashOut,350000.0,2025-06-30,27
82506053,NONCONFORMING,Wholesale,Purchase,281250.0,2025-07-18,46
82506054,FHA,Wholesale,Purchase,424600.0,2025-07-03,31
82506055,NONCONFORMING,Wholesale,Purchase,714000.0,2025-07-24,52
62506068,CONFORMING,Retail,Refinance CashOut,250000.0,2025-07-02,28
82506069,FHA,Wholesale,Refinance CashOut,260000.0,2025-07-07,34
82506073,NONCONFORMING,Wholesale,Purchase,264000.0,2025-07-02,29
82506089,NONCONFORMING,Wholesale,Refinance CashOut,844900.0,2025-07-22,49
82506092,2ND,Wholesale,Refinance CashOut,640000.0,2025-07-02,29
82506114,FHA,Wholesale,Purchase,388412.0,2025-06-30,26
82506116,NONCONFORMING,Wholesale,Purchase,602650.0,2025-06-23,19
82506118,NONCONFORMING,Wholesale,Purchase,255000.0,2025-08-11,68
82506120,CONFORMING,Wholesale,Purchase,627000.0,2025-07-03,29
82506123,NONCONFORMING,Wholesale,Purchase,376000.0,2025-06-30,26
82506126,FHA,Wholesale,Purchase,297219.0,2025-06-26,22
82506130,FHA,Wholesale,Purchase,357050.0,2025-07-02,28
82506099,NONCONFORMING,Wholesale,Purchase,236000.0,2025-07-11,38
82506100,FHA,Wholesale,Purchase,404335.0,2025-06-17,14
82506105,NONCONFORMING,Wholesale,Refinance CashOut,2535000.0,2025-07-15,41
82506106,NONCONFORMING,Wholesale,Purchase,382500.0,2025-07-10,36
82506107,NONCONFORMING,Wholesale,Purchase,262500.0,2025-06-24,20
82506111,2ND,Wholesale,Refinance CashOut,221052.0,2025-07-21,47
82506158,NONCONFORMING,Wholesale,Refinance CashOut,224250.0,2025-07-25,50
82506160,NONCONFORMING,Wholesale,Purchase,285000.0,2025-06-30,25
82506161,CONFORMING,Wholesale,Refinance CashOut,800000.0,2025-07-25,50
82506168,FHA BOND,Wholesale,Purchase,419775.0,2025-06-26,21
82506169,VA,Wholesale,Purchase,690000.0,2025-08-28,31
82506170,ZERO INTEREST PROGRAM,Wholesale,Purchase,15225.0,2025-06-26,21
82506171,CONFORMING,Wholesale,Purchase,476670.0,2025-07-29,54
62506173,NONCONFORMING,Retail,Refinance CashOut,428000.0,2025-07-07,31
82506140,NONCONFORMING,Wholesale,Purchase,3487500.0,2025-07-10,36
82511414,FHA,Wholesale,Purchase,,2025-12-31,42
82507122,2ND,Wholesale,Refinance CashOut,500000.0,2025-08-01,25
82507125,NONCONFORMING,Wholesale,Purchase,232800.0,2025-08-08,32
82507130,NONCONFORMING,Wholesale,Refinance CashOut,723750.0,2025-08-26,50
82507136,NONCONFORMING,Wholesale,Refinance CashOut,300000.0,2025-08-29,53
82507137,NONCONFORMING,Wholesale,Purchase,188759.0,2025-08-01,25
82507139,CONFORMING,Wholesale,Refinance CashOut,506250.0,2025-07-29,22
82507142,NONCONFORMING,Wholesale,Purchase,132000.0,2025-08-21,45
82507145,CONVENTIONAL BOND STD MI,Wholesale,Purchase,457840.0,2025-08-06,30
82507147,NONCONFORMING,Wholesale,Refinance,875000.0,2025-09-16,70
82507149,2ND,Wholesale,Refinance CashOut,148000.0,2025-07-29,21
82507151,NONCONFORMING,Wholesale,Refinance,388000.0,2025-08-26,49
62507152,NONCONFORMING,Retail,Refinance,175000.0,2025-07-30,22
82507153,NONCONFORMING,Wholesale,Refinance CashOut,209000.0,2025-08-27,50
82507154,NONCONFORMING,Wholesale,Refinance CashOut,656250.0,2025-07-24,16
82507155,FHA,Wholesale,Purchase,579000.0,2025-08-26,49
82507156,NONCONFORMING,Wholesale,Refinance CashOut,364000.0,2025-08-26,49
82507174,NONCONFORMING,Wholesale,Purchase,720000.0,2025-08-06,29
82507178,NONCONFORMING,Wholesale,Purchase,760750.0,2025-09-02,56
82507179,NONCONFORMING,Wholesale,Purchase,668000.0,2025-08-20,29
82507181,NONCONFORMING,Wholesale,Purchase,212400.0,2025-07-31,23
82507157,NONCONFORMING,Wholesale,Purchase,810000.0,2025-07-29,21
82507158,NONCONFORMING,Wholesale,Purchase,312000.0,2025-08-01,24
82507160,NONCONFORMING,Wholesale,Purchase,270400.0,2025-07-30,22
82507161,NONCONFORMING,Wholesale,Purchase,448000.0,2025-07-29,21
82507163,NONCONFORMING,Wholesale,Refinance CashOut,180000.0,2025-09-05,59
82507164,NONCONFORMING,Wholesale,Purchase,1147500.0,2025-08-05,28
82507165,NONCONFORMING,Wholesale,Purchase,468800.0,2025-10-01,85
82507168,CONFORMING,Wholesale,Purchase,498750.0,2025-08-04,27
82507169,NONCONFORMING,Wholesale,Refinance,1040000.0,2025-08-27,50
82507172,FHA,Wholesale,Purchase,738225.0,2025-08-05,28
82507173,CONFORMING,Wholesale,Purchase,125130.0,2025-09-09,63
82507185,NONCONFORMING,Wholesale,Purchase,560150.0,2025-08-12,34
82507186,NONCONFORMING,Wholesale,Refinance CashOut,1260000.0,2025-08-08,30
82507187,NONCONFORMING,Wholesale,Refinance CashOut,296000.0,2025-10-10,93
82507188,NONCONFORMING,Wholesale,Refinance CashOut,618750.0,2025-07-25,16
62507190,NONCONFORMING,Retail,Refinance CashOut,150000.0,2025-08-12,34
62507192,NONCONFORMING,Retail,Refinance CashOut,100000.0,2025-08-12,34
82507196,NONCONFORMING,Wholesale,Purchase,638000.0,2025-07-21,12
82507198,ZERO INTEREST PROGRAM,Wholesale,Purchase,14160.0,2025-08-06,30
82507199,NONCONFORMING,Wholesale,Purchase,206000.0,2025-07-25,16
82507208,2ND,Wholesale,Refinance CashOut,200000.0,2025-08-06,28
82507211,NONCONFORMING,Wholesale,Purchase,1106000.0,2025-07-23,14
82507215,NONCONFORMING,Wholesale,Purchase,396750.0,2025-07-29,20
82507219,NONCONFORMING,Wholesale,Refinance,646000.0,2025-10-17,100
82507220,CONFORMING,Wholesale,Purchase,670400.0,2025-07-30,21
82507224,NONCONFORMING,Wholesale,Purchase,252800.0,2025-08-18,39
82507225,NONCONFORMING,Wholesale,Refinance CashOut,744000.0,2025-08-04,25
82507235,NONCONFORMING,Wholesale,Purchase,2040000.0,2025-07-30,20
82507239,NONCONFORMING,Wholesale,Refinance,226500.0,2025-09-16,68
82507241,NONCONFORMING,Wholesale,Refinance CashOut,1841450.0,2025-08-27,48
82507244,NONCONFORMING,Wholesale,Refinance CashOut,850000.0,2025-07-29,19
82507248,FHA BOND,Wholesale,Purchase,334855.0,2025-10-07,89
82507230,FHA BOND,Wholesale,Purchase,347400.0,2025-07-29,19
82507231,NONCONFORMING,Wholesale,Purchase,728450.0,2025-08-01,22
82507252,ZERO INTEREST PROGRAM,Wholesale,Purchase,12145.0,2025-10-07,89
82507254,ZERO INTEREST PROGRAM,Wholesale,Purchase,8836.0,2025-07-29,19
82507255,ZERO INTEREST PROGRAM,Wholesale,Purchase,12600.0,2025-07-29,19
82507256,FHA BOND,Wholesale,Purchase,964903.0,2025-07-31,21
82507261,NONCONFORMING,Wholesale,Purchase,796000.0,2025-08-08,28
82507262,FHA,Wholesale,Purchase,376350.0,2025-08-04,24
82507265,2ND,Wholesale,Purchase,34996.0,2025-07-31,21
82507269,FHA,Wholesale,Purchase,598300.0,2025-08-07,27
82507270,NONCONFORMING,Wholesale,Purchase,292000.0,2025-08-11,31
82507276,FHA BOND,Wholesale,Purchase,368630.0,2025-07-29,18
62507279,CONFORMING,Retail,Purchase,356250.0,2025-09-12,43
82507284,NONCONFORMING,Wholesale,Refinance,100000.0,2025-09-11,59
82507285,NONCONFORMING,Wholesale,Purchase,280000.0,2025-07-30,16
62507286,CONFORMING,Retail,Purchase,368000.0,2025-08-11,26
82507288,ZERO INTEREST PROGRAM,Wholesale,Purchase,13370.0,2025-07-29,18
82507306,CONFORMING,Wholesale,Purchase,225400.0,2025-08-01,18
82507308,NONCONFORMING,Wholesale,Refinance CashOut,745500.0,2025-07-30,16
82507291,NONCONFORMING,Wholesale,Purchase,371000.0,2025-08-05,22
82507295,NONCONFORMING,Wholesale,Purchase,192000.0,2025-08-08,25
82507296,NONCONFORMING,Wholesale,Purchase,612000.0,2025-08-22,39
82507298,NONCONFORMING,Wholesale,Purchase,706000.0,2025-08-18,35
82507300,NONCONFORMING,Wholesale,Purchase,639200.0,2025-08-08,25
62507311,CONFORMING,Retail,Purchase,368000.0,2025-07-25,11
82507312,NONCONFORMING,Wholesale,Purchase,634000.0,2025-08-08,25
62507318,CONFORMING,Retail,Purchase,280000.0,2025-09-10,29
82507319,FHA,Wholesale,Purchase,627750.0,2025-07-31,16
62507323,NONCONFORMING,Retail,Refinance,117600.0,2025-08-21,37
82507325,CONFORMING,Wholesale,Purchase,700000.0,2025-08-14,30
82507327,NONCONFORMING,Wholesale,Refinance,346500.0,2025-08-15,31
82507328,2ND,Wholesale,Refinance CashOut,125000.0,2025-08-08,24
82507330,FHA BOND,Wholesale,Purchase,192995.0,2025-09-10,57
82507331,2ND,Wholesale,Purchase,9999.0,2025-09-10,57
82507333,FHA BOND,Wholesale,Purchase,262479.0,2025-08-15,31
82507334,VA,Wholesale,Purchase,629000.0,2025-08-15,31
82507336,FHA,Wholesale,Refinance,587600.0,2025-09-10,57
82507338,ZERO INTEREST PROGRAM,Wholesale,Purchase,5341.0,2025-08-15,31
82507341,2ND,Wholesale,Refinance CashOut,210965.0,2025-08-28,45
82507340,NONCONFORMING,Wholesale,Refinance CashOut,161000.0,2025-09-08,55
82510057,NONCONFORMING,Wholesale,Purchase,1480000.0,2025-11-13,42
82510058,CONFORMING,Wholesale,Purchase,733770.0,2025-10-29,27
62510059,CONFORMING,Retail,Purchase,276450.0,2025-12-12,20
82510065,NONCONFORMING,Wholesale,Purchase,210000.0,2025-10-24,22
82510066,NONCONFORMING,Wholesale,Refinance CashOut,205000.0,2025-12-03,62
82510067,NONCONFORMING,Wholesale,Purchase,399920.0,2025-10-27,24
82510068,NONCONFORMING,Wholesale,Refinance,1088000.0,2025-12-31,89
82510069,NONCONFORMING,Wholesale,Purchase,884000.0,2025-11-04,32
82510071,NONCONFORMING,Wholesale,Refinance CashOut,1999999.0,2025-10-30,27
82510072,NONCONFORMING,Wholesale,Purchase,560000.0,2025-10-31,28
82510073,FHA BOND,Wholesale,Purchase,255628.0,2025-11-07,35
82510074,NONCONFORMING,Wholesale,Purchase,667500.0,2025-11-10,38
82510081,NONCONFORMING,Wholesale,Refinance CashOut,320000.0,2025-11-14,42
82510087,NONCONFORMING,Wholesale,Refinance,204920.0,2025-10-31,28
82510088,2ND,Wholesale,Refinance CashOut,232000.0,2025-10-29,26
82510090,CONFORMING,Wholesale,Refinance,273000.0,2025-10-22,19
62510092,VA,Retail,Other,356850.0,2025-11-06,31
82510095,NONCONFORMING,Wholesale,Refinance CashOut,441870.0,2025-12-04,59
82510103,NONCONFORMING,Wholesale,Purchase,726946.0,2025-11-13,38
82510109,NONCONFORMING,Wholesale,Refinance,482000.0,2025-10-31,25
82510111,FHA,Wholesale,Purchase,270200.0,2025-11-04,29
82510112,NONCONFORMING,Wholesale,Purchase,255000.0,2025-10-29,23
62510098,NONCONFORMING,Retail,Refinance,216000.0,2025-10-22,16
82510115,NONCONFORMING,Wholesale,Refinance,558000.0,2025-11-13,38
62510119,NONCONFORMING,Retail,Purchase,168750.0,2025-10-30,15
82510126,NONCONFORMING,Wholesale,Purchase,578000.0,2025-10-31,24
82510127,NONCONFORMING,Wholesale,Refinance,163000.0,2025-11-19,43
82510120,NONCONFORMING,Wholesale,Refinance CashOut,200000.0,2025-10-24,17
82510141,NONCONFORMING,Wholesale,Purchase,1120000.0,2025-10-31,24
82510146,NONCONFORMING,Wholesale,Purchase,274400.0,2025-11-14,38
82510147,FHA,Wholesale,Refinance CashOut,220000.0,2025-11-13,37
82510154,NONCONFORMING,Wholesale,Purchase,324000.0,2025-11-04,28
82510155,NONCONFORMING,Wholesale,Purchase,1087500.0,2025-11-03,27
82510157,2ND,Wholesale,Purchase,9271.0,2025-11-07,35
82510160,NONCONFORMING,Wholesale,Refinance,2938500.0,2025-11-19,43
82510135,FHA BOND,Wholesale,Purchase,410125.0,2025-11-14,38
82510136,NONCONFORMING,Wholesale,Purchase,380000.0,2025-10-30,23
82510163,NONCONFORMING,Wholesale,Refinance CashOut,822500.0,2025-10-30,23
82510167,NONCONFORMING,Wholesale,Purchase,740000.0,2025-10-28,21
82510168,NONCONFORMING,Wholesale,Purchase,824000.0,2025-11-03,27
82510176,FHA,Wholesale,Purchase,579000.0,2025-11-05,28
82510179,NONCONFORMING,Wholesale,Refinance,204000.0,2025-11-21,44
62510180,VA,Retail,Purchase,439000.0,2025-11-21,44
62510181,VA,Retail,Refinance CashOut,340000.0,2025-11-07,30
82510172,NONCONFORMING,Wholesale,Refinance,510000.0,2025-11-03,26
82510173,FHA,Wholesale,Purchase,921500.0,2025-10-27,19
82509036,NONCONFORMING,Wholesale,Purchase,985600.0,2025-10-03,31
82509039,NONCONFORMING,Wholesale,Purchase,180000.0,2025-10-30,58
82509041,FHA,Wholesale,Purchase,712500.0,2025-09-19,17
82509043,ZERO INTEREST PROGRAM,Wholesale,Purchase,19775.0,2025-10-07,35
82509044,NONCONFORMING,Wholesale,Purchase,245000.0,2025-09-16,14
82509045,FHA,Wholesale,Purchase,439075.0,2025-09-29,27
82509046,CONFORMING,Wholesale,Purchase,565250.0,2025-10-07,35
82509052,NONCONFORMING,Wholesale,Refinance CashOut,170000.0,2025-10-16,43
82509067,NONCONFORMING,Wholesale,Purchase,811000.0,2025-10-01,28
82509068,ZERO INTEREST PROGRAM,Wholesale,Purchase,4351.0,2025-09-19,16
82509069,ZERO INTEREST PROGRAM,Wholesale,Purchase,6870.0,2025-09-19,16
82509070,FHA,Wholesale,Purchase,289500.0,2025-09-26,23
82509072,NONCONFORMING,Wholesale,Purchase,720000.0,2025-10-14,41
82509053,NONCONFORMING,Wholesale,Refinance,1033000.0,2025-10-02,29
82509055,ZERO INTEREST PROGRAM,Wholesale,Purchase,150000.0,2025-10-02,30
62509057,NONCONFORMING,Retail,Purchase,1000000.0,2025-10-14,28
82509058,CONVENTIONAL BOND STD MI,Wholesale,Purchase,217550.0,2025-09-19,16
62509061,NONCONFORMING,Retail,Refinance CashOut,133000.0,2025-10-06,33
82509062,NONCONFORMING,Wholesale,Refinance CashOut,1430000.0,2025-10-23,50
82509064,NONCONFORMING,Wholesale,Refinance CashOut,569100.0,2025-10-09,36
82509065,FHA,Wholesale,Purchase,747875.0,2025-09-24,21
82509066,CONFORMING,Wholesale,Purchase,285000.0,2025-10-07,34
82509074,CONVENTIONAL BOND STD MI,Wholesale,Purchase,577000.0,2025-10-08,30
82509077,NONCONFORMING,Wholesale,Purchase,208250.0,2025-10-28,54
82509078,2ND,Wholesale,Refinance CashOut,650000.0,2025-09-23,19
82509083,NONCONFORMING,Wholesale,Purchase,714000.0,2025-10-22,48
82509085,2ND,Wholesale,Refinance CashOut,254287.0,2025-10-10,36
82509086,NONCONFORMING,Wholesale,Purchase,284000.0,2025-10-02,28
82509104,NONCONFORMING,Wholesale,Refinance CashOut,735000.0,2025-10-10,36
82509105,NONCONFORMING,Wholesale,Purchase,388000.0,2025-09-29,25
82509106,NONCONFORMING,Wholesale,Refinance,481000.0,2025-09-26,22
82509088,2ND,Wholesale,Refinance CashOut,355750.0,2025-10-01,27
82509090,NONCONFORMING,Wholesale,Purchase,573160.0,2025-09-25,21
82509092,NONCONFORMING,Wholesale,Refinance CashOut,438750.0,2025-10-15,41
82509093,NONCONFORMING,Wholesale,Refinance,132000.0,2025-10-20,46
82509094,NONCONFORMING,Wholesale,Purchase,343996.0,2025-10-06,32
82509098,CONFORMING,Wholesale,Refinance CashOut,485000.0,2025-10-20,46
82509101,NONCONFORMING,Wholesale,Purchase,682500.0,2025-10-03,29
82509103,NONCONFORMING,Wholesale,Purchase,134900.0,2025-09-23,19
82509107,NONCONFORMING,Wholesale,Purchase,584000.0,2025-10-14,40
82509109,CONVENTIONAL BOND STD MI,Wholesale,Purchase,652000.0,2025-11-10,38
82509114,NONCONFORMING,Wholesale,Purchase,266250.0,2025-09-18,13
82509115,NONCONFORMING,Wholesale,Purchase,277425.0,2025-10-08,33
82509117,FHA BOND,Wholesale,Purchase,168875.0,2025-10-14,39
82509120,CONVENTIONAL BOND STD MI,Wholesale,Purchase,412250.0,2025-10-03,28
82509121,2ND,Wholesale,Purchase,8750.0,2025-10-14,39
82509122,FHA,Wholesale,Purchase,284675.0,2025-10-07,32
82509123,NONCONFORMING,Wholesale,Refinance CashOut,266000.0,2025-10-06,31
82509125,NONCONFORMING,Wholesale,Purchase,901600.0,2025-09-25,20
82509126,ZERO INTEREST PROGRAM,Wholesale,Purchase,12750.0,2025-10-03,28
82509127,CONVENTIONAL BOND STD MI,Wholesale,Purchase,551671.0,2025-09-30,25
82509128,NONCONFORMING,Wholesale,Purchase,260000.0,2025-09-26,21
82509129,FHA,Wholesale,Purchase,463200.0,2025-09-26,21
82509132,FHA,Wholesale,Purchase,300000.0,2025-10-09,34
82509133,ZERO INTEREST PROGRAM,Wholesale,Purchase,150000.0,2025-11-10,35
82509137,NONCONFORMING,Wholesale,Purchase,1440000.0,2025-10-09,34
82509138,CONVENTIONAL BOND,Wholesale,Purchase,355960.0,2025-10-06,31
82509139,NONCONFORMING,Wholesale,Purchase,480000.0,2025-09-26,21
82509141,NONCONFORMING,Wholesale,Purchase,764999.0,2025-10-08,32
82509144,NONCONFORMING,Wholesale,Purchase,1404000.0,2025-09-25,18
82509145,NONCONFORMING,Wholesale,Purchase,410560.0,2025-10-23,45
82509146,ZERO INTEREST PROGRAM,Wholesale,Purchase,137917.0,2025-09-30,25
82509150,NONCONFORMING,Wholesale,Purchase,216000.0,2025-09-30,22
82509153,NONCONFORMING,Wholesale,Purchase,258392.0,2025-10-06,28
82509156,ZERO INTEREST PROGRAM,Wholesale,Purchase,150000.0,2025-10-08,30
82509159,ZERO INTEREST PROGRAM,Wholesale,Purchase,88990.0,2025-10-06,31
82509160,NONCONFORMING,Wholesale,Refinance CashOut,392000.0,2025-10-16,38
82509162,FHA,Wholesale,Purchase,347400.0,2025-10-06,28
82509166,NONCONFORMING,Wholesale,Refinance,6000000.0,2025-10-02,24
82509171,NONCONFORMING,Wholesale,Refinance,537000.0,2025-10-09,31
82509172,CONFORMING,Wholesale,Purchase,831250.0,2025-10-06,28
82509175,NONCONFORMING,Wholesale,Purchase,396500.0,2025-09-30,22
82509177,NONCONFORMING,Wholesale,Purchase,252000.0,2025-10-17,39
82509178,NONCONFORMING,Wholesale,Refinance CashOut,191000.0,2025-10-09,31
82509180,NONCONFORMING,Wholesale,Refinance CashOut,879000.0,2025-10-09,31
82509182,FHA,Wholesale,Refinance CashOut,570000.0,2025-09-29,21
82509191,2ND,Wholesale,Refinance CashOut,104600.0,2025-10-10,32
82509192,FHA,Wholesale,Purchase,328100.0,2025-10-20,42
82509197,CONFORMING,Wholesale,Purchase,503500.0,2025-10-03,24
82509201,NONCONFORMING,Wholesale,Purchase,655040.0,2025-10-01,22
82509206,NONCONFORMING,Wholesale,Purchase,492000.0,2025-10-06,27
82509207,NONCONFORMING,Wholesale,Purchase,920000.0,2025-09-26,17
82509208,VA,Wholesale,Purchase,150000.0,2025-10-16,37
82509212,2ND,Wholesale,Refinance CashOut,292214.0,2025-10-06,27
82509213,NONCONFORMING,Wholesale,Purchase,944000.0,2025-11-10,62
82509215,NONCONFORMING,Wholesale,Purchase,360000.0,2025-10-23,44
82509223,2ND,Wholesale,Refinance CashOut,350000.0,2025-10-29,50
82509226,NONCONFORMING,Wholesale,Refinance CashOut,1040000.0,2025-10-31,52
82509227,FHA BOND,Wholesale,Purchase,424600.0,2025-09-30,21
82509228,2ND,Wholesale,Purchase,15400.0,2025-09-30,21
82509229,NONCONFORMING,Wholesale,Purchase,358000.0,2025-09-29,19
82509233,NONCONFORMING,Wholesale,Refinance CashOut,399000.0,2025-10-07,27
82509235,2ND,Wholesale,Refinance CashOut,250000.0,2025-10-08,28
82509236,NONCONFORMING,Wholesale,Refinance CashOut,560000.0,2025-10-17,37
82511400,NONCONFORMING,Wholesale,Purchase,,2025-12-18,30
82511401,NONCONFORMING,Wholesale,Refinance CashOut,,2025-12-18,30
82510188,2ND,Wholesale,Purchase,14875.0,2025-11-14,38
82510190,NONCONFORMING,Wholesale,Purchase,660000.0,2025-11-04,27
82510194,NONCONFORMING,Wholesale,Refinance,280000.0,2025-11-05,28
82510196,NONCONFORMING,Wholesale,Purchase,956000.0,2025-11-24,47
82510184,CONFORMING,Wholesale,Purchase,537700.0,2025-11-20,43
82510187,NONCONFORMING,Wholesale,Refinance CashOut,166400.0,2025-11-05,28
82510198,NONCONFORMING,Wholesale,Purchase,1047000.0,2025-11-19,42
82510199,CONVENTIONAL BOND STD MI,Wholesale,Purchase,564000.0,2025-11-06,29
82510200,CONFORMING,Wholesale,Purchase,728000.0,2025-12-08,61
82510201,CONFORMING,Wholesale,Purchase,726750.0,2025-12-09,22
82510203,NONCONFORMING,Wholesale,Purchase,760000.0,2025-11-04,26
82510204,CONFORMING,Wholesale,Purchase,674500.0,2025-11-10,32
82510211,NONCONFORMING,Wholesale,Purchase,208000.0,2025-11-10,32
82510213,NONCONFORMING,Wholesale,Refinance,1135000.0,2025-11-19,41
82510219,CONVENTIONAL BOND STD MI,Wholesale,Purchase,504400.0,2025-11-04,26
82510220,NONCONFORMING,Wholesale,Refinance CashOut,270000.0,2025-10-31,22
82510223,NONCONFORMING,Wholesale,Purchase,331500.0,2025-10-29,20
82510225,ZERO INTEREST PROGRAM,Wholesale,Purchase,10088.0,2025-11-04,26
82510228,NONCONFORMING,Wholesale,Purchase,900000.0,2025-10-31,22
82510230,ZERO INTEREST PROGRAM,Wholesale,Purchase,141000.0,2025-11-06,29
82510231,NONCONFORMING,Wholesale,Purchase,783000.0,2025-10-30,21
82510232,NONCONFORMING,Wholesale,Purchase,229950.0,2025-11-20,42
82510207,NONCONFORMING,Wholesale,Refinance,230000.0,2025-10-31,22
82510208,NONCONFORMING,Wholesale,Purchase,360000.0,2025-12-05,57
82510209,NONCONFORMING,Wholesale,Purchase,1215000.0,2025-10-21,12
82510210,NONCONFORMING,Wholesale,Purchase,325000.0,2025-11-10,32
82510233,,Wholesale,Purchase,15600.0,2025-11-04,26
82510235,FHA,Wholesale,Refinance CashOut,412000.0,2025-12-11,63
82510240,NONCONFORMING,Wholesale,Purchase,237993.0,2025-10-31,21
82510242,FHA,Wholesale,Purchase,530750.0,2025-11-05,26
82510243,FHA BOND,Wholesale,Purchase,419775.0,2025-11-14,35
82510245,2ND,Wholesale,Purchase,15225.0,2025-11-14,35
82510246,NONCONFORMING,Wholesale,Refinance CashOut,300000.0,2025-10-30,20
82510247,NONCONFORMING,Wholesale,Refinance CashOut,502500.0,2025-11-12,33
82510248,FHA,Wholesale,Purchase,386000.0,2025-10-31,21
82510253,NONCONFORMING,Wholesale,Purchase,825000.0,2025-10-29,19
82510254,NONCONFORMING,Wholesale,Refinance CashOut,2475000.0,2025-10-30,20
82510255,CONFORMING,Wholesale,Purchase,512750.0,2025-11-06,27
82505245,NONCONFORMING,Wholesale,Purchase,205600.0,2025-05-29,22
82505252,NONCONFORMING,Wholesale,Refinance CashOut,120000.0,2025-06-27,51
82505254,NONCONFORMING,Wholesale,Refinance CashOut,1067000.0,2025-07-01,55
82505255,NONCONFORMING,Wholesale,Refinance CashOut,837000.0,2025-05-28,21
82505274,NONCONFORMING,Wholesale,Purchase,436000.0,2025-06-24,19
82505275,2ND,Wholesale,Refinance CashOut,300000.0,2025-05-30,22
82505276,NONCONFORMING,Wholesale,Refinance,370000.0,2025-06-06,29
82505277,FHA,Wholesale,Purchase,443900.0,2025-06-10,33
82505278,NONCONFORMING,Wholesale,Purchase,340000.0,2025-06-06,29
82505280,FHA,Wholesale,Purchase,472850.0,2025-05-30,22
82505282,NONCONFORMING,Wholesale,Purchase,384000.0,2025-06-09,32
82505283,2ND,Wholesale,Refinance CashOut,300000.0,2025-06-02,25
82505302,NONCONFORMING,Wholesale,Purchase,530905.0,2025-06-13,35
82505303,FHA BOND,Wholesale,Purchase,265375.0,2025-05-30,21
62505304,NONCONFORMING,Retail,Purchase,455000.0,2025-06-20,42
82505305,2ND,Wholesale,Purchase,9625.0,2025-05-30,21
82505309,NONCONFORMING,Wholesale,Purchase,198000.0,2025-05-29,20
82505310,NONCONFORMING,Wholesale,Refinance,258000.0,2025-06-10,32
82505311,FHA,Wholesale,Purchase,352128.0,2025-06-12,14
82505315,CONFORMING,Wholesale,Purchase,350000.0,2025-05-21,12
82505285,NONCONFORMING,Wholesale,Refinance,154000.0,2025-06-03,26
82505286,2ND,Wholesale,Refinance CashOut,125000.0,2025-06-20,43
82505287,NONCONFORMING,Wholesale,Refinance,600000.0,2025-05-28,20
82505288,FHA,Wholesale,Purchase,564525.0,2025-05-20,12
82505291,CONFORMING,Wholesale,Purchase,769500.0,2025-06-04,27
82505293,CONFORMING,Wholesale,Purchase,423000.0,2025-06-27,50
82505296,NONCONFORMING,Wholesale,Purchase,456000.0,2025-05-30,21
82505334,CONVENTIONAL BOND STD MI,Wholesale,Purchase,257050.0,2025-06-09,28
82505350,2ND,Wholesale,Refinance CashOut,300000.0,2025-07-08,57
82505357,NONCONFORMING,Wholesale,Purchase,360000.0,2025-06-13,32
82505360,NONCONFORMING,Wholesale,Purchase,954000.0,2025-06-02,21
82505337,NONCONFORMING,Wholesale,Refinance CashOut,185250.0,2025-06-12,31
82505340,NONCONFORMING,Wholesale,Refinance CashOut,1020000.0,2025-06-25,44
82505343,NONCONFORMING,Wholesale,Refinance CashOut,296250.0,2025-07-23,72
82505346,NONCONFORMING,Wholesale,Refinance CashOut,195000.0,2025-06-03,22
82505368,NONCONFORMING,Wholesale,Purchase,800000.0,2025-09-10,121
82505386,2ND,Wholesale,Refinance CashOut,500000.0,2025-08-11,90
82505388,NONCONFORMING,Wholesale,Purchase,348000.0,2025-05-30,17
82505390,NONCONFORMING,Wholesale,Refinance CashOut,242000.0,2025-07-11,53
82505391,ZERO INTEREST PROGRAM,Wholesale,Purchase,7950.0,2025-06-09,28
82505392,NONCONFORMING,Wholesale,Purchase,383920.0,2025-06-25,43
82505393,FHA,Wholesale,Purchase,381175.0,2025-06-10,28
82505394,NONCONFORMING,Wholesale,Purchase,544755.0,2025-06-26,44
82505395,NONCONFORMING,Wholesale,Refinance,244920.0,2025-06-30,48
82505396,FHA BOND,Wholesale,Purchase,463200.0,2025-06-12,29
82505398,2ND,Wholesale,Purchase,24000.0,2025-06-12,29
82505399,NONCONFORMING,Wholesale,Purchase,252000.0,2025-06-02,20
82505369,FHA BOND,Wholesale,Purchase,434153.0,2025-06-23,41
82505371,CONFORMING,Wholesale,Purchase,399200.0,2025-06-13,32
82505373,2ND,Wholesale,Refinance CashOut,263000.0,2025-07-23,71
82505374,NONCONFORMING,Wholesale,Refinance CashOut,1750000.0,2025-09-30,140
82505376,NONCONFORMING,Wholesale,Purchase,271933.0,2025-05-27,14
82505378,NONCONFORMING,Wholesale,Purchase,151500.0,2025-06-06,24
82505379,ZERO INTEREST PROGRAM,Wholesale,Purchase,15746.0,2025-06-23,41
82505380,NONCONFORMING,Wholesale,Purchase,372000.0,2025-06-03,21
62505381,2ND,Retail,Refinance CashOut,250000.0,2025-06-04,22
62505382,NONCONFORMING,Retail,Purchase,725000.0,2025-06-06,18
82505403,NONCONFORMING,Wholesale,Refinance CashOut,857400.0,2025-06-06,24
82505404,FHA BOND,Wholesale,Purchase,303975.0,2025-06-09,27
82505423,NONCONFORMING,Wholesale,Refinance CashOut,239400.0,2025-06-09,26
82505424,FHA,Wholesale,Purchase,649445.0,2025-06-26,43
82505425,NONCONFORMING,Wholesale,Purchase,192000.0,2025-06-12,29
82505429,NONCONFORMING,Wholesale,Purchase,1173600.0,2025-06-25,42
82505430,CONFORMING,Wholesale,Refinance CashOut,528750.0,2025-07-25,72
82505431,NONCONFORMING,Wholesale,Purchase,315000.0,2025-06-06,23
82505432,NONCONFORMING,Wholesale,Purchase,208250.0,2025-06-24,41
82505433,NONCONFORMING,Wholesale,Purchase,1038750.0,2025-06-12,29
82505405,2ND,Wholesale,Purchase,11025.0,2025-06-09,27
62505407,2ND,Retail,Refinance CashOut,239000.0,2025-06-16,27
82505413,NONCONFORMING,Wholesale,Purchase,224000.0,2025-06-04,21
82505419,NONCONFORMING,Wholesale,Refinance,397500.0,2025-06-30,47
82505437,NONCONFORMING,Wholesale,Purchase,220410.0,2025-06-02,18
82505440,NONCONFORMING,Wholesale,Purchase,364000.0,2025-05-30,15
82505441,NONCONFORMING,Wholesale,Refinance,124000.0,2025-07-09,55
82505443,FHA,Wholesale,Purchase,574175.0,2025-07-28,74
82505465,2ND,Wholesale,Refinance CashOut,150000.0,2025-06-13,29
82505470,NONCONFORMING,Wholesale,Purchase,384000.0,2025-06-12,28
82505473,NONCONFORMING,Wholesale,Purchase,284000.0,2025-06-12,28
82505476,FHA BOND,Wholesale,Purchase,313625.0,2025-06-13,29
82505478,2ND,Wholesale,Refinance CashOut,313000.0,2025-06-10,23
82505479,NONCONFORMING,Wholesale,Refinance CashOut,234000.0,2025-07-11,56
82505444,FHA BOND,Wholesale,Purchase,627250.0,2025-07-31,34
82505447,FHA,Wholesale,Purchase,463200.0,2025-06-04,20
82505451,NONCONFORMING,Wholesale,Refinance CashOut,504000.0,2025-06-11,27
82505453,NONCONFORMING,Wholesale,Refinance CashOut,549500.0,2025-09-15,123
82505456,NONCONFORMING,Wholesale,Purchase,630000.0,2025-06-13,29
82505461,2ND,Wholesale,Refinance CashOut,191200.0,2025-06-18,34
82505484,ZERO INTEREST PROGRAM,Wholesale,Purchase,11375.0,2025-06-13,29
82505485,FHA,Wholesale,Purchase,602160.0,2025-06-04,19
82505505,NONCONFORMING,Wholesale,Purchase,1004250.0,2025-06-16,31
82505507,2ND,Wholesale,Refinance CashOut,295000.0,2025-06-05,20
82511378,NONCONFORMING,Wholesale,Purchase,,2025-12-11,23
82507576,NONCONFORMING,Wholesale,Refinance,3262300.0,2025-08-18,24
82507579,2ND,Wholesale,Refinance CashOut,212000.0,2025-09-23,60
82507584,NONCONFORMING,Wholesale,Refinance,229849.0,2025-08-28,34
82507586,CONFORMING,Wholesale,Purchase,284000.0,2025-10-29,49
82507588,2ND,Wholesale,Refinance CashOut,233000.0,2025-10-01,66
82507589,NONCONFORMING,Wholesale,Purchase,500000.0,2025-08-15,18
82507600,NONCONFORMING,Wholesale,Refinance CashOut,875000.0,2025-08-29,32
82507601,NONCONFORMING,Wholesale,Purchase,3000000.0,2025-08-25,28
82507593,NONCONFORMING,Wholesale,Purchase,236000.0,2025-08-28,31
82507595,NONCONFORMING,Wholesale,Refinance CashOut,308750.0,2025-09-04,38
82507597,CONFORMING,Wholesale,Purchase,488750.0,2025-08-14,17
82507607,NONCONFORMING,Wholesale,Purchase,1200000.0,2025-08-11,14
62507608,NONCONFORMING,Retail,Purchase,740000.0,2025-08-14,16
82507615,NONCONFORMING,Wholesale,Purchase,393400.0,2025-08-19,21
82507616,FHA,Wholesale,Purchase,516275.0,2025-10-02,65
82507617,NONCONFORMING,Wholesale,Purchase,319992.0,2025-09-02,35
82507618,NONCONFORMING,Wholesale,Refinance CashOut,687400.0,2025-08-27,29
82511394,NONCONFORMING,Wholesale,Purchase,,2025-12-17,29
82507619,NONCONFORMING,Wholesale,Purchase,1256250.0,2025-09-03,36
82507623,NONCONFORMING,Wholesale,Refinance CashOut,280000.0,2025-09-11,44
62507628,FHA,Retail,Purchase,292110.0,2025-09-12,32
82507629,2ND,Wholesale,Refinance CashOut,125000.0,2025-08-28,30
82507631,NONCONFORMING,Wholesale,Purchase,448000.0,2025-08-20,22
82507633,NONCONFORMING,Wholesale,Refinance CashOut,350000.0,2025-09-17,50
82507634,2ND,Wholesale,Refinance CashOut,200000.0,2025-08-27,29
82507636,FHA,Wholesale,Purchase,370560.0,2025-10-16,79
82507639,NONCONFORMING,Wholesale,Purchase,332000.0,2025-08-21,23
82507641,NONCONFORMING,Wholesale,Refinance,947000.0,2025-09-15,48
82507646,2ND,Wholesale,Refinance CashOut,126000.0,2025-08-25,27
82507648,FHA,Wholesale,Purchase,994500.0,2025-10-01,64
82507649,2ND,Wholesale,Refinance CashOut,130000.0,2025-08-27,29
82507650,NONCONFORMING,Wholesale,Purchase,156800.0,2025-08-15,16
82507654,2ND,Wholesale,Refinance CashOut,248000.0,2025-08-26,27
82507657,2ND,Wholesale,Refinance CashOut,350000.0,2025-09-15,47
82507658,NONCONFORMING,Wholesale,Purchase,675000.0,2025-08-13,14
82507661,2ND,Wholesale,Refinance CashOut,269005.0,2025-08-21,22
82507662,NONCONFORMING,Wholesale,Refinance CashOut,520000.0,2025-09-08,40
82507663,NONCONFORMING,Wholesale,Purchase,363350.0,2025-08-20,21
82507670,NONCONFORMING,Wholesale,Refinance CashOut,182250.0,2025-08-06,7
82507672,NONCONFORMING,Wholesale,Purchase,252000.0,2025-09-05,36
82507673,NONCONFORMING,Wholesale,Purchase,1617291.0,2025-09-08,39
82507680,CONFORMING,Wholesale,Purchase,820000.0,2025-08-27,27
82507682,FHA,Wholesale,Purchase,299150.0,2025-09-09,40
82507684,NONCONFORMING,Wholesale,Purchase,300000.0,2025-08-26,26
82507687,NONCONFORMING,Wholesale,Refinance CashOut,150000.0,2025-10-20,81
82507689,CONFORMING,Wholesale,Purchase,717500.0,2025-08-28,28
82507692,NONCONFORMING,Wholesale,Refinance CashOut,760000.0,2025-08-18,18
82508007,NONCONFORMING,Wholesale,Refinance,480000.0,2025-08-28,27
82508008,NONCONFORMING,Wholesale,Refinance CashOut,174300.0,2025-09-17,47
82508013,NONCONFORMING,Wholesale,Purchase,524000.0,2025-08-15,14
82508016,2ND,Wholesale,Refinance CashOut,200000.0,2025-09-23,53
82508018,CONFORMING,Wholesale,Purchase,411075.0,2025-08-29,28
82508020,NONCONFORMING,Wholesale,Purchase,252000.0,2025-09-24,54
82508021,NONCONFORMING,Wholesale,Refinance CashOut,371000.0,2025-09-16,46
82508025,NONCONFORMING,Wholesale,Purchase,403750.0,2025-09-03,33
82508028,NONCONFORMING,Wholesale,Refinance,2900000.0,2025-09-19,49
82508029,FHA,Wholesale,Purchase,564525.0,2025-08-18,17
82508031,CONFORMING,Wholesale,Purchase,308400.0,2025-08-27,26
82508036,CONFORMING,Wholesale,Purchase,737200.0,2025-08-22,19
62508037,CONFORMING,Retail,Purchase,516800.0,2025-09-04,31
82508038,NONCONFORMING,Wholesale,Refinance CashOut,1800000.0,2025-09-08,35
82503513,NONCONFORMING,Wholesale,Refinance CashOut,393750.0,2025-05-15,50
82503517,NONCONFORMING,Wholesale,Purchase,494400.0,2025-04-25,30
82503519,NONCONFORMING,Wholesale,Purchase,1332000.0,2025-04-14,19
82503520,FHA,Wholesale,Purchase,260550.0,2025-04-28,33
82503524,NONCONFORMING,Wholesale,Purchase,588250.0,2025-04-21,26
62503525,NONCONFORMING,Retail,Refinance CashOut,315000.0,2025-09-29,182
82503526,NONCONFORMING,Wholesale,Purchase,920000.0,2025-05-16,50
82503528,CONFORMING,Wholesale,Purchase,883500.0,2025-05-28,62
82503529,NONCONFORMING,Wholesale,Purchase,388000.0,2025-04-07,11
82503503,NONCONFORMING,Wholesale,Refinance CashOut,456000.0,2025-06-04,70
82503504,NONCONFORMING,Wholesale,Refinance CashOut,113100.0,2025-04-23,28
62503505,NONCONFORMING,Retail,Refinance CashOut,602000.0,2025-04-29,34
82503509,NONCONFORMING,Wholesale,Purchase,340000.0,2025-04-18,23
82503530,NONCONFORMING,Wholesale,Refinance CashOut,1120000.0,2025-04-23,27
82503533,NONCONFORMING,Wholesale,Refinance,2373000.0,2025-05-13,47
62503549,CONFORMING,Retail,Purchase,232500.0,2025-05-21,26
82503550,NONCONFORMING,Wholesale,Purchase,222750.0,2025-04-28,32
82503551,2ND,Wholesale,Refinance CashOut,125000.0,2025-05-07,41
62503556,2ND,Retail,Refinance CashOut,148344.0,2025-05-07,36
82503559,2ND,Wholesale,Refinance CashOut,113000.0,2025-05-29,62
82503560,NONCONFORMING,Wholesale,Refinance,2812500.0,2025-04-29,32
82503535,NONCONFORMING,Wholesale,Purchase,980000.0,2025-04-29,33
82503536,2ND,Wholesale,Refinance CashOut,220003.0,2025-05-08,42
82503541,NONCONFORMING,Wholesale,Purchase,159000.0,2025-04-22,26
82503542,NONCONFORMING,Wholesale,Purchase,912000.0,2025-06-02,67
82503543,2ND,Wholesale,Refinance CashOut,125000.0,2025-05-02,36
82503546,2ND,Wholesale,Refinance CashOut,225000.0,2025-04-29,33
82503547,2ND,Wholesale,Refinance CashOut,222000.0,2025-04-28,32
82503562,NONCONFORMING,Wholesale,Purchase,408000.0,2025-08-14,37
82503564,2ND,Wholesale,Refinance CashOut,200000.0,2025-04-15,18
82503569,NONCONFORMING,Wholesale,Purchase,525000.0,2025-04-16,19
82503591,NONCONFORMING,Wholesale,Refinance CashOut,350000.0,2025-05-15,45
62503592,CONFORMING,Retail,Refinance CashOut,610000.0,2025-04-30,30
82503593,2ND,Wholesale,Refinance CashOut,150000.0,2025-04-28,28
82503597,FHA,Wholesale,Purchase,342575.0,2025-04-18,18
82503571,CONVENTIONAL BOND,Wholesale,Purchase,212000.0,2025-04-29,32
82503573,FHA BOND,Wholesale,Purchase,246075.0,2025-04-25,28
82503574,NONCONFORMING,Wholesale,Refinance CashOut,346400.0,2025-05-19,52
82503576,FHA,Wholesale,Purchase,554875.0,2025-06-20,22
82503578,ZERO INTEREST PROGRAM,Wholesale,Purchase,51200.0,2025-04-29,32
82503579,ZERO INTEREST PROGRAM,Wholesale,Purchase,6151.0,2025-04-25,28
82503580,ZERO INTEREST PROGRAM,Wholesale,Purchase,8925.0,2025-04-25,28
82503585,NONCONFORMING,Wholesale,Refinance,445000.0,2025-05-22,55
62503586,CONFORMING,Retail,Purchase,600915.0,2025-04-30,23
82503588,CONFORMING,Wholesale,Purchase,312825.0,2025-05-15,46
82503589,NONCONFORMING,Wholesale,Refinance CashOut,270000.0,2025-05-16,46
62503605,NONCONFORMING,Retail,Refinance CashOut,345000.0,2025-09-29,182
82503606,2ND,Wholesale,Refinance CashOut,400000.0,2025-04-24,24
82503607,NONCONFORMING,Wholesale,Purchase,378000.0,2025-04-25,25
82504008,FHA,Wholesale,Purchase,458375.0,2025-05-06,20
82504009,NONCONFORMING,Wholesale,Purchase,160000.0,2025-05-29,58
82504012,CONFORMING,Wholesale,Refinance,660000.0,2025-05-15,44
82504013,NONCONFORMING,Wholesale,Purchase,400000.0,2025-05-06,14
82504015,NONCONFORMING,Wholesale,Purchase,357000.0,2025-05-16,45
82504019,2ND,Wholesale,Refinance CashOut,161000.0,2025-05-02,31
82504022,2ND,Wholesale,Refinance CashOut,451000.0,2025-05-09,38
82503613,FHA,Wholesale,Purchase,362250.0,2025-06-02,63
82504000,NONCONFORMING,Wholesale,Refinance CashOut,225000.0,2025-06-23,83
82504007,NONCONFORMING,Wholesale,Refinance CashOut,700000.0,2025-04-28,27
82504025,FHA,Wholesale,Refinance CashOut,203500.0,2025-06-18,78
82504026,FHA,Wholesale,Purchase,463200.0,2025-04-28,27
82504037,CONFORMING,Wholesale,Purchase,807500.0,2025-04-24,22
82504039,NONCONFORMING,Wholesale,Refinance CashOut,162400.0,2025-05-29,57
82504041,NONCONFORMING,Wholesale,Purchase,421875.0,2025-05-12,40
82504042,NONCONFORMING,Wholesale,Refinance,484800.0,2025-05-07,35
82504043,NONCONFORMING,Wholesale,Purchase,485000.0,2025-04-11,9
82504028,NONCONFORMING,Wholesale,Purchase,604000.0,2025-04-24,23
82504031,CONFORMING,Wholesale,Purchase,183000.0,2025-05-02,21
82504032,2ND,Wholesale,Refinance CashOut,220000.0,2025-04-24,22
82504033,CONFORMING,Wholesale,Purchase,595000.0,2025-04-22,20
82504035,2ND,Wholesale,Refinance CashOut,300000.0,2025-04-29,27
82504036,NONCONFORMING,Wholesale,Purchase,421875.0,2025-05-16,44
82504046,FHA BOND,Wholesale,Purchase,279850.0,2025-06-03,25
82504047,2ND,Wholesale,Purchase,10150.0,2025-06-03,25
82504050,NONCONFORMING,Wholesale,Purchase,351000.0,2025-04-25,21
82504054,NONCONFORMING,Wholesale,Refinance,443300.0,2025-05-07,35
82504058,2ND,Wholesale,Refinance CashOut,175000.0,2025-05-06,34
82504060,NONCONFORMING,Wholesale,Purchase,556103.0,2025-05-01,29
82504076,CONFORMING,Wholesale,Purchase,574750.0,2025-04-24,21
82504077,VA,Wholesale,Purchase,300000.0,2025-04-29,26
82504078,NONCONFORMING,Wholesale,Refinance CashOut,825000.0,2025-04-22,19
82504080,2ND,Wholesale,Refinance CashOut,300000.0,2025-04-29,26
82504081,NONCONFORMING,Wholesale,Purchase,308000.0,2025-04-30,27
82504082,2ND,Wholesale,Refinance CashOut,165000.0,2025-05-07,34
82504083,NONCONFORMING,Wholesale,Purchase,217000.0,2025-04-29,26
82504085,NONCONFORMING,Wholesale,Refinance CashOut,706000.0,2025-05-09,36
82504062,FHA,Wholesale,Refinance,658519.0,2025-05-07,35
82504070,2ND,Wholesale,Refinance CashOut,500000.0,2025-05-08,35
82504072,VA,Wholesale,Purchase,710000.0,2025-07-01,89
62504074,2ND,Retail,Refinance CashOut,500000.0,2025-07-29,117
82508039,FHA,Wholesale,Refinance CashOut,513500.0,2025-09-02,29
62508045,NONCONFORMING,Retail,Refinance,128375.0,2025-09-10,37
82508040,NONCONFORMING,Wholesale,Purchase,380000.0,2025-09-12,39
82508046,NONCONFORMING,Wholesale,Purchase,664000.0,2025-08-27,23
82508047,NONCONFORMING,Wholesale,Purchase,996000.0,2025-08-21,17
82508051,VA,Wholesale,Purchase,461990.0,2025-10-16,28
62508053,2ND,Retail,Refinance CashOut,297308.0,2025-10-14,71
82508054,NONCONFORMING,Wholesale,Purchase,525000.0,2025-09-12,39
82508058,NONCONFORMING,Wholesale,Purchase,318750.0,2025-09-19,46
82508059,2ND,Wholesale,Refinance CashOut,236000.0,2025-09-05,32
82508061,NONCONFORMING,Wholesale,Refinance CashOut,224000.0,2025-10-06,63
82508063,NONCONFORMING,Wholesale,Purchase,483000.0,2025-09-16,43
82508064,NONCONFORMING,Wholesale,Refinance CashOut,155000.0,2025-09-11,38
82508066,2ND,Wholesale,Refinance CashOut,190000.0,2025-10-14,71
82508068,CONVENTIONAL BOND STD MI,Wholesale,Purchase,501750.0,2025-08-25,21
82508069,NONCONFORMING,Wholesale,Refinance CashOut,390000.0,2025-09-05,32
82508074,NONCONFORMING,Wholesale,Purchase,165000.0,2025-08-20,15
82508075,NONCONFORMING,Wholesale,Refinance CashOut,300000.0,2025-09-12,38
82508077,ZERO INTEREST PROGRAM,Wholesale,Purchase,133800.0,2025-08-25,21
82508078,FHA BOND,Wholesale,Purchase,525925.0,2025-09-23,49
82508080,NONCONFORMING,Wholesale,Purchase,682500.0,2025-09-03,29
82508083,2ND,Wholesale,Refinance CashOut,240330.0,2025-09-08,34
82508086,NONCONFORMING,Wholesale,Refinance CashOut,745500.0,2025-08-18,13
82508087,NONCONFORMING,Wholesale,Purchase,342392.0,2025-09-15,41
82508089,FHA BOND,Wholesale,Purchase,451620.0,2025-08-29,24
82508091,NONCONFORMING,Wholesale,Refinance,125400.0,2025-09-19,45
82508093,ZERO INTEREST PROGRAM,Wholesale,Purchase,16380.0,2025-08-29,24
82508094,CONFORMING,Wholesale,Purchase,321300.0,2025-08-22,17
82508522,FHA,Wholesale,Purchase,516275.0,2025-09-09,19
82508520,NONCONFORMING,Wholesale,Purchase,208000.0,2025-09-09,19
82508525,NONCONFORMING,Wholesale,Refinance CashOut,305500.0,2025-10-02,41
82508526,NONCONFORMING,Wholesale,Refinance CashOut,216000.0,2025-10-03,42
82508531,NONCONFORMING,Wholesale,Purchase,307752.0,2025-10-14,53
82508532,NONCONFORMING,Wholesale,Purchase,600000.0,2025-09-16,25
82508537,CONFORMING,Wholesale,Purchase,570000.0,2025-09-04,13
82508538,NONCONFORMING,Wholesale,Purchase,228750.0,2025-09-25,34
82508539,NONCONFORMING,Wholesale,Refinance CashOut,308000.0,2025-09-26,35
62508544,CONFORMING,Retail,Purchase,871200.0,2025-10-01,37
82508545,NONCONFORMING,Wholesale,Refinance,1002000.0,2025-09-25,34
82508548,NONCONFORMING,Wholesale,Refinance CashOut,300000.0,2025-10-10,47
82508550,2ND,Wholesale,Refinance CashOut,125000.0,2025-10-29,65
82508551,FHA,Wholesale,Purchase,481535.0,2025-09-18,24
82508553,NONCONFORMING,Wholesale,Purchase,527000.0,2025-09-08,14
82508555,NONCONFORMING,Wholesale,Purchase,258750.0,2025-09-09,15
82508558,2ND,Wholesale,Refinance CashOut,350000.0,2025-09-17,23
82508560,NONCONFORMING,Wholesale,Purchase,1320000.0,2025-09-26,32
82508562,NONCONFORMING,Wholesale,Purchase,663200.0,2025-09-12,18
82508568,2ND,Wholesale,Refinance CashOut,311000.0,2025-09-16,22
82508569,NONCONFORMING,Wholesale,Refinance CashOut,920000.0,2025-09-29,35
82508577,NONCONFORMING,Wholesale,Purchase,283500.0,2025-09-09,15
82508574,NONCONFORMING,Wholesale,Purchase,419948.0,2025-10-03,39
82508581,NONCONFORMING,Wholesale,Refinance CashOut,305700.0,2025-12-15,111
82508584,NONCONFORMING,Wholesale,Purchase,3000000.0,2025-09-15,20
82508604,FHA,Wholesale,Purchase,386000.0,2025-11-18,32
82508605,NONCONFORMING,Wholesale,Purchase,2000000.0,2025-10-23,58
82508610,NONCONFORMING,Wholesale,Purchase,251376.0,2025-09-22,27
82508611,NONCONFORMING,Wholesale,Purchase,569500.0,2025-09-30,35
82508612,2ND,Wholesale,Refinance CashOut,120000.0,2025-10-10,45
82508616,NONCONFORMING,Wholesale,Purchase,855000.0,2025-09-22,27
82508617,NONCONFORMING,Wholesale,Purchase,287000.0,2025-09-29,34
82508618,FHA,Wholesale,Purchase,738225.0,2025-09-19,24
82508621,NONCONFORMING,Wholesale,Purchase,300000.0,2025-10-01,35
82508622,2ND,Wholesale,Refinance CashOut,117817.0,2025-09-30,34
82508623,NONCONFORMING,Wholesale,Purchase,328000.0,2025-09-25,29
82508629,FHA,Wholesale,Purchase,173700.0,2025-09-19,23
62508630,2ND,Retail,Refinance CashOut,300000.0,2025-10-06,40
82508631,NONCONFORMING,Wholesale,Purchase,370000.0,2025-09-29,33
82508639,NONCONFORMING,Wholesale,Refinance CashOut,142500.0,2025-12-18,113
82508640,NONCONFORMING,Wholesale,Purchase,493000.0,2025-10-10,44
82508641,2ND,Wholesale,Refinance CashOut,156000.0,2025-11-07,72
82508643,FHA,Wholesale,Purchase,247039.0,2025-09-11,15
82508645,NONCONFORMING,Wholesale,Purchase,203000.0,2025-09-22,26
82508646,NONCONFORMING,Wholesale,Purchase,420000.0,2025-09-18,21
82508647,NONCONFORMING,Wholesale,Refinance CashOut,330000.0,2025-09-29,32
82508648,NONCONFORMING,Wholesale,Purchase,433500.0,2025-10-03,36
82508649,NONCONFORMING,Wholesale,Purchase,432000.0,2025-10-07,40
82508652,NONCONFORMING,Wholesale,Purchase,339380.0,2025-09-24,27
82508653,NONCONFORMING,Wholesale,Purchase,183000.0,2025-09-10,13
82508654,FHA,Wholesale,Purchase,202650.0,2025-10-22,36
82508656,CONFORMING,Wholesale,Purchase,500000.0,2025-09-26,29
82508658,CONFORMING,Wholesale,Purchase,673103.0,2025-09-17,20
82508661,CONFORMING,Wholesale,Purchase,535925.0,2025-10-21,33
82508662,NONCONFORMING,Wholesale,Purchase,272000.0,2025-09-23,26
82508664,NONCONFORMING,Wholesale,Refinance,1650000.0,2025-09-29,32
82508665,NONCONFORMING,Wholesale,Purchase,460000.0,2025-09-16,19
82508669,NONCONFORMING,Wholesale,Refinance,1092000.0,2025-09-24,27
82508671,NONCONFORMING,Wholesale,Purchase,331200.0,2025-09-29,32
82508673,2ND,Wholesale,Refinance CashOut,140540.0,2025-09-22,25
82508676,FHA,Wholesale,Purchase,319414.0,2025-10-03,36
82508677,NONCONFORMING,Wholesale,Purchase,312000.0,2025-09-30,32
82508680,2ND,Wholesale,Refinance CashOut,440434.0,2025-10-14,45
82508681,NONCONFORMING,Wholesale,Purchase,719110.0,2025-09-18,20
82508684,2ND,Wholesale,Refinance CashOut,100000.0,2025-10-14,46
82508685,NONCONFORMING,Wholesale,Purchase,281125.0,2025-09-25,27
82508686,CONFORMING,Wholesale,Refinance CashOut,395000.0,2025-11-24,87
82508687,CONFORMING,Wholesale,Purchase,663100.0,2025-09-19,21
82508688,NONCONFORMING,Wholesale,Purchase,237600.0,2025-09-29,31
82508689,2ND,Wholesale,Refinance CashOut,257500.0,2025-09-19,21
82508691,FHA,Wholesale,Purchase,328100.0,2025-09-17,19
82508694,2ND,Wholesale,Refinance CashOut,220000.0,2025-09-19,21
82508697,NONCONFORMING,Wholesale,Purchase,520000.0,2025-10-09,41
62508702,NONCONFORMING,Retail,Refinance,164000.0,2025-10-15,46
82509002,2ND,Wholesale,Refinance CashOut,250000.0,2025-11-21,81
82509008,FHA BOND,Wholesale,Purchase,545225.0,2025-10-07,35
82509010,NONCONFORMING,Wholesale,Purchase,2240000.0,2025-12-19,108
82509011,NONCONFORMING,Wholesale,Purchase,719920.0,2025-10-01,29
82509012,ZERO INTEREST PROGRAM,Wholesale,Purchase,10905.0,2025-10-07,35
82509015,NONCONFORMING,Wholesale,Purchase,822400.0,2025-09-19,17
82509017,NONCONFORMING,Wholesale,Purchase,684000.0,2025-09-23,21
82509022,NONCONFORMING,Wholesale,Purchase,261000.0,2025-09-30,28
82509024,NONCONFORMING,Wholesale,Purchase,196000.0,2025-10-10,38
82509025,NONCONFORMING,Wholesale,Refinance CashOut,250000.0,2025-10-20,48
82509026,NONCONFORMING,Wholesale,Refinance CashOut,389900.0,2025-10-16,44
82509028,2ND,Wholesale,Refinance CashOut,150000.0,2025-12-22,111
82509030,CONVENTIONAL BOND STD MI,Wholesale,Purchase,685000.0,2025-10-02,30
82511359,CONFORMING,Wholesale,Purchase,,2025-12-15,28
82504523,NONCONFORMING,Wholesale,Purchase,230000.0,2025-05-20,29
82504524,NONCONFORMING,Wholesale,Refinance CashOut,558350.0,2025-08-20,120
82504525,NONCONFORMING,Wholesale,Purchase,345000.0,2025-05-21,29
82504528,NONCONFORMING,Wholesale,Purchase,664000.0,2025-05-23,28
82504532,CONFORMING,Wholesale,Purchase,628900.0,2025-06-06,39
82504533,FHA,Wholesale,Purchase,556805.0,2025-06-20,59
82504534,CONVENTIONAL BOND STD MI,Wholesale,Purchase,488000.0,2025-05-09,17
82504504,2ND,Wholesale,Refinance CashOut,200000.0,2025-06-30,70
82504505,FHA,Wholesale,Purchase,308800.0,2025-06-10,50
82504506,2ND,Wholesale,Refinance CashOut,204000.0,2025-05-23,32
82504508,2ND,Wholesale,Refinance CashOut,130000.0,2025-05-27,36
82504510,2ND,Wholesale,Refinance CashOut,160000.0,2025-08-07,108
82504511,NONCONFORMING,Wholesale,Purchase,525000.0,2025-06-02,42
82504537,ZERO INTEREST PROGRAM,Wholesale,Purchase,122000.0,2025-05-09,17
82504539,NONCONFORMING,Wholesale,Refinance CashOut,310000.0,2025-06-18,57
82504552,NONCONFORMING,Wholesale,Refinance CashOut,1365000.0,2025-06-25,63
62504553,CONFORMING,Retail,Refinance CashOut,400000.0,2025-06-16,54
82504554,NONCONFORMING,Wholesale,Purchase,444000.0,2025-05-19,26
82504555,2ND,Wholesale,Refinance CashOut,180000.0,2025-07-14,82
82504556,NONCONFORMING,Wholesale,Refinance CashOut,1270000.0,2025-05-16,23
82504559,FHA BOND,Wholesale,Purchase,586720.0,2025-05-15,22
82504561,ZERO INTEREST PROGRAM,Wholesale,Purchase,21280.0,2025-05-15,22
82504540,NONCONFORMING,Wholesale,Purchase,423000.0,2025-05-16,24
82504542,HOME POSSIBLE,Wholesale,Purchase,494700.0,2025-05-09,17
82504546,2ND,Wholesale,Refinance CashOut,166000.0,2025-05-09,17
82504547,CONFORMING,Wholesale,Purchase,489555.0,2025-05-15,23
82504549,VA,Wholesale,Purchase,615000.0,2025-05-14,22
82504550,NONCONFORMING,Wholesale,Refinance,123750.0,2025-06-24,62
82504564,NONCONFORMING,Wholesale,Purchase,220000.0,2025-05-23,30
82504566,VA,Wholesale,Purchase,590000.0,2025-09-05,45
82504568,FHA,Wholesale,Purchase,448725.0,2025-05-12,19
82504570,FHA,Wholesale,Purchase,685150.0,2025-05-12,19
82504573,FHA,Wholesale,Refinance,449650.0,2025-06-10,48
82504591,NONCONFORMING,Wholesale,Refinance CashOut,150000.0,2025-05-20,26
82504596,NONCONFORMING,Wholesale,Purchase,1099200.0,2025-05-22,28
82504599,2ND,Wholesale,Refinance CashOut,360000.0,2025-05-27,33
82504578,NONCONFORMING,Wholesale,Refinance CashOut,650000.0,2025-05-23,30
82504580,NONCONFORMING,Wholesale,Refinance CashOut,161250.0,2025-05-19,26
82504581,NONCONFORMING,Wholesale,Purchase,183750.0,2025-05-19,26
82504582,NONCONFORMING,Wholesale,Purchase,175875.0,2025-05-19,26
82504583,FHA,Wholesale,Purchase,357050.0,2025-07-01,20
62504586,NONCONFORMING,Retail,Purchase,656000.0,2025-05-28,34
82504603,FHA,Wholesale,Purchase,313625.0,2025-05-27,33
82504605,NONCONFORMING,Wholesale,Purchase,560000.0,2025-05-23,29
82504607,FHA,Wholesale,Purchase,424551.0,2025-06-05,42
82504628,NONCONFORMING,Wholesale,Purchase,484000.0,2025-07-17,83
82504637,NONCONFORMING,Wholesale,Purchase,588000.0,2025-05-30,35
82504638,NONCONFORMING,Wholesale,Purchase,165000.0,2025-05-19,24
82504609,NONCONFORMING,Wholesale,Purchase,1360000.0,2025-05-28,34
82504611,NONCONFORMING,Wholesale,Refinance CashOut,204000.0,2025-05-20,26
82504613,CONFORMING,Wholesale,Purchase,760000.0,2025-06-05,42
82504675,NONCONFORMING,Wholesale,Refinance CashOut,119700.0,2025-06-24,54
82504677,NONCONFORMING,Wholesale,Refinance CashOut,477000.0,2025-05-22,24
82504682,NONCONFORMING,Wholesale,Refinance,444000.0,2025-05-30,32
82504683,NONCONFORMING,Wholesale,Refinance CashOut,477000.0,2025-05-22,24
82504660,NONCONFORMING,Wholesale,Purchase,203532.0,2025-05-19,21
82504663,NONCONFORMING,Wholesale,Refinance CashOut,149100.0,2025-07-17,80
82504665,NONCONFORMING,Wholesale,Purchase,139484.0,2025-06-12,45
82504672,CONFORMING,Wholesale,Purchase,319506.0,2025-05-29,24
82504673,FHA,Wholesale,Purchase,497264.0,2025-06-09,42
82504690,NONCONFORMING,Wholesale,Refinance CashOut,216750.0,2025-06-24,56
82504691,NONCONFORMING,Wholesale,Refinance CashOut,210000.0,2025-06-04,36
82504693,NONCONFORMING,Wholesale,Purchase,1084000.0,2025-06-05,37
82504694,NONCONFORMING,Wholesale,Purchase,337500.0,2025-06-06,38
82504719,NONCONFORMING,Wholesale,Refinance CashOut,1120000.0,2025-07-02,64
82504727,FHA BOND,Wholesale,Purchase,154400.0,2025-06-03,34
82504733,2ND,Wholesale,Purchase,9100.0,2025-06-03,34
62504734,NONCONFORMING,Retail,Refinance CashOut,270000.0,2025-05-30,29
82510276,FHA,Wholesale,Refinance,462312.0,2025-10-27,14
82510280,NONCONFORMING,Wholesale,Purchase,249108.0,2025-12-04,52
82510282,FHA BOND,Wholesale,Purchase,366700.0,2025-11-14,32
82510286,CONFORMING,Wholesale,Purchase,289750.0,2025-10-31,18
82510288,FHA,Wholesale,Refinance,585750.0,2025-11-14,32
82510289,2ND,Wholesale,Purchase,13300.0,2025-11-14,32
82510292,NONCONFORMING,Wholesale,Purchase,238000.0,2025-11-05,23
82510293,NONCONFORMING,Wholesale,Purchase,359029.0,2025-11-04,22
82510298,NONCONFORMING,Wholesale,Purchase,2784000.0,2025-12-11,58
82510299,NONCONFORMING,Wholesale,Purchase,303750.0,2025-11-12,28
82510300,NONCONFORMING,Wholesale,Refinance CashOut,295000.0,2025-11-07,24
82510302,NONCONFORMING,Wholesale,Purchase,260000.0,2025-11-06,23
82510303,2ND,Wholesale,Refinance CashOut,500000.0,2025-11-14,31
82510309,FHA BOND,Wholesale,Purchase,424600.0,2025-11-17,34
82510310,NONCONFORMING,Wholesale,Purchase,339920.0,2025-11-14,31
82510311,CONFORMING,Wholesale,Purchase,430000.0,2025-12-01,48
82510313,NONCONFORMING,Wholesale,Purchase,592000.0,2025-11-04,21
82510316,ZERO INTEREST PROGRAM,Wholesale,Purchase,8640.0,2025-11-17,34
82510319,CONVENTIONAL BOND STD MI,Wholesale,Purchase,420000.0,2025-11-18,35
82510321,NONCONFORMING,Wholesale,Refinance CashOut,459000.0,2025-11-17,34
82510325,NONCONFORMING,Wholesale,Refinance CashOut,417750.0,2025-12-08,55
82510326,FHA BOND,Wholesale,Purchase,424599.0,2025-11-14,31
82510327,NONCONFORMING,Wholesale,Refinance CashOut,391600.0,2025-11-25,42
82510328,NONCONFORMING,Wholesale,Purchase,536250.0,2025-10-29,15
82510332,2ND,Wholesale,Refinance CashOut,500000.0,2025-12-16,63
82510333,NONCONFORMING,Wholesale,Purchase,309312.0,2025-11-24,40
82510334,NONCONFORMING,Wholesale,Purchase,900000.0,2025-11-14,30
82510335,NONCONFORMING,Wholesale,Purchase,843750.0,2025-10-24,9
82510337,NONCONFORMING,Wholesale,Purchase,283447.0,2025-12-19,65
82510339,NONCONFORMING,Wholesale,Refinance CashOut,749000.0,2025-11-21,37
82510340,CONFORMING,Wholesale,Purchase,546250.0,2025-11-03,19
82510350,CONFORMING,Wholesale,Purchase,680000.0,2025-10-31,16
82510353,CONFORMING,Wholesale,Refinance CashOut,280000.0,2025-12-01,47
82510354,NONCONFORMING,Wholesale,Refinance CashOut,275000.0,2025-11-10,26
82510356,NONCONFORMING,Wholesale,Refinance CashOut,210800.0,2025-12-12,58
82510359,FHA,Wholesale,Purchase,418000.0,2025-11-06,22
82510362,NONCONFORMING,Wholesale,Purchase,216000.0,2025-11-18,34
82510364,ZERO INTEREST PROGRAM,Wholesale,Purchase,105000.0,2025-11-18,35
82510365,ZERO INTEREST PROGRAM,Wholesale,Purchase,15400.0,2025-11-17,34
82510342,ZERO INTEREST PROGRAM,Wholesale,Purchase,8640.0,2025-11-14,31
82510344,ZERO INTEREST PROGRAM,Wholesale,Purchase,15399.0,2025-11-14,31
82510345,NONCONFORMING,Wholesale,Purchase,1955000.0,2025-12-09,55
82510346,NONCONFORMING,Wholesale,Refinance CashOut,360000.0,2025-12-18,64
82510368,NONCONFORMING,Wholesale,Refinance CashOut,393000.0,2025-11-18,34
82510369,FHA,Wholesale,Refinance CashOut,170000.0,2025-11-21,37
82510373,NONCONFORMING,Wholesale,Purchase,262500.0,2025-10-29,14
82510374,NONCONFORMING,Wholesale,Purchase,1560000.0,2025-11-13,29
82510381,NONCONFORMING,Wholesale,Purchase,606400.0,2025-11-18,33
82510398,CONFORMING,Wholesale,Purchase,446200.0,2025-10-31,15
82510399,NONCONFORMING,Wholesale,Purchase,340792.0,2025-11-12,27
82510388,NONCONFORMING,Wholesale,Refinance CashOut,1095500.0,2025-12-05,50
82510396,NONCONFORMING,Wholesale,Purchase,218400.0,2025-11-06,21
82510397,FHA,Wholesale,Purchase,699625.0,2025-11-05,20
82510400,NONCONFORMING,Wholesale,Purchase,840000.0,2025-11-10,25
82510404,2ND,Wholesale,Refinance CashOut,850000.0,2025-12-03,47
82510407,NONCONFORMING,Wholesale,Purchase,800100.0,2025-11-19,33
82510410,NONCONFORMING,Wholesale,Purchase,1060000.0,2025-11-07,21
82510415,FHA,Wholesale,Purchase,395650.0,2025-12-12,56
82510416,NONCONFORMING,Wholesale,Refinance CashOut,297500.0,2025-12-30,74
82510418,NONCONFORMING,Wholesale,Refinance,1327500.0,2025-11-19,33
82510423,FHA,Wholesale,Purchase,337750.0,2025-11-03,17
82510432,NONCONFORMING,Wholesale,Purchase,280000.0,2025-11-10,24
82510438,NONCONFORMING,Wholesale,Purchase,340000.0,2025-12-17,51
82510442,CONFORMING,Wholesale,Purchase,494550.0,2025-11-12,23
82510444,NONCONFORMING,Wholesale,Purchase,531250.0,2025-11-06,17
82510449,NONCONFORMING,Wholesale,Purchase,1147500.0,2025-10-28,8
82510453,2ND,Wholesale,Refinance CashOut,315000.0,2025-11-10,21
82510454,NONCONFORMING,Wholesale,Purchase,1744000.0,2025-11-07,18
82510455,NONCONFORMING,Wholesale,Refinance CashOut,910000.0,2025-10-31,11
82510462,FHA BOND,Wholesale,Purchase,327135.0,2025-11-21,32
82510465,ZERO INTEREST PROGRAM,Wholesale,Purchase,6657.0,2025-11-21,32
82510466,ZERO INTEREST PROGRAM,Wholesale,Purchase,11865.0,2025-11-21,32
82510469,NONCONFORMING,Wholesale,Purchase,296000.0,2025-11-07,18
82510470,CONFORMING,Wholesale,Refinance,445000.0,2026-01-06,78
82510472,NONCONFORMING,Wholesale,Refinance CashOut,700000.0,2025-11-13,23
82510473,NONCONFORMING,Wholesale,Refinance CashOut,700000.0,2025-11-13,23
82510474,NONCONFORMING,Wholesale,Refinance CashOut,700000.0,2025-11-13,23
82510476,2ND,Wholesale,Refinance CashOut,125000.0,2025-11-19,29
82510477,NONCONFORMING,Wholesale,Refinance CashOut,425000.0,2025-11-07,17
82511390,NONCONFORMING,Wholesale,Purchase,,2025-12-19,31
82506142,FHA,Wholesale,Purchase,544260.0,2025-06-30,26
82506144,2ND,Wholesale,Refinance CashOut,250000.0,2025-08-12,69
82506174,NONCONFORMING,Wholesale,Purchase,2144000.0,2025-07-02,27
82506175,NONCONFORMING,Wholesale,Purchase,260000.0,2025-06-30,25
82506180,CONFORMING,Wholesale,Purchase,603250.0,2025-07-16,41
82506181,NONCONFORMING,Wholesale,Refinance CashOut,512000.0,2025-09-09,96
82506206,FHA,Wholesale,Purchase,540400.0,2025-08-08,31
82506207,NONCONFORMING,Wholesale,Purchase,661000.0,2025-06-30,24
82506209,2ND,Wholesale,Refinance CashOut,125000.0,2025-07-21,45
82506210,2ND,Wholesale,Refinance CashOut,210000.0,2025-06-23,17
82506212,CONFORMING,Wholesale,Refinance,485000.0,2025-07-28,52
82506213,CONFORMING,Wholesale,Purchase,193030.0,2025-07-01,25
82506214,NONCONFORMING,Wholesale,Refinance CashOut,215400.0,2025-07-03,27
82506217,NONCONFORMING,Wholesale,Refinance CashOut,350000.0,2025-08-14,69
82506230,NONCONFORMING,Wholesale,Refinance CashOut,300000.0,2025-08-14,66
82506182,NONCONFORMING,Wholesale,Refinance CashOut,371250.0,2025-07-21,46
82506183,NONCONFORMING,Wholesale,Refinance,184800.0,2025-08-21,77
82506184,NONCONFORMING,Wholesale,Purchase,227250.0,2025-07-03,27
82506186,FHA,Wholesale,Purchase,653305.0,2025-07-02,26
82506197,CONFORMING,Wholesale,Purchase,225000.0,2025-08-01,46
82506198,CONFORMING,Wholesale,Purchase,660000.0,2025-07-18,42
82506200,NONCONFORMING,Wholesale,Purchase,222705.0,2025-07-03,27
82506204,NONCONFORMING,Wholesale,Purchase,520000.0,2025-07-11,35
82506251,NONCONFORMING,Wholesale,Purchase,1800000.0,2025-06-24,15
82506252,NONCONFORMING,Wholesale,Refinance CashOut,318500.0,2025-08-14,66
82506253,FHA,Wholesale,Purchase,289500.0,2025-07-18,39
82506254,NONCONFORMING,Wholesale,Purchase,468000.0,2025-07-11,32
82506256,FHA,Wholesale,Refinance,463185.0,2025-06-27,18
82506260,NONCONFORMING,Wholesale,Refinance CashOut,468750.0,2025-09-10,92
82506262,2ND,Wholesale,Refinance CashOut,500000.0,2025-07-02,22
82506263,NONCONFORMING,Wholesale,Purchase,1000000.0,2025-07-14,34
82506265,CONFORMING,Wholesale,Purchase,552900.0,2025-06-30,20
82506234,NONCONFORMING,Wholesale,Purchase,244000.0,2025-07-02,23
82506241,2ND,Wholesale,Refinance CashOut,750000.0,2025-08-28,80
62506290,CONFORMING,Retail,Purchase,236000.0,2025-07-15,29
82506292,NONCONFORMING,Wholesale,Refinance CashOut,480000.0,2025-07-15,34
82506293,NONCONFORMING,Wholesale,Purchase,458400.0,2025-07-09,28
82506298,FHA,Wholesale,Purchase,349812.0,2025-06-30,19
82506299,FHA BOND,Wholesale,Purchase,496975.0,2025-07-03,22
82506300,NONCONFORMING,Wholesale,Refinance,1330000.0,2025-07-10,29
82506301,NONCONFORMING,Wholesale,Refinance CashOut,580000.0,2025-07-16,35
62506273,CONFORMING,Retail,Purchase,511200.0,2025-07-29,27
82506274,FHA,Wholesale,Purchase,436180.0,2025-06-30,20
82506275,FHA,Wholesale,Purchase,443900.0,2025-07-23,43
82506279,NONCONFORMING,Wholesale,Purchase,255000.0,2025-07-24,44
82506280,CONFORMING,Wholesale,Refinance CashOut,450000.0,2025-07-09,29
82506283,NONCONFORMING,Wholesale,Refinance CashOut,308000.0,2025-07-10,30
82506285,NONCONFORMING,Wholesale,Purchase,528805.0,2025-07-31,51
82506287,NONCONFORMING,Wholesale,Refinance,1120000.0,2025-07-25,44
82506303,2ND,Wholesale,Refinance CashOut,385000.0,2025-09-09,88
82506305,CONFORMING,Wholesale,Purchase,145500.0,2025-07-10,29
82506306,HOMEREADY,Wholesale,Purchase,232000.0,2025-07-29,48
62506325,2ND,Retail,Refinance CashOut,269000.0,2025-07-30,47
82506327,NONCONFORMING,Wholesale,Purchase,1120800.0,2025-07-15,33
82506331,CONFORMING,Wholesale,Purchase,746400.0,2025-07-03,21
82506333,NONCONFORMING,Wholesale,Refinance CashOut,1560000.0,2025-07-25,43
82506334,NONCONFORMING,Wholesale,Purchase,580600.0,2025-07-03,21
82506308,FHA,Wholesale,Purchase,516865.0,2025-07-11,30
82506312,ZERO INTEREST PROGRAM,Wholesale,Purchase,18025.0,2025-07-03,22
82506313,NONCONFORMING,Wholesale,Purchase,217000.0,2025-07-14,33
82506317,NONCONFORMING,Wholesale,Purchase,618560.0,2025-07-21,39
82506319,NONCONFORMING,Wholesale,Purchase,308000.0,2025-06-30,18
82506321,NONCONFORMING,Wholesale,Refinance,458000.0,2025-08-20,69
82506322,2ND,Wholesale,Refinance CashOut,200000.0,2025-07-14,32
82506323,NONCONFORMING,Wholesale,Purchase,938800.0,2025-07-14,32
82506324,NONCONFORMING,Wholesale,Purchase,548000.0,2025-07-07,25
82506363,NONCONFORMING,Wholesale,Purchase,760000.0,2025-07-21,38
82506364,ZERO INTEREST PROGRAM,Wholesale,Purchase,14850.0,2025-07-17,34
82506365,NONCONFORMING,Wholesale,Refinance CashOut,575000.0,2025-09-25,104
82506367,NONCONFORMING,Wholesale,Purchase,620000.0,2025-07-09,26
82506370,NONCONFORMING,Wholesale,Purchase,712000.0,2025-07-08,23
82506373,NONCONFORMING,Wholesale,Refinance CashOut,200000.0,2025-07-14,28
82506375,NONCONFORMING,Wholesale,Purchase,732000.0,2025-07-16,30
82506376,FHA,Wholesale,Purchase,752700.0,2025-07-11,25
82506347,NONCONFORMING,Wholesale,Purchase,1003000.0,2025-07-11,28
82506348,NONCONFORMING,Wholesale,Purchase,288750.0,2025-06-30,17
82506354,NONCONFORMING,Wholesale,Purchase,577900.0,2025-07-23,40
82506355,CONFORMING,Wholesale,Purchase,806000.0,2025-07-14,31
82506356,2ND,Wholesale,Refinance CashOut,100000.0,2025-07-10,27
82506357,CONVENTIONAL BOND STD MI,Wholesale,Purchase,480150.0,2025-07-17,34
82506359,NONCONFORMING,Wholesale,Refinance,716800.0,2025-07-28,45
82506361,2ND,Wholesale,Refinance CashOut,495500.0,2025-07-07,24
82506379,2ND,Wholesale,Refinance CashOut,130000.0,2025-07-16,30
82506397,NONCONFORMING,Wholesale,Purchase,388000.0,2025-07-14,27
82506404,NONCONFORMING,Wholesale,Purchase,195000.0,2025-07-15,28
82506405,CONFORMING,Wholesale,Purchase,600000.0,2025-07-14,27
82506406,2ND,Wholesale,Refinance CashOut,217800.0,2025-07-01,14
82511362,CONFORMING,Wholesale,Purchase,,2025-12-22,35
82506644,NONCONFORMING,Wholesale,Purchase,192500.0,2025-08-22,56
82506645,NONCONFORMING,Wholesale,Refinance CashOut,182000.0,2025-09-08,73
82506646,ZERO INTEREST PROGRAM,Wholesale,Purchase,9625.0,2025-08-13,47
82506616,CONVENTIONAL BOND STD MI,Wholesale,Purchase,315250.0,2025-07-18,22
82506617,ZERO INTEREST PROGRAM,Wholesale,Purchase,9750.0,2025-07-18,22
82506618,NONCONFORMING,Wholesale,Refinance CashOut,290000.0,2025-08-08,43
82506624,NONCONFORMING,Wholesale,Purchase,249592.0,2025-08-05,40
82506629,FHA,Wholesale,Purchase,323275.0,2025-07-17,21
82506636,NONCONFORMING,Wholesale,Purchase,216000.0,2025-07-22,25
82506638,FHA BOND,Wholesale,Purchase,265000.0,2025-08-13,47
82506642,2ND,Wholesale,Refinance CashOut,590900.0,2025-08-08,42
82506643,NONCONFORMING,Wholesale,Purchase,819000.0,2025-08-04,38
82506674,NONCONFORMING,Wholesale,Purchase,661500.0,2025-07-21,21
82506680,FHA BOND,Wholesale,Purchase,275025.0,2025-08-22,53
62506681,NONCONFORMING,Retail,Refinance CashOut,630000.0,2025-08-18,49
82506652,NONCONFORMING,Wholesale,Purchase,628000.0,2025-07-25,28
82506653,FHA BOND,Wholesale,Purchase,386000.0,2025-07-22,25
82506654,2ND,Wholesale,Purchase,32500.0,2025-07-31,34
82506657,NONCONFORMING,Wholesale,Purchase,192000.0,2025-07-30,33
82506659,ZERO INTEREST PROGRAM,Wholesale,Purchase,14000.0,2025-07-22,25
82506660,NONCONFORMING,Wholesale,Refinance CashOut,217750.0,2025-07-17,19
82506662,NONCONFORMING,Wholesale,Refinance CashOut,273750.0,2025-10-09,101
82506664,NONCONFORMING,Wholesale,Refinance CashOut,298500.0,2025-07-24,24
82506668,NONCONFORMING,Wholesale,Purchase,412000.0,2025-07-31,31
82506704,CONFORMING,Wholesale,Refinance CashOut,260000.0,2025-07-29,29
62506705,2ND,Retail,Refinance CashOut,270800.0,2025-08-26,56
62507000,2ND,Retail,Refinance CashOut,240250.0,2025-08-27,57
82507003,NONCONFORMING,Wholesale,Purchase,403920.0,2025-07-23,22
82507007,CONFORMING,Wholesale,Purchase,500000.0,2025-07-21,20
82507010,NONCONFORMING,Wholesale,Refinance CashOut,189000.0,2025-08-12,42
82507011,NONCONFORMING,Wholesale,Refinance CashOut,1150000.0,2025-07-17,16
82506684,FHA,Wholesale,Purchase,635935.0,2025-07-29,29
82506685,NONCONFORMING,Wholesale,Purchase,1896000.0,2025-07-22,22
82506688,ZERO INTEREST PROGRAM,Wholesale,Purchase,6995.0,2025-08-22,53
82506689,ZERO INTEREST PROGRAM,Wholesale,Purchase,9975.0,2025-08-22,53
62506690,NONCONFORMING,Retail,Refinance CashOut,940000.0,2025-08-26,56
82506691,NONCONFORMING,Wholesale,Purchase,1910000.0,2025-07-21,21
82506694,NONCONFORMING,Wholesale,Purchase,640000.0,2025-08-06,37
82506695,CONFORMING,Wholesale,Purchase,213750.0,2025-07-28,28
82506696,2ND,Wholesale,Refinance CashOut,309582.0,2025-07-29,28
82506698,NONCONFORMING,Wholesale,Purchase,317680.0,2025-07-23,23
82506699,NONCONFORMING,Wholesale,Refinance CashOut,593000.0,2025-08-11,42
82506700,CONFORMING,Wholesale,Purchase,988900.0,2025-07-30,30
82507038,FHA,Wholesale,Purchase,660250.0,2025-07-29,28
82507046,CONFORMING,Wholesale,Refinance CashOut,200000.0,2025-08-04,33
82507048,NONCONFORMING,Wholesale,Purchase,660000.0,2025-07-21,19
82507049,NONCONFORMING,Wholesale,Purchase,390000.0,2025-07-24,22
82507014,FHA,Wholesale,Purchase,439075.0,2025-08-15,18
82507015,NONCONFORMING,Wholesale,Purchase,488000.0,2025-07-25,24
82507018,NONCONFORMING,Wholesale,Purchase,227254.0,2025-07-23,22
82507019,FHA,Wholesale,Purchase,246075.0,2025-07-23,22
82507022,CONFORMING,Wholesale,Purchase,765000.0,2025-07-25,24
62507023,NONCONFORMING,Retail,Purchase,352800.0,2025-07-21,20
82507029,NONCONFORMING,Wholesale,Purchase,1000000.0,2025-07-21,20
82507063,NONCONFORMING,Wholesale,Purchase,400000.0,2025-07-25,23
82507068,NONCONFORMING,Wholesale,Purchase,186675.0,2025-08-08,37
82507073,NONCONFORMING,Wholesale,Purchase,307500.0,2025-09-08,67
82507076,NONCONFORMING,Wholesale,Purchase,733600.0,2025-08-14,42
82507081,FHA,Wholesale,Purchase,347400.0,2025-08-18,28
82507052,CONFORMING,Wholesale,Purchase,900000.0,2025-09-08,19
82507056,NONCONFORMING,Wholesale,Refinance CashOut,300000.0,2025-08-05,34
82507057,FHA,Wholesale,Purchase,347400.0,2025-08-05,34
82507059,2ND,Wholesale,Refinance CashOut,300000.0,2025-08-01,30
82507060,FHA,Wholesale,Purchase,270200.0,2025-07-29,27
82507061,NONCONFORMING,Wholesale,Purchase,500000.0,2025-07-30,28
82507085,NONCONFORMING,Wholesale,Purchase,840000.0,2025-07-22,19
82507087,NONCONFORMING,Wholesale,Refinance CashOut,400000.0,2025-07-18,15
82507088,2ND,Wholesale,Refinance CashOut,365000.0,2025-08-06,34
82507104,NONCONFORMING,Wholesale,Purchase,613070.0,2025-08-12,39
82507089,NONCONFORMING,Wholesale,Purchase,490000.0,2025-08-07,35
82507091,FHA,Wholesale,Purchase,475200.0,2025-07-23,20
82507095,NONCONFORMING,Wholesale,Purchase,908000.0,2025-07-28,25
82507096,NONCONFORMING,Wholesale,Purchase,1140000.0,2025-07-30,27
82507097,NONCONFORMING,Wholesale,Purchase,472000.0,2025-07-25,22
82507102,NONCONFORMING,Wholesale,Purchase,382500.0,2025-07-25,22
82507103,NONCONFORMING,Wholesale,Refinance CashOut,386000.0,2025-08-06,34
82507109,FHA BOND,Wholesale,Purchase,284675.0,2025-07-31,24
82507132,NONCONFORMING,Wholesale,Refinance CashOut,1950000.0,2025-08-07,31
82507112,ZERO INTEREST PROGRAM,Wholesale,Purchase,10325.0,2025-07-31,24
82507114,NONCONFORMING,Wholesale,Purchase,436000.0,2025-08-20,44
82507116,NONCONFORMING,Wholesale,Refinance CashOut,980000.0,2025-07-25,18
82507118,FHA,Wholesale,Purchase,337750.0,2025-07-28,21
82507119,2ND,Wholesale,Refinance CashOut,200000.0,2025-08-04,28
82507120,2ND,Wholesale,Refinance CashOut,119232.0,2025-07-29,22
82508307,NONCONFORMING,Wholesale,Refinance CashOut,930000.0,2025-09-10,27
82508309,NONCONFORMING,Wholesale,Purchase,301499.0,2025-09-12,29
82508313,2ND,Wholesale,Refinance CashOut,125000.0,2025-09-04,21
82508314,NONCONFORMING,Wholesale,Purchase,540400.0,2025-09-16,33
82508316,NONCONFORMING,Wholesale,Refinance CashOut,119350.0,2025-11-18,96
82508317,NONCONFORMING,Wholesale,Purchase,716000.0,2025-09-12,29
82508318,NONCONFORMING,Wholesale,Refinance CashOut,167500.0,2025-09-19,36
82508328,2ND,Wholesale,Refinance CashOut,350000.0,2025-09-18,35
82508329,CONVENTIONAL BOND STD MI,Wholesale,Purchase,674586.0,2025-10-03,50
82508330,ZERO INTEREST PROGRAM,Wholesale,Purchase,20237.0,2025-10-03,50
82508332,FHA,Wholesale,Purchase,231600.0,2025-09-16,33
82508333,NONCONFORMING,Wholesale,Purchase,340000.0,2025-08-29,15
82508334,NONCONFORMING,Wholesale,Purchase,918000.0,2025-09-12,29
82508335,NONCONFORMING,Wholesale,Purchase,510000.0,2025-09-24,41
82508336,ZERO INTEREST PROGRAM,Wholesale,Purchase,20863.0,2025-10-03,50
82508338,2ND,Wholesale,Refinance CashOut,215000.0,2025-09-15,32
82508343,NONCONFORMING,Wholesale,Purchase,256000.0,2025-09-19,35
82508359,NONCONFORMING,Wholesale,Refinance CashOut,860250.0,2025-09-18,34
82508360,NONCONFORMING,Wholesale,Refinance CashOut,565000.0,2025-10-10,56
82508362,NONCONFORMING,Wholesale,Purchase,279000.0,2025-10-20,66
82508365,NONCONFORMING,Wholesale,Purchase,536000.0,2025-09-10,26
82508366,2ND,Wholesale,Refinance CashOut,207300.0,2025-09-22,38
82508369,FHA BOND,Wholesale,Purchase,882975.0,2025-09-12,28
82508370,ZERO INTEREST PROGRAM,Wholesale,Purchase,32025.0,2025-09-12,28
82508372,CONVENTIONAL BOND STD MI,Wholesale,Purchase,509250.0,2025-10-17,25
82508349,NONCONFORMING,Wholesale,Purchase,1139256.0,2025-09-25,41
82508352,NONCONFORMING,Wholesale,Purchase,420000.0,2025-09-05,21
82508375,NONCONFORMING,Wholesale,Purchase,440000.0,2025-10-14,60
82508376,ZERO INTEREST PROGRAM,Wholesale,Purchase,12731.0,2025-10-17,25
82508374,NONCONFORMING,Wholesale,Purchase,834000.0,2025-09-09,25
82508381,NONCONFORMING,Wholesale,Purchase,247500.0,2025-09-08,23
82508382,NONCONFORMING,Wholesale,Purchase,445250.0,2025-09-12,27
82508383,NONCONFORMING,Wholesale,Purchase,200000.0,2025-09-30,45
82508384,FHA,Wholesale,Purchase,530750.0,2025-09-30,44
82508385,NONCONFORMING,Wholesale,Refinance,281250.0,2025-10-23,67
82508394,FHA,Wholesale,Purchase,506528.0,2025-09-11,24
82508395,FHA BOND,Wholesale,Purchase,372490.0,2025-09-10,23
82508396,ZERO INTEREST PROGRAM,Wholesale,Purchase,13510.0,2025-09-10,23
82508398,NONCONFORMING,Wholesale,Purchase,680000.0,2025-09-11,24
82508399,2ND,Wholesale,Refinance CashOut,400000.0,2025-09-12,25
62508400,NONCONFORMING,Retail,Purchase,204000.0,2025-09-30,20
82508401,ZERO INTEREST PROGRAM,Wholesale,Purchase,15750.0,2025-10-17,25
82508403,NONCONFORMING,Wholesale,Purchase,187000.0,2025-09-23,36
82508404,NONCONFORMING,Wholesale,Purchase,1237500.0,2025-10-08,51
82508406,NONCONFORMING,Wholesale,Refinance CashOut,400000.0,2025-09-23,36
82508411,NONCONFORMING,Wholesale,Refinance CashOut,3000000.0,2025-09-17,30
82508425,NONCONFORMING,Wholesale,Refinance CashOut,550000.0,2025-10-10,52
82508426,NONCONFORMING,Wholesale,Refinance,642995.0,2025-09-17,29
82508430,CONFORMING,Wholesale,Purchase,502312.0,2025-09-10,22
82508433,NONCONFORMING,Wholesale,Purchase,247500.0,2025-09-22,34
82508435,NONCONFORMING,Wholesale,Refinance,1152000.0,2025-09-08,20
82508439,NONCONFORMING,Wholesale,Purchase,1035000.0,2025-09-16,28
62508440,NONCONFORMING,Retail,Purchase,1440000.0,2025-09-15,17
82508441,FHA,Wholesale,Purchase,308800.0,2025-09-08,20
82508443,CONFORMING,Wholesale,Purchase,655000.0,2025-09-15,27
82508445,CONFORMING,Wholesale,Purchase,427500.0,2025-09-10,22
82508446,NONCONFORMING,Wholesale,Purchase,472500.0,2025-10-15,57
82508447,CONFORMING,Wholesale,Purchase,498750.0,2025-11-06,79
82508449,CONFORMING,Wholesale,Purchase,736230.0,2025-09-03,15
82508450,NONCONFORMING,Wholesale,Purchase,1016250.0,2025-09-09,21
82508453,NONCONFORMING,Wholesale,Purchase,279992.0,2025-09-22,34
82508456,2ND,Wholesale,Refinance CashOut,175000.0,2025-10-20,62
82508458,NONCONFORMING,Wholesale,Refinance CashOut,315000.0,2025-09-24,36
82508464,NONCONFORMING,Wholesale,Purchase,503750.0,2025-09-12,23
82508465,NONCONFORMING,Wholesale,Purchase,490000.0,2025-09-29,40
82508469,2ND,Wholesale,Refinance CashOut,278000.0,2025-09-22,33
82508474,NONCONFORMING,Wholesale,Purchase,344000.0,2025-09-11,22
82508475,FHA BOND,Wholesale,Purchase,496975.0,2025-09-30,41
82508476,FHA,Wholesale,Purchase,337750.0,2025-09-05,16
82508477,2ND,Wholesale,Purchase,25750.0,2025-09-30,41
82508479,NONCONFORMING,Wholesale,Purchase,392000.0,2025-09-11,22
82508480,NONCONFORMING,Wholesale,Purchase,384000.0,2025-09-12,23
82508482,NONCONFORMING,Wholesale,Refinance,533000.0,2025-10-15,56
82508485,NONCONFORMING,Wholesale,Refinance CashOut,230250.0,2025-08-25,5
82508487,CONFORMING,Wholesale,Purchase,745500.0,2025-10-03,44
82508493,NONCONFORMING,Wholesale,Purchase,336000.0,2025-08-29,9
82508495,NONCONFORMING,Wholesale,Refinance,735000.0,2025-10-31,72
82508496,NONCONFORMING,Wholesale,Purchase,806250.0,2025-09-29,39
82508498,NONCONFORMING,Wholesale,Refinance CashOut,900000.0,2025-10-14,54
62508499,NONCONFORMING,Retail,Purchase,326250.0,2025-09-18,28
82508501,NONCONFORMING,Wholesale,Purchase,824000.0,2025-09-19,29
82508510,NONCONFORMING,Wholesale,Refinance CashOut,405300.0,2025-10-22,62
82508515,NONCONFORMING,Wholesale,Refinance CashOut,465000.0,2025-10-30,70
82508519,NONCONFORMING,Wholesale,Purchase,287000.0,2025-09-22,32
82508506,FHA,Wholesale,Purchase,496010.0,2025-09-12,22
82508508,NONCONFORMING,Wholesale,Purchase,353600.0,2025-09-08,18
82505508,NONCONFORMING,Wholesale,Purchase,852000.0,2025-06-05,20
82505491,CONVENTIONAL BOND STD MI,Wholesale,Purchase,600000.0,2025-06-26,41
82505492,NONCONFORMING,Wholesale,Purchase,165000.0,2025-06-05,20
82505494,ZERO INTEREST PROGRAM,Wholesale,Purchase,150000.0,2025-06-26,41
82505495,NONCONFORMING,Wholesale,Purchase,625000.0,2025-06-16,31
82505502,CONFORMING,Wholesale,Purchase,477375.0,2025-12-31,229
82505529,NONCONFORMING,Wholesale,Refinance CashOut,399700.0,2025-07-09,51
82505553,NONCONFORMING,Wholesale,Refinance CashOut,556800.0,2025-07-24,65
82505554,NONCONFORMING,Wholesale,Purchase,2200000.0,2025-06-24,35
82505555,FHA,Wholesale,Purchase,450491.0,2025-08-06,78
82505556,NONCONFORMING,Wholesale,Refinance,591500.0,2025-06-17,28
82505557,NONCONFORMING,Wholesale,Purchase,268100.0,2025-06-12,23
82505559,FHA,Wholesale,Purchase,645000.0,2025-06-30,41
82505561,NONCONFORMING,Wholesale,Refinance CashOut,240000.0,2025-07-21,62
82505537,NONCONFORMING,Wholesale,Purchase,320000.0,2025-06-25,37
82505539,2ND,Wholesale,Refinance CashOut,200000.0,2025-07-07,49
82505540,NONCONFORMING,Wholesale,Purchase,298000.0,2025-06-06,18
82505542,FHA,Wholesale,Purchase,313625.0,2025-06-13,25
82505543,NONCONFORMING,Wholesale,Purchase,1360000.0,2025-06-16,28
82505545,FHA,Wholesale,Purchase,279850.0,2025-06-09,21
82505547,NONCONFORMING,Wholesale,Purchase,558000.0,2025-07-14,56
82505565,CONVENTIONAL BOND STD MI,Wholesale,Purchase,407400.0,2025-06-12,23
82505566,VA,Wholesale,Purchase,638000.0,2025-07-09,50
82505568,NONCONFORMING,Wholesale,Refinance CashOut,810000.0,2025-06-09,20
82505569,NONCONFORMING,Wholesale,Purchase,304000.0,2025-06-18,29
82505570,NONCONFORMING,Wholesale,Purchase,735000.0,2025-06-24,35
82505571,FHA,Wholesale,Purchase,482403.0,2025-06-17,28
82505588,NONCONFORMING,Wholesale,Refinance CashOut,900000.0,2025-06-17,27
82505589,NONCONFORMING,Wholesale,Purchase,1500000.0,2025-06-18,28
82505590,FHA,Wholesale,Purchase,1136770.0,2025-06-24,34
82505600,NONCONFORMING,Wholesale,Refinance CashOut,1100000.0,2025-06-24,34
82505601,FHA,Wholesale,Purchase,299150.0,2025-07-03,43
82505572,NONCONFORMING,Wholesale,Purchase,239920.0,2025-06-20,31
82505574,2ND,Wholesale,Refinance CashOut,415000.0,2025-07-28,69
82505575,NONCONFORMING,Wholesale,Refinance CashOut,290000.0,2025-07-08,49
82505578,ZERO INTEREST PROGRAM,Wholesale,Purchase,12600.0,2025-06-12,23
82505580,NONCONFORMING,Wholesale,Refinance,308000.0,2025-07-02,42
82505586,NONCONFORMING,Wholesale,Refinance CashOut,186000.0,2025-07-18,58
82505626,FHA,Wholesale,Purchase,412055.0,2025-06-25,34
82505627,NONCONFORMING,Wholesale,Purchase,442000.0,2025-06-25,34
82505628,FHA,Wholesale,Purchase,688500.0,2025-06-13,22
82505630,CONFORMING,Wholesale,Purchase,292500.0,2025-06-25,34
82505631,ZERO INTEREST PROGRAM,Wholesale,Purchase,13300.0,2025-06-27,36
82505633,CONFORMING,Wholesale,Refinance CashOut,515000.0,2025-07-11,50
82505635,VA,Wholesale,Purchase,340000.0,2025-07-17,56
82505637,NONCONFORMING,Wholesale,Purchase,268000.0,2025-06-20,29
82505605,NONCONFORMING,Wholesale,Refinance CashOut,291000.0,2025-08-11,82
82505606,FHA BOND,Wholesale,Purchase,501800.0,2025-07-22,62
82505607,ZERO INTEREST PROGRAM,Wholesale,Purchase,18200.0,2025-07-22,62
82505616,FHA,Wholesale,Purchase,458375.0,2025-06-12,21
82505617,FHA,Wholesale,Purchase,501800.0,2025-06-16,25
82505621,NONCONFORMING,Wholesale,Refinance,679500.0,2025-08-14,84
82505625,FHA BOND,Wholesale,Purchase,366700.0,2025-06-27,36
82505664,NONCONFORMING,Wholesale,Refinance,255000.0,2025-07-17,55
82505666,NONCONFORMING,Wholesale,Refinance CashOut,386250.0,2025-06-26,34
82505669,NONCONFORMING,Wholesale,Purchase,620000.0,2025-06-25,33
82505671,CONFORMING,Wholesale,Purchase,674215.0,2025-06-18,26
82505672,FHA,Wholesale,Refinance,480600.0,2025-08-20,89
82505673,2ND,Wholesale,Refinance CashOut,150000.0,2025-06-16,24
82505674,CONFORMING,Wholesale,Purchase,441750.0,2025-06-23,31
82505676,VA,Wholesale,Purchase,320000.0,2025-11-13,174
82505641,NONCONFORMING,Wholesale,Purchase,200000.0,2025-06-24,33
82505642,NONCONFORMING,Wholesale,Refinance CashOut,297500.0,2025-07-01,40
82505645,NONCONFORMING,Wholesale,Purchase,700000.0,2025-07-22,60
82505647,CONFORMING,Wholesale,Purchase,416100.0,2025-06-27,28
82505654,NONCONFORMING,Wholesale,Purchase,542500.0,2025-07-31,69
82505655,NONCONFORMING,Wholesale,Purchase,792890.0,2025-06-12,20
82505656,NONCONFORMING,Wholesale,Refinance CashOut,385000.0,2025-09-02,102
82505699,NONCONFORMING,Wholesale,Refinance CashOut,465000.0,2025-08-04,69
82505700,NONCONFORMING,Wholesale,Purchase,577500.0,2025-07-02,36
62505701,CONFORMING,Retail,Refinance CashOut,268000.0,2025-06-30,32
82505702,CONFORMING,Wholesale,Purchase,693500.0,2025-06-27,31
82505703,CONFORMING,Wholesale,Purchase,382500.0,2025-06-16,20
82505706,NONCONFORMING,Wholesale,Purchase,247500.0,2025-06-17,21
82505707,CONFORMING,Wholesale,Purchase,723750.0,2025-06-17,21
82505708,NONCONFORMING,Wholesale,Purchase,573900.0,2025-07-02,36
82505677,NONCONFORMING,Wholesale,Refinance CashOut,674500.0,2025-07-17,55
82505682,NONCONFORMING,Wholesale,Purchase,369000.0,2025-07-16,51
82505685,NONCONFORMING,Wholesale,Purchase,3000000.0,2025-06-11,15
82505688,NONCONFORMING,Wholesale,Refinance CashOut,462000.0,2025-07-14,47
82505690,NONCONFORMING,Wholesale,Purchase,400000.0,2025-06-30,34
82505695,NONCONFORMING,Wholesale,Purchase,487500.0,2025-07-15,49
62505696,NONCONFORMING,Retail,Purchase,1411000.0,2025-06-12,16
82505710,NONCONFORMING,Wholesale,Purchase,272000.0,2025-06-23,27
82505711,2ND,Wholesale,Refinance CashOut,260000.0,2025-07-21,55
82505712,NONCONFORMING,Wholesale,Refinance CashOut,540000.0,2025-07-09,43
82505728,NONCONFORMING,Wholesale,Purchase,147000.0,2025-06-23,26
82505729,2ND,Wholesale,Refinance CashOut,250000.0,2025-07-09,42
82505731,NONCONFORMING,Wholesale,Purchase,717500.0,2025-06-20,23
82505733,NONCONFORMING,Wholesale,Purchase,284000.0,2025-06-27,30
82505734,NONCONFORMING,Wholesale,Refinance CashOut,165000.0,2025-08-01,65
82505736,FHA,Wholesale,Purchase,308703.0,2025-06-27,30
82505739,NONCONFORMING,Wholesale,Refinance,292000.0,2025-07-01,34
82505713,NONCONFORMING,Wholesale,Refinance,143500.0,2025-06-20,24
82504088,FHA,Wholesale,Purchase,466095.0,2025-05-15,22
82504090,NONCONFORMING,Wholesale,Refinance CashOut,104000.0,2025-05-08,34
82504097,NONCONFORMING,Wholesale,Purchase,792000.0,2025-04-21,17
82504099,NONCONFORMING,Wholesale,Refinance CashOut,712500.0,2025-04-29,25
82504101,NONCONFORMING,Wholesale,Refinance,1188000.0,2025-05-27,53
82504103,NONCONFORMING,Wholesale,Purchase,864000.0,2025-05-08,34
82504104,FHA,Wholesale,Purchase,916750.0,2025-04-30,26
82504116,NONCONFORMING,Wholesale,Purchase,860000.0,2025-04-28,24
82504118,NONCONFORMING,Wholesale,Purchase,399200.0,2025-05-02,28
82504135,FHA,Wholesale,Refinance CashOut,528000.0,2025-05-13,36
82504142,NONCONFORMING,Wholesale,Purchase,374000.0,2025-05-01,24
82504144,FHA,Wholesale,Refinance CashOut,535000.0,2025-05-02,25
82504147,NONCONFORMING,Wholesale,Purchase,635920.0,2025-05-28,51
82504125,NONCONFORMING,Wholesale,Purchase,680000.0,2025-04-24,18
82504128,NONCONFORMING,Wholesale,Refinance CashOut,491250.0,2025-05-05,28
82504129,NONCONFORMING,Wholesale,Refinance CashOut,296100.0,2025-05-14,37
82504131,NONCONFORMING,Wholesale,Refinance CashOut,2950000.0,2025-05-23,46
82504132,2ND,Wholesale,Refinance CashOut,125000.0,2025-06-11,65
82504153,NONCONFORMING,Wholesale,Purchase,475000.0,2025-04-21,14
82504154,2ND,Wholesale,Refinance CashOut,750000.0,2025-04-28,21
82504171,NONCONFORMING,Wholesale,Refinance,154000.0,2025-05-16,38
82504176,FHA BOND,Wholesale,Purchase,376350.0,2025-05-08,30
82504177,NONCONFORMING,Wholesale,Refinance CashOut,507000.0,2025-06-03,56
82504179,NONCONFORMING,Wholesale,Refinance CashOut,414500.0,2025-05-12,34
82504181,NONCONFORMING,Wholesale,Purchase,960000.0,2025-04-25,17
82504155,NONCONFORMING,Wholesale,Refinance,1670000.0,2025-05-07,30
82504157,NONCONFORMING,Wholesale,Purchase,368000.0,2025-05-08,31
82504166,NONCONFORMING,Wholesale,Purchase,372000.0,2025-04-30,22
62504187,NONCONFORMING,Retail,Purchase,250921.0,2025-05-07,29
82504200,CONFORMING,Wholesale,Purchase,709600.0,2025-04-21,13
82504202,NONCONFORMING,Wholesale,Refinance CashOut,800000.0,2025-05-01,23
82504204,FHA,Wholesale,Refinance CashOut,424200.0,2025-06-26,79
82504207,FHA,Wholesale,Purchase,345100.0,2025-05-14,35
82504210,NONCONFORMING,Wholesale,Purchase,800000.0,2025-05-09,30
82504216,2ND,Wholesale,Purchase,13650.0,2025-05-08,30
82504193,NONCONFORMING,Wholesale,Purchase,692000.0,2025-05-07,29
82504194,NONCONFORMING,Wholesale,Purchase,282600.0,2025-05-13,35
82504197,NONCONFORMING,Wholesale,Purchase,490000.0,2025-04-29,21
82504198,NONCONFORMING,Wholesale,Purchase,1350000.0,2025-05-05,27
82504199,NONCONFORMING,Wholesale,Purchase,690400.0,2025-05-02,24
82504219,FHA,Wholesale,Purchase,796125.0,2025-07-28,32
82504235,FHA,Wholesale,Purchase,289500.0,2025-05-14,35
82504236,NONCONFORMING,Wholesale,Purchase,336000.0,2025-04-25,16
82504237,2ND,Wholesale,Refinance CashOut,125000.0,2025-05-12,33
82504241,CONFORMING,Wholesale,Purchase,552900.0,2025-12-08,27
82504253,NONCONFORMING,Wholesale,Refinance CashOut,548000.0,2025-05-16,36
82504222,NONCONFORMING,Wholesale,Purchase,399500.0,2025-05-12,33
82504229,NONCONFORMING,Wholesale,Refinance,169000.0,2025-06-13,65
82504230,NONCONFORMING,Wholesale,Purchase,373600.0,2025-05-07,28
82504234,NONCONFORMING,Wholesale,Refinance CashOut,105000.0,2025-06-13,65
82504256,NONCONFORMING,Wholesale,Refinance CashOut,720300.0,2025-05-12,32
82504273,FHA,Wholesale,Purchase,517750.0,2025-06-06,18
82504276,2ND,Wholesale,Refinance CashOut,481076.0,2025-05-07,26
82504282,NONCONFORMING,Wholesale,Purchase,137900.0,2025-05-13,32
82504284,FHA,Wholesale,Purchase,303975.0,2025-05-13,32
82504285,2ND,Wholesale,Refinance CashOut,175000.0,2025-05-12,31
82504259,NONCONFORMING,Wholesale,Purchase,1440000.0,2025-05-05,25
82504261,NONCONFORMING,Wholesale,Refinance,219200.0,2025-05-12,32
82504262,NONCONFORMING,Wholesale,Purchase,304000.0,2025-05-01,21
82504268,2ND,Wholesale,Refinance CashOut,579375.0,2025-04-30,20
82511366,FHA,Wholesale,Purchase,,2025-12-10,23
82511367,NONCONFORMING,Wholesale,Purchase,,2025-12-11,24
82507345,ZERO INTEREST PROGRAM,Wholesale,Purchase,9520.0,2025-08-15,31
82507348,NONCONFORMING,Wholesale,Purchase,356250.0,2025-08-25,40
82507353,NONCONFORMING,Wholesale,Purchase,424000.0,2025-08-22,37
82507355,NONCONFORMING,Wholesale,Purchase,170000.0,2025-08-15,30
82507361,FHA,Wholesale,Purchase,469955.0,2025-08-07,22
82507364,NONCONFORMING,Wholesale,Refinance,570000.0,2025-09-10,56
82507365,NONCONFORMING,Wholesale,Purchase,250000.0,2025-08-08,23
82507366,FHA,Wholesale,Purchase,328100.0,2025-08-12,27
82507388,NONCONFORMING,Wholesale,Purchase,750331.0,2025-07-31,14
82507391,NONCONFORMING,Wholesale,Refinance CashOut,1087500.0,2025-09-24,69
82507392,FHA,Wholesale,Refinance CashOut,260000.0,2025-08-11,25
82507393,FHA,Wholesale,Purchase,419775.0,2025-08-05,19
82507394,NONCONFORMING,Wholesale,Refinance,164000.0,2025-08-28,42
82507395,NONCONFORMING,Wholesale,Purchase,612000.0,2025-08-14,28
82507397,NONCONFORMING,Wholesale,Purchase,735000.0,2025-08-06,20
82507401,2ND,Wholesale,Refinance CashOut,150000.0,2025-08-29,39
82507407,FHA,Wholesale,Purchase,270200.0,2025-08-11,24
82507412,CONVENTIONAL BOND STD MI,Wholesale,Purchase,505600.0,2025-08-08,21
82507415,NONCONFORMING,Wholesale,Purchase,325600.0,2025-08-08,21
82507417,NONCONFORMING,Wholesale,Refinance CashOut,353000.0,2025-09-26,70
82507418,FHA,Wholesale,Purchase,540292.0,2025-08-26,21
82507427,FHA,Wholesale,Purchase,964035.0,2025-08-19,29
82507429,NONCONFORMING,Wholesale,Purchase,216000.0,2025-08-08,18
82507436,NONCONFORMING,Wholesale,Refinance CashOut,2500000.0,2025-08-11,21
82507437,2ND,Wholesale,Refinance CashOut,350000.0,2025-08-21,31
82507439,NONCONFORMING,Wholesale,Refinance,1378000.0,2025-08-22,32
82507452,NONCONFORMING,Wholesale,Purchase,222600.0,2025-08-13,23
82507455,NONCONFORMING,Wholesale,Purchase,420000.0,2025-08-12,22
82507456,NONCONFORMING,Wholesale,Purchase,544000.0,2025-08-11,21
82507458,NONCONFORMING,Wholesale,Purchase,1100000.0,2025-08-14,24
82507442,CONFORMING,Wholesale,Purchase,576000.0,2025-08-07,17
82507443,2ND,Wholesale,Refinance CashOut,350000.0,2025-09-03,44
82507445,NONCONFORMING,Wholesale,Refinance CashOut,170250.0,2025-08-28,38
82507446,NONCONFORMING,Wholesale,Refinance CashOut,770000.0,2025-12-01,133
82507448,NONCONFORMING,Wholesale,Purchase,496000.0,2025-08-14,24
82507449,NONCONFORMING,Wholesale,Purchase,565250.0,2025-08-29,39
82507450,2ND,Wholesale,Refinance CashOut,150000.0,2025-08-06,16
82507462,2ND,Wholesale,Refinance CashOut,250000.0,2025-09-24,64
82507463,NONCONFORMING,Wholesale,Purchase,500000.0,2025-08-21,30
82507466,NONCONFORMING,Wholesale,Purchase,308000.0,2025-08-21,30
82507467,2ND,Wholesale,Refinance CashOut,450000.0,2025-08-25,34
82507469,NONCONFORMING,Wholesale,Refinance CashOut,1204000.0,2025-08-28,37
82507472,ZERO INTEREST PROGRAM,Wholesale,Purchase,126400.0,2025-08-08,21
82507483,NONCONFORMING,Wholesale,Purchase,297500.0,2025-08-15,24
82507485,FHA,Wholesale,Purchase,395650.0,2025-08-14,23
82507486,FHA BOND,Wholesale,Purchase,528820.0,2025-09-09,49
82507493,NONCONFORMING,Wholesale,Purchase,2100000.0,2025-08-25,34
82507503,NONCONFORMING,Wholesale,Refinance CashOut,249000.0,2025-08-25,33
82507504,ZERO INTEREST PROGRAM,Wholesale,Purchase,19180.0,2025-09-09,49
82507509,NONCONFORMING,Wholesale,Refinance CashOut,195000.0,2025-08-22,30
82507511,NONCONFORMING,Wholesale,Purchase,222000.0,2025-08-14,22
82507513,CONFORMING,Wholesale,Refinance CashOut,266000.0,2025-09-30,69
82507518,CONFORMING,Wholesale,Purchase,683050.0,2025-09-09,48
82507522,FHA BOND,Wholesale,Purchase,429425.0,2025-08-27,35
82507525,FHA,Wholesale,Purchase,328100.0,2025-09-03,42
82507526,CONFORMING,Wholesale,Purchase,841700.0,2025-08-26,34
82507527,FHA BOND,Wholesale,Purchase,468025.0,2025-09-05,21
82507528,NONCONFORMING,Wholesale,Purchase,1292000.0,2025-08-13,21
82507529,2ND,Wholesale,Purchase,16975.0,2025-09-05,21
82507534,2ND,Wholesale,Purchase,15575.0,2025-08-27,35
82507536,CONFORMING,Wholesale,Purchase,358900.0,2025-08-21,28
82507538,NONCONFORMING,Wholesale,Purchase,572000.0,2025-08-18,25
82507539,NONCONFORMING,Wholesale,Purchase,660000.0,2025-08-20,27
82507540,NONCONFORMING,Wholesale,Purchase,210000.0,2025-08-14,21
82507543,CONFORMING,Wholesale,Purchase,240000.0,2025-09-04,42
82507544,NONCONFORMING,Wholesale,Refinance CashOut,1345000.0,2025-08-25,32
82507545,FHA,Wholesale,Refinance,365585.0,2025-08-19,26
82507549,CONFORMING,Wholesale,Purchase,768000.0,2025-08-18,25
82507550,2ND,Wholesale,Refinance CashOut,180000.0,2025-08-25,32
82507551,NONCONFORMING,Wholesale,Purchase,345000.0,2025-08-18,25
82507557,NONCONFORMING,Wholesale,Purchase,248000.0,2025-08-29,35
82507558,CONFORMING,Wholesale,Purchase,337500.0,2025-08-29,25
82507562,NONCONFORMING,Wholesale,Purchase,360000.0,2025-08-27,33
82510695,2ND,Wholesale,Refinance CashOut,147000.0,2025-11-26,28
82510696,2ND,Wholesale,Refinance CashOut,500000.0,2025-11-24,26
82510699,NONCONFORMING,Wholesale,Purchase,336000.0,2025-11-26,28
82510707,2ND,Wholesale,Refinance CashOut,158000.0,2025-12-12,44
82510711,NONCONFORMING,Wholesale,Purchase,191920.0,2025-12-12,43
82510712,CONFORMING,Wholesale,Purchase,510000.0,2025-11-18,19
62510715,NONCONFORMING,Retail,Refinance CashOut,259000.0,2025-11-25,26
82510717,NONCONFORMING,Wholesale,Purchase,432000.0,2025-12-08,39
82510718,2ND,Wholesale,Refinance CashOut,126000.0,2025-11-24,25
82510719,NONCONFORMING,Wholesale,Refinance CashOut,686250.0,2025-11-24,25
82510720,NONCONFORMING,Wholesale,Refinance CashOut,418000.0,2025-11-18,19
82510721,NONCONFORMING,Wholesale,Refinance CashOut,1050000.0,2025-12-10,41
82510727,NONCONFORMING,Wholesale,Refinance,150000.0,2025-12-12,43
82510732,CONVENTIONAL BOND STD MI,Wholesale,Purchase,737200.0,2025-11-24,25
82510733,NONCONFORMING,Wholesale,Refinance CashOut,514500.0,2025-11-25,26
62504698,NONCONFORMING,Retail,Purchase,500000.0,2025-05-20,21
82504705,CONFORMING,Wholesale,Purchase,385614.0,2025-07-24,77
82504706,FHA,Wholesale,Purchase,747875.0,2025-06-03,35
82504708,FHA BOND,Wholesale,Purchase,376350.0,2025-05-28,29
82504709,FHA,Wholesale,Purchase,395650.0,2025-05-16,17
82504710,NONCONFORMING,Wholesale,Refinance CashOut,360000.0,2025-05-15,16
62504711,2ND,Retail,Refinance CashOut,250000.0,2025-05-22,23
82504712,CONFORMING,Wholesale,Refinance,570000.0,2025-07-01,63
82504713,ZERO INTEREST PROGRAM,Wholesale,Purchase,13650.0,2025-05-28,29
82505020,FHA,Wholesale,Purchase,646550.0,2025-07-11,28
82505031,NONCONFORMING,Wholesale,Purchase,716152.0,2025-05-15,14
82505032,2ND,Wholesale,Refinance CashOut,160000.0,2025-06-18,48
82505039,NONCONFORMING,Wholesale,Refinance CashOut,786500.0,2025-06-13,43
82505041,NONCONFORMING,Wholesale,Refinance CashOut,203000.0,2025-07-15,75
82505045,FHA,Wholesale,Purchase,303975.0,2025-05-27,26
62504749,NONCONFORMING,Retail,Refinance CashOut,619500.0,2025-09-29,152
82504750,NONCONFORMING,Wholesale,Purchase,317800.0,2025-05-23,23
62504753,CONFORMING,Retail,Purchase,476000.0,2025-05-23,22
82504756,NONCONFORMING,Wholesale,Purchase,200000.0,2025-05-28,28
82504759,2ND,Wholesale,Refinance CashOut,145000.0,2025-07-23,84
82504760,NONCONFORMING,Wholesale,Purchase,512000.0,2025-06-04,35
82505080,2ND,Wholesale,Refinance CashOut,360000.0,2025-05-27,25
82505085,2ND,Wholesale,Refinance CashOut,119000.0,2025-06-06,35
82505098,CONFORMING,Wholesale,Purchase,312000.0,2025-06-17,46
82505099,NONCONFORMING,Wholesale,Purchase,1000000.0,2025-05-23,21
82505100,NONCONFORMING,Wholesale,Purchase,120000.0,2025-05-30,28
82505101,NONCONFORMING,Wholesale,Refinance,605000.0,2025-06-30,59
82505050,FHA,Wholesale,Purchase,260550.0,2025-05-21,20
82505051,NONCONFORMING,Wholesale,Refinance,834200.0,2025-06-23,53
82505052,NONCONFORMING,Wholesale,Refinance,472000.0,2025-06-26,56
82505054,NONCONFORMING,Wholesale,Refinance CashOut,360500.0,2025-05-28,27
82505058,FHA,Wholesale,Other,503937.0,2025-05-20,19
82505059,NONCONFORMING,Wholesale,Purchase,333000.0,2025-05-29,28
82505064,NONCONFORMING,Wholesale,Purchase,472500.0,2025-05-21,20
82505071,2ND,Wholesale,Refinance CashOut,172900.0,2025-05-27,26
82505073,NONCONFORMING,Wholesale,Purchase,978750.0,2025-06-02,31
82505111,NONCONFORMING,Wholesale,Refinance,203200.0,2025-05-30,28
82505152,NONCONFORMING,Wholesale,Purchase,457500.0,2025-06-18,43
82505153,NONCONFORMING,Wholesale,Purchase,285000.0,2025-05-28,23
82505156,NONCONFORMING,Wholesale,Purchase,334000.0,2025-05-27,22
82505158,NONCONFORMING,Wholesale,Refinance CashOut,438750.0,2025-05-19,14
82505160,CONFORMING,Wholesale,Purchase,315875.0,2025-06-06,32
82505163,NONCONFORMING,Wholesale,Refinance CashOut,450000.0,2025-07-28,84
82505117,CONFORMING,Wholesale,Purchase,380000.0,2025-05-27,25
82505122,2ND,Wholesale,Refinance CashOut,160000.0,2025-05-29,26
82505123,FHA,Wholesale,Purchase,413985.0,2025-05-27,23
82505124,NONCONFORMING,Wholesale,Refinance CashOut,367500.0,2025-06-30,57
82505148,NONCONFORMING,Wholesale,Refinance CashOut,156000.0,2025-06-11,37
82505184,CONFORMING,Wholesale,Refinance,362000.0,2025-05-19,13
82505185,NONCONFORMING,Wholesale,Refinance,324500.0,2025-05-28,22
82505192,CONFORMING,Wholesale,Purchase,438000.0,2025-05-23,17
82505193,NONCONFORMING,Wholesale,Purchase,251900.0,2025-05-29,23
82505196,NONCONFORMING,Wholesale,Purchase,273750.0,2025-05-30,24
82505197,NONCONFORMING,Wholesale,Refinance CashOut,200000.0,2025-06-30,55
82505164,FHA,Wholesale,Purchase,861745.0,2025-05-29,24
82505167,FHA,Wholesale,Refinance CashOut,389000.0,2025-07-11,67
82505170,NONCONFORMING,Wholesale,Refinance,410000.0,2025-06-23,49
82505173,NONCONFORMING,Wholesale,Refinance,277500.0,2025-06-09,35
62505178,CONFORMING,Retail,Purchase,434900.0,2025-05-29,24
82505180,NONCONFORMING,Wholesale,Purchase,817500.0,2025-06-05,31
82505183,NONCONFORMING,Wholesale,Purchase,1330250.0,2025-05-29,21
82505224,NONCONFORMING,Wholesale,Purchase,701250.0,2025-06-16,40
82505225,2ND,Wholesale,Refinance CashOut,261728.0,2025-05-29,22
82505228,CONFORMING,Wholesale,Refinance CashOut,265000.0,2025-06-16,40
82505233,2ND,Wholesale,Refinance CashOut,238200.0,2025-06-30,54
82505234,NONCONFORMING,Wholesale,Refinance CashOut,318500.0,2025-07-10,64
82505235,NONCONFORMING,Wholesale,Purchase,1900000.0,2025-05-27,20
82505237,NONCONFORMING,Wholesale,Purchase,176000.0,2025-06-09,33
82505238,NONCONFORMING,Wholesale,Purchase,494400.0,2025-05-30,23
82505201,NONCONFORMING,Wholesale,Purchase,2160000.0,2025-06-06,31
82505204,2ND,Wholesale,Refinance CashOut,319873.0,2025-07-24,79
82505205,FHA,Wholesale,Purchase,294325.0,2025-05-30,24
82505208,FHA,Wholesale,Purchase,313625.0,2025-06-27,52
82505210,2ND,Wholesale,Refinance CashOut,186670.0,2025-07-15,70
82505212,NONCONFORMING,Wholesale,Purchase,284900.0,2025-06-09,34
82505217,NONCONFORMING,Wholesale,Purchase,480000.0,2025-05-30,23
82505221,2ND,Wholesale,Refinance CashOut,250000.0,2025-06-16,40
82505240,2ND,Wholesale,Refinance CashOut,215000.0,2025-06-10,34
82505259,FHA BOND,Wholesale,Purchase,588650.0,2025-10-07,32
82505261,2ND,Wholesale,Refinance CashOut,200000.0,2025-06-03,27
82505262,ZERO INTEREST PROGRAM,Wholesale,Purchase,21350.0,2025-10-07,32
82505266,NONCONFORMING,Wholesale,Purchase,1033500.0,2025-05-22,14
82505268,ZERO INTEREST PROGRAM,Wholesale,Purchase,5302.0,2025-05-28,20
82505271,NONCONFORMING,Wholesale,Purchase,512000.0,2025-06-03,26
82505272,NONCONFORMING,Wholesale,Purchase,544000.0,2025-06-03,26
82510734,CONFORMING,Wholesale,Purchase,595000.0,2025-12-17,48
82510735,2ND,Wholesale,Purchase,22800.0,2025-11-24,25
82510738,FHA BOND,Wholesale,Purchase,288535.0,2025-12-02,33
82510744,2ND,Wholesale,Refinance CashOut,380000.0,2025-12-04,34
82510746,NONCONFORMING,Wholesale,Refinance,652000.0,2025-12-05,35
82510748,CONFORMING,Wholesale,Purchase,475000.0,2025-12-10,22
82510753,ZERO INTEREST PROGRAM,Wholesale,Purchase,7339.0,2025-12-02,33
82510756,NONCONFORMING,Wholesale,Purchase,318500.0,2025-12-08,38
82510758,FHA,Wholesale,Purchase,239900.0,2025-11-28,28
82510761,NONCONFORMING,Wholesale,Purchase,945000.0,2025-11-19,19
82510764,NONCONFORMING,Wholesale,Purchase,629600.0,2025-11-17,17
82510765,ZERO INTEREST PROGRAM,Wholesale,Purchase,10465.0,2025-12-02,33
82510766,NONCONFORMING,Wholesale,Purchase,1280000.0,2025-11-17,17
82511000,NONCONFORMING,Wholesale,Refinance CashOut,250000.0,2025-12-26,54
82511001,NONCONFORMING,Wholesale,Refinance CashOut,514500.0,2025-11-25,23
82511002,NONCONFORMING,Wholesale,Purchase,279900.0,2025-11-17,14
82511003,NONCONFORMING,Wholesale,Purchase,295400.0,2025-12-17,44
82511004,NONCONFORMING,Wholesale,Refinance,397000.0,2025-11-25,22
82511005,NONCONFORMING,Wholesale,Purchase,249000.0,2025-11-19,16
82511006,NONCONFORMING,Wholesale,Purchase,800000.0,2025-12-12,39
82511031,2ND,Wholesale,Refinance CashOut,125000.0,2025-12-19,46
82511015,NONCONFORMING,Wholesale,Refinance,541000.0,2025-11-25,22
82511017,NONCONFORMING,Wholesale,Purchase,240000.0,2025-11-19,16
82511018,NONCONFORMING,Wholesale,Purchase,570000.0,2025-12-01,28
82511019,CONVENTIONAL BOND STD MI,Wholesale,Purchase,337600.0,2025-12-31,58
82511022,NONCONFORMING,Wholesale,Purchase,448000.0,2025-11-26,23
82511023,ZERO INTEREST PROGRAM,Wholesale,Purchase,84400.0,2025-12-31,58
82511024,NONCONFORMING,Wholesale,Refinance,379000.0,2025-12-08,35
82511027,FHA,Wholesale,Purchase,255725.0,2025-11-25,22
82511028,FHA BOND,Wholesale,Purchase,588650.0,2025-12-04,31
82511036,NONCONFORMING,Wholesale,Refinance CashOut,588000.0,2025-11-19,16
82511037,2ND,Wholesale,Refinance CashOut,331000.0,2025-12-02,29
82511038,VA,Wholesale,Purchase,498400.0,2025-12-03,30
82511039,ZERO INTEREST PROGRAM,Wholesale,Purchase,17659.0,2025-12-04,31
82511040,NONCONFORMING,Wholesale,Refinance CashOut,892000.0,2025-12-10,37
82511042,NONCONFORMING,Wholesale,Refinance CashOut,154000.0,2025-11-21,18
82511043,NONCONFORMING,Wholesale,Purchase,238000.0,2025-12-08,35
82511050,NONCONFORMING,Wholesale,Purchase,274875.0,2025-11-25,21
82511051,NONCONFORMING,Wholesale,Purchase,196000.0,2025-11-28,24
82511060,ZERO INTEREST PROGRAM,Wholesale,Purchase,21350.0,2025-12-04,31
82511061,CONFORMING,Wholesale,Purchase,250000.0,2025-12-05,31
82511065,FHA,Wholesale,Purchase,458375.0,2025-11-20,16
82511066,NONCONFORMING,Wholesale,Refinance CashOut,1350000.0,2025-12-15,41
82511070,NONCONFORMING,Wholesale,Purchase,190000.0,2025-11-25,20
82511072,CONFORMING,Wholesale,Purchase,335350.0,2025-11-24,20
82511073,CONFORMING,Wholesale,Purchase,320000.0,2025-12-23,49
82511076,NONCONFORMING,Wholesale,Refinance,1480000.0,2025-12-11,37
82511078,NONCONFORMING,Wholesale,Purchase,1137750.0,2025-12-31,57
82511083,NONCONFORMING,Wholesale,Purchase,1080000.0,2025-12-01,26
82511102,NONCONFORMING,Wholesale,Purchase,215820.0,2025-11-21,16
82511105,NONCONFORMING,Wholesale,Purchase,214020.0,2025-11-26,21
82511088,NONCONFORMING,Wholesale,Purchase,343935.0,2025-11-21,16
82511089,NONCONFORMING,Wholesale,Purchase,240000.0,2025-11-25,20
82511090,NONCONFORMING,Wholesale,Purchase,242000.0,2025-11-26,21
82511092,CONFORMING,Wholesale,Purchase,297500.0,2025-11-24,19
82511109,NONCONFORMING,Wholesale,Purchase,614250.0,2025-11-21,16
82511110,NONCONFORMING,Wholesale,Purchase,540000.0,2025-12-09,33
82511111,NONCONFORMING,Wholesale,Purchase,431200.0,2025-11-26,20
82511113,NONCONFORMING,Wholesale,Purchase,278000.0,2025-11-25,19
82511117,CONFORMING,Wholesale,Purchase,225000.0,2025-12-11,35
82511120,CONFORMING,Wholesale,Purchase,520000.0,2025-11-25,19
82511122,FHA,Wholesale,Purchase,379791.0,2025-11-25,12
82511124,NONCONFORMING,Wholesale,Refinance,700000.0,2025-12-26,50
82511127,NONCONFORMING,Wholesale,Purchase,1125000.0,2025-12-05,29
82511131,FHA,Wholesale,Purchase,430390.0,2025-12-04,28
82511135,NONCONFORMING,Wholesale,Purchase,416000.0,2025-12-09,33
82511136,CONVENTIONAL BOND STD MI,Wholesale,Purchase,698400.0,2025-11-25,19
82511138,CONFORMING,Wholesale,Purchase,655500.0,2025-12-05,29
82511133,NONCONFORMING,Wholesale,Purchase,336000.0,2025-11-25,19
82511134,NONCONFORMING,Wholesale,Refinance CashOut,620000.0,2025-12-08,32
82511139,NONCONFORMING,Wholesale,Purchase,875000.0,2025-12-01,25
62511140,2ND,Retail,Refinance CashOut,200000.0,2025-12-10,30
82511141,NONCONFORMING,Wholesale,Purchase,1180000.0,2025-12-05,28
82511142,NONCONFORMING,Wholesale,Purchase,604000.0,2025-12-21,44
82511145,FHA,Wholesale,Purchase,550050.0,2025-12-02,25
82511164,NONCONFORMING,Wholesale,Refinance CashOut,583000.0,2025-12-22,45
82511165,NONCONFORMING,Wholesale,Purchase,319200.0,2025-12-01,24
82511166,NONCONFORMING,Wholesale,Refinance,302000.0,2025-12-12,35
82511167,CONFORMING,Wholesale,Purchase,344000.0,2025-11-26,19
82511146,2ND,Wholesale,Purchase,21600.0,2025-11-25,19
82511147,NONCONFORMING,Wholesale,Refinance CashOut,450000.0,2025-12-04,27
82511151,NONCONFORMING,Wholesale,Purchase,585000.0,2025-12-05,28
82511157,VA,Wholesale,Purchase,443500.0,2025-11-24,17
82511163,NONCONFORMING,Wholesale,Refinance,875000.0,2025-12-17,40
82511171,NONCONFORMING,Wholesale,Purchase,371920.0,2025-12-29,49
82511175,NONCONFORMING,Wholesale,Refinance CashOut,597954.0,2025-11-25,15
82511176,2ND,Wholesale,Refinance CashOut,175000.0,2025-12-08,28
82511178,CONVENTIONAL BOND STD MI,Wholesale,Purchase,588000.0,2025-12-18,38
82511179,NONCONFORMING,Wholesale,Refinance CashOut,825000.0,2025-12-15,35
82511184,NONCONFORMING,Wholesale,Purchase,1074500.0,2025-12-17,37
82511187,NONCONFORMING,Wholesale,Purchase,912000.0,2025-12-01,21
82511189,2ND,Wholesale,Refinance CashOut,500000.0,2025-12-23,43
82511192,NONCONFORMING,Wholesale,Purchase,328975.0,2025-12-19,39
82511194,NONCONFORMING,Wholesale,Purchase,224000.0,2025-12-03,23
82511195,CONFORMING,Wholesale,Purchase,636000.0,2025-12-03,23
82511196,FHA,Wholesale,Purchase,781650.0,2025-12-31,51
82511200,ZERO INTEREST PROGRAM,Wholesale,Purchase,147000.0,2025-12-18,38
82511203,CONFORMING,Wholesale,Purchase,276450.0,2025-11-26,16
82511204,NONCONFORMING,Wholesale,Purchase,630000.0,2025-12-04,24
82511206,NONCONFORMING,Wholesale,Purchase,352000.0,2025-11-28,18
82511226,NONCONFORMING,Wholesale,Purchase,661500.0,2025-12-10,29
82511228,NONCONFORMING,Wholesale,Refinance,279000.0,2025-12-17,36
82511235,NONCONFORMING,Wholesale,Purchase,204000.0,2025-12-04,23
82511213,FHA,Wholesale,Purchase,540000.0,2025-12-08,27
82511214,NONCONFORMING,Wholesale,Refinance CashOut,800000.0,2025-12-03,22
82511217,NONCONFORMING,Wholesale,Refinance CashOut,840000.0,2025-12-29,48
82511237,NONCONFORMING,Wholesale,Refinance,560000.0,2025-12-12,31
82511239,CONFORMING,Wholesale,Purchase,451250.0,2025-12-30,49
82511248,NONCONFORMING,Wholesale,Purchase,220000.0,2025-12-05,23
82511252,FHA,Wholesale,Refinance CashOut,330000.0,2025-11-26,14
82511253,FHA BOND,Wholesale,Purchase,347400.0,2025-12-10,28
82511256,CONFORMING,Wholesale,Refinance,575800.0,2025-12-10,28
82511264,CONFORMING,Wholesale,Purchase,603250.0,2025-12-08,26
82511265,2ND,Wholesale,Purchase,12600.0,2025-12-10,28
82511270,NONCONFORMING,Wholesale,Purchase,404000.0,2025-12-18,36
82511273,NONCONFORMING,Wholesale,Purchase,697500.0,2025-12-04,22
82511262,NONCONFORMING,Wholesale,Refinance CashOut,315000.0,2025-12-09,27
82511279,NONCONFORMING,Wholesale,Refinance CashOut,247500.0,2025-12-09,27
62511282,2ND,Retail,Refinance CashOut,430000.0,2025-12-30,46
82511293,FHA,Wholesale,Purchase,1166685.0,2025-12-11,28
82511304,NONCONFORMING,Wholesale,Refinance CashOut,736000.0,2025-12-12,29
82511307,NONCONFORMING,Wholesale,Purchase,750000.0,2025-12-03,20
82511287,NONCONFORMING,Wholesale,Purchase,224000.0,2025-11-26,13
82511289,NONCONFORMING,Wholesale,Purchase,372000.0,2025-12-18,35
82511309,NONCONFORMING,Wholesale,Refinance CashOut,337500.0,2025-12-10,27
82511321,FHA,Wholesale,Refinance CashOut,580000.0,2025-12-15,31
82511323,NONCONFORMING,Wholesale,Purchase,376000.0,2025-12-19,35
82511325,FHA,Wholesale,Purchase,381175.0,2025-12-16,32
82511327,FHA BOND,Wholesale,Purchase,646550.0,2025-12-11,27
82511329,NONCONFORMING,Wholesale,Purchase,412000.0,2025-12-18,34
82511330,NONCONFORMING,Wholesale,Purchase,955500.0,2025-12-04,20
82511331,FHA,Wholesale,Purchase,366700.0,2025-12-09,25
82511333,2ND,Wholesale,Purchase,23450.0,2025-12-11,27
82511334,NONCONFORMING,Wholesale,Refinance CashOut,154000.0,2025-12-24,40
82511337,NONCONFORMING,Wholesale,Refinance CashOut,300000.0,2025-12-15,31
82511370,NONCONFORMING,Wholesale,Purchase,,2025-12-15,28
82511373,NONCONFORMING,Wholesale,Purchase,,2025-12-17,29
82510494,CONFORMING,Wholesale,Refinance CashOut,275000.0,2025-12-19,59
82510496,NONCONFORMING,Wholesale,Refinance CashOut,1275000.0,2025-11-24,34
82510497,NONCONFORMING,Wholesale,Purchase,1440000.0,2025-12-04,44
82510479,2ND,Wholesale,Refinance CashOut,231000.0,2025-11-17,27
82510480,2ND,Wholesale,Refinance CashOut,265000.0,2025-12-01,41
82510482,CONFORMING,Wholesale,Purchase,377150.0,2025-11-14,24
82510484,NONCONFORMING,Wholesale,Purchase,1040000.0,2025-11-17,27
82510485,FHA BOND,Wholesale,Purchase,786475.0,2025-12-04,44
82510486,NONCONFORMING,Wholesale,Purchase,700000.0,2025-11-12,22
82510489,2ND,Wholesale,Purchase,28525.0,2025-12-04,44
82510490,2ND,Wholesale,Refinance CashOut,200000.0,2025-11-21,31
82510491,NONCONFORMING,Wholesale,Refinance,1890000.0,2025-12-02,42
82510509,NONCONFORMING,Wholesale,Purchase,410000.0,2025-12-02,42
82510511,NONCONFORMING,Wholesale,Refinance CashOut,333750.0,2025-12-24,63
82510531,NONCONFORMING,Wholesale,Purchase,280000.0,2025-11-07,16
82510514,2ND,Wholesale,Refinance CashOut,300000.0,2025-12-10,49
82508095,NONCONFORMING,Wholesale,Refinance CashOut,300000.0,2025-11-06,93
82508098,CONFORMING,Wholesale,Purchase,362900.0,2025-09-16,42
82508099,FHA BOND,Wholesale,Purchase,330995.0,2025-09-05,31
82508100,NONCONFORMING,Wholesale,Purchase,240000.0,2025-08-29,24
82508102,NONCONFORMING,Wholesale,Purchase,255000.0,2025-08-21,16
82508106,2ND,Wholesale,Purchase,17150.0,2025-09-05,31
82508107,NONCONFORMING,Wholesale,Purchase,960000.0,2025-08-25,19
82508104,NONCONFORMING,Wholesale,Purchase,399500.0,2025-08-28,22
82508124,CONFORMING,Wholesale,Refinance,171000.0,2025-10-21,76
82508125,NONCONFORMING,Wholesale,Purchase,427500.0,2025-09-05,30
82508127,ZERO INTEREST PROGRAM,Wholesale,Purchase,19075.0,2025-09-23,49
82508128,CONFORMING,Wholesale,Purchase,320000.0,2025-08-27,21
82508136,FHA,Wholesale,Purchase,303975.0,2025-09-02,27
82508137,FHA,Wholesale,Purchase,651375.0,2025-08-26,20
82508139,NONCONFORMING,Wholesale,Refinance,825000.0,2025-09-11,36
82508143,NONCONFORMING,Wholesale,Purchase,532000.0,2025-08-25,19
82508119,NONCONFORMING,Wholesale,Purchase,880000.0,2025-08-25,19
82508144,2ND,Wholesale,Refinance CashOut,118939.0,2025-09-12,37
82508145,CONFORMING,Wholesale,Purchase,527250.0,2025-08-19,13
82508146,NONCONFORMING,Wholesale,Purchase,434400.0,2025-10-10,57
82508152,NONCONFORMING,Wholesale,Refinance,1180800.0,2025-09-08,32
82508153,NONCONFORMING,Wholesale,Purchase,273750.0,2025-08-18,11
82508154,NONCONFORMING,Wholesale,Purchase,400000.0,2025-09-05,29
82508155,NONCONFORMING,Wholesale,Refinance CashOut,196000.0,2025-09-22,46
82508157,2ND,Wholesale,Refinance CashOut,201000.0,2025-08-29,22
82508158,NONCONFORMING,Wholesale,Purchase,233750.0,2025-09-05,29
82508160,NONCONFORMING,Wholesale,Purchase,257600.0,2025-09-08,32
82508163,NONCONFORMING,Wholesale,Purchase,712500.0,2025-09-12,36
82508173,FHA,Wholesale,Purchase,627153.0,2025-09-03,27
82508171,NONCONFORMING,Wholesale,Purchase,315000.0,2025-09-03,27
82508172,NONCONFORMING,Wholesale,Purchase,1066750.0,2025-08-19,12
82508175,NONCONFORMING,Wholesale,Purchase,496000.0,2025-09-29,52
62508177,NONCONFORMING,Retail,Refinance CashOut,440000.0,2025-08-29,18
82508180,2ND,Wholesale,Refinance CashOut,300000.0,2025-09-23,46
82508181,NONCONFORMING,Wholesale,Purchase,697000.0,2025-09-12,35
82508183,FHA,Wholesale,Purchase,388000.0,2025-09-03,26
82508186,NONCONFORMING,Wholesale,Refinance CashOut,237600.0,2025-09-08,31
82508187,NONCONFORMING,Wholesale,Purchase,432000.0,2025-08-26,18
82508191,NONCONFORMING,Wholesale,Refinance,430000.0,2025-08-27,19
82508193,NONCONFORMING,Wholesale,Purchase,600000.0,2025-09-02,25
82508196,NONCONFORMING,Wholesale,Purchase,487500.0,2025-08-29,21
82508198,NONCONFORMING,Wholesale,Purchase,170625.0,2025-08-27,19
82508199,NONCONFORMING,Wholesale,Refinance CashOut,359100.0,2025-09-23,45
82508200,2ND,Wholesale,Refinance CashOut,150000.0,2025-09-15,37
82508209,NONCONFORMING,Wholesale,Refinance CashOut,400000.0,2025-11-03,84
82508211,NONCONFORMING,Wholesale,Purchase,1040000.0,2025-08-29,18
82508218,NONCONFORMING,Wholesale,Purchase,412500.0,2025-09-08,28
82511341,NONCONFORMING,Wholesale,Purchase,360000.0,2025-12-24,40
82511343,NONCONFORMING,Wholesale,Purchase,504000.0,2025-12-30,46
82511345,FHA,Wholesale,Purchase,1061500.0,2025-12-15,30
82511489,FHA,Wholesale,Purchase,,2025-12-23,32
82511499,FHA BOND,Wholesale,Purchase,,2025-12-18,24
82511500,NONCONFORMING,Wholesale,Purchase,,2025-12-18,24
82511502,NONCONFORMING,Wholesale,Purchase,,2025-12-22,28
82511506,ZERO INTEREST PROGRAM,Wholesale,Purchase,,2025-12-18,24
82511507,ZERO INTEREST PROGRAM,Wholesale,Purchase,,2025-12-18,24
82511508,NONCONFORMING,Wholesale,Purchase,,2025-12-18,24
82511510,2ND,Wholesale,Refinance CashOut,,2025-12-19,25
82511511,CONFORMING,Wholesale,Purchase,,2026-01-02,22
82511512,FHA,Wholesale,Purchase,,2025-12-23,29
82511515,NONCONFORMING,Wholesale,Purchase,,2025-12-10,16
82511523,2ND,Wholesale,Refinance CashOut,,2025-12-15,21
82511525,FHA,Wholesale,Purchase,,2026-01-06,43
